bloque_master_num,bloque_master_label,db_region,db_zona,db_bloque,par,punto_a_negro,punto_b_rojo,tipo,patogeno,enfermedades,variante_visual,requiere_diagonal,zona_sensible,cobertura_anatomica,vista_anatomica,fuente_principal,fuente_secundaria,estado,numero_asignado,archivo_propuesto,archivo_existente
1,CABEZA,Cabeza,Coronilla,Pineal,Pineal - Pineal,Pineal,Pineal,Disfunción,pineal,,Mismo punto simple (un marcador),no,no,Torso sin camisa OK · No genitales visibles · Ropa interior en zona pélvica si aparece,vista superior del cráneo (top-down) mostrando el techo de la cabeza,Tablas Holoacademia (Lavín) - Sección Cabeza,Manual Biomagnetismo Mod.2 - Cabeza/Cuello,⏳ PENDIENTE - GENERAR,107,107_Pineal_Pineal.png,
1,CABEZA,Cabeza,Coronilla,Pineal,Pineal - Bulbo,Pineal,Bulbo,Virus,,,Par normal (dos puntos distintos),no,no,Torso sin camisa OK · No genitales visibles · Ropa interior en zona pélvica si aparece,vista superior del cráneo (top-down) mostrando el techo de la cabeza,Tablas Holoacademia (Lavín) - Sección Cabeza,Manual Biomagnetismo Mod.2 - Cabeza/Cuello,⏳ PENDIENTE - GENERAR,108,108_Pineal_Bulbo.png,
1,CABEZA,Cabeza,Coronilla,Pineal,Pineal - Cerebelo,Pineal,Cerebelo,Especial/Disfunción,Espe cial,,Par normal (dos puntos distintos),no,no,Torso sin camisa OK · No genitales visibles · Ropa interior en zona pélvica si aparece,vista superior del cráneo (top-down) mostrando el techo de la cabeza,Tablas Holoacademia (Lavín) - Sección Cabeza,Manual Biomagnetismo Mod.2 - Cabeza/Cuello,⏳ PENDIENTE - GENERAR,109,109_Pineal_Cerebelo.png,
1,CABEZA,Cabeza,Coronilla,Pineal,Pineal - Próstata,Pineal,Próstata,,,,Par normal (dos puntos distintos),SÍ,SÍ,Licra negra ajustada + top negro si aplica · Sin desnudez · Estilo médico sobrio,vista superior del cráneo (top-down) mostrando el techo de la cabeza,Tablas Holoacademia (Lavín) - Sección Cabeza,Manual Biomagnetismo Mod.2 - Cabeza/Cuello,⏳ PENDIENTE - GENERAR,110,110_Pineal_Prostata.png,
1,CABEZA,Cabeza,Coronilla,Pineal,Pineal - Útero,Pineal,Útero,Emocional/Psicoemocional,,,Par normal (dos puntos distintos),SÍ,SÍ,Licra negra ajustada + top negro si aplica · Sin desnudez · Estilo médico sobrio,vista superior del cráneo (top-down) mostrando el techo de la cabeza,Tablas Holoacademia (Lavín) - Sección Cabeza,Manual Biomagnetismo Mod.2 - Cabeza/Cuello,⏳ PENDIENTE - GENERAR,111,111_Pineal_Utero.png,
1,CABEZA,Cabeza,Coronilla,Pineal,Pineal - Páncreas,Pineal,Páncreas,Emocional/Psicoemocional,,,Par normal (dos puntos distintos),SÍ,no,Torso sin camisa OK · No genitales visibles · Ropa interior en zona pélvica si aparece,vista superior del cráneo (top-down) mostrando el techo de la cabeza,Tablas Holoacademia (Lavín) - Sección Cabeza,Manual Biomagnetismo Mod.2 - Cabeza/Cuello,⏳ PENDIENTE - GENERAR,112,112_Pineal_Pancreas.png,
1,CABEZA,Cabeza,Coronilla,Pineal,Pineal - Hipotálamo,Pineal,Hipotálamo,,,,Par normal (dos puntos distintos),no,no,Torso sin camisa OK · No genitales visibles · Ropa interior en zona pélvica si aparece,vista superior del cráneo (top-down) mostrando el techo de la cabeza,Tablas Holoacademia (Lavín) - Sección Cabeza,Manual Biomagnetismo Mod.2 - Cabeza/Cuello,⏳ PENDIENTE - GENERAR,113,113_Pineal_Hipotalamo.png,
1,CABEZA,Cabeza,Coronilla,Pineal,Pineal - Tiroides,Pineal,Tiroides,Sin clasificar,,,Par normal (dos puntos distintos),no,no,Torso sin camisa OK · No genitales visibles · Ropa interior en zona pélvica si aparece,vista superior del cráneo (top-down) mostrando el techo de la cabeza,Tablas Holoacademia (Lavín) - Sección Cabeza,Manual Biomagnetismo Mod.2 - Cabeza/Cuello,⏳ PENDIENTE - GENERAR,114,114_Pineal_Tiroides.png,
1,CABEZA,Cabeza,Coronilla,Pineal,Bulbo Raquídeo - Pineal,Bulbo Raquídeo,Pineal,Virus,Guilli anBarré,,Par normal (dos puntos distintos),no,no,Torso sin camisa OK · No genitales visibles · Ropa interior en zona pélvica si aparece,vista superior del cráneo (top-down) mostrando el techo de la cabeza,Tablas Holoacademia (Lavín) - Sección Cabeza,Manual Biomagnetismo Mod.2 - Cabeza/Cuello,⏳ PENDIENTE - GENERAR,115,115_Bulbo_Raquideo_Pineal.png,
1,CABEZA,Cabeza,Coronilla,Pineal,Pineal - Bulbo Raquídeo,Pineal,Bulbo Raquídeo,Virus,Guilli anBarré,,Par normal (dos puntos distintos),no,no,Torso sin camisa OK · No genitales visibles · Ropa interior en zona pélvica si aparece,vista superior del cráneo (top-down) mostrando el techo de la cabeza,Tablas Holoacademia (Lavín) - Sección Cabeza,Manual Biomagnetismo Mod.2 - Cabeza/Cuello,⏳ PENDIENTE - GENERAR,116,116_Pineal_Bulbo_Raquideo.png,
1,CABEZA,Cabeza,Coronilla,Pineal,Pineal - Hipófisis,Pineal,Hipófisis,Especial/Disfunción,,,Par normal (dos puntos distintos),no,no,Torso sin camisa OK · No genitales visibles · Ropa interior en zona pélvica si aparece,vista superior del cráneo (top-down) mostrando el techo de la cabeza,Tablas Holoacademia (Lavín) - Sección Cabeza,Manual Biomagnetismo Mod.2 - Cabeza/Cuello,⏳ PENDIENTE - GENERAR,117,117_Pineal_Hipofisis.png,
1,CABEZA,Cabeza,Coronilla,Pineal,Pineal - Duodeno,Pineal,Duodeno,Especial/Disfunción,,,Par normal (dos puntos distintos),SÍ,no,Torso sin camisa OK · No genitales visibles · Ropa interior en zona pélvica si aparece,vista superior del cráneo (top-down) mostrando el techo de la cabeza,Tablas Holoacademia (Lavín) - Sección Cabeza,Manual Biomagnetismo Mod.2 - Cabeza/Cuello,⏳ PENDIENTE - GENERAR,118,118_Pineal_Duodeno.png,
1,CABEZA,Cabeza,Coronilla,Pineal,Pineal - Puente de Varolo,Pineal,Puente de Varolo,,,,Par normal (dos puntos distintos),no,no,Torso sin camisa OK · No genitales visibles · Ropa interior en zona pélvica si aparece,vista superior del cráneo (top-down) mostrando el techo de la cabeza,Tablas Holoacademia (Lavín) - Sección Cabeza,Manual Biomagnetismo Mod.2 - Cabeza/Cuello,⏳ PENDIENTE - GENERAR,119,119_Pineal_Puente_de_Varolo.png,
1,CABEZA,Cabeza,Coronilla,Pineal,Post Pineal - Post Pineal,Post Pineal,Post Pineal,,scaret,,Mismo punto simple (un marcador),no,no,Torso sin camisa OK · No genitales visibles · Ropa interior en zona pélvica si aparece,vista superior del cráneo (top-down) mostrando el techo de la cabeza,Tablas Holoacademia (Lavín) - Sección Cabeza,Manual Biomagnetismo Mod.2 - Cabeza/Cuello,⏳ PENDIENTE - GENERAR,120,120_Post_Pineal_Post_Pineal.png,
1,CABEZA,Cabeza,Coronilla,Pineal,Post Pineal - Bulbo Raquídeo,Post Pineal,Bulbo Raquídeo,Especial/Disfunción,,,Par normal (dos puntos distintos),no,no,Torso sin camisa OK · No genitales visibles · Ropa interior en zona pélvica si aparece,vista superior del cráneo (top-down) mostrando el techo de la cabeza,Tablas Holoacademia (Lavín) - Sección Cabeza,Manual Biomagnetismo Mod.2 - Cabeza/Cuello,⏳ PENDIENTE - GENERAR,121,121_Post_Pineal_Bulbo_Raquideo.png,
1,CABEZA,Cabeza,Coronilla,Pineal,Pineal - Empeine,Pineal,Empeine,,,,Par normal (dos puntos distintos),SÍ,no,Torso sin camisa OK · No genitales visibles · Ropa interior en zona pélvica si aparece,vista superior del cráneo (top-down) mostrando el techo de la cabeza,Tablas Holoacademia (Lavín) - Sección Cabeza,Manual Biomagnetismo Mod.2 - Cabeza/Cuello,⏳ PENDIENTE - GENERAR,122,122_Pineal_Empeine.png,
1,CABEZA,Cabeza,Coronilla,Pineal,Pineal - Mama,Pineal,Mama,,SARI TA,,Par normal (dos puntos distintos),no,no,Torso sin camisa OK · No genitales visibles · Ropa interior en zona pélvica si aparece,vista superior del cráneo (top-down) mostrando el techo de la cabeza,Tablas Holoacademia (Lavín) - Sección Cabeza,Manual Biomagnetismo Mod.2 - Cabeza/Cuello,⏳ PENDIENTE - GENERAR,123,123_Pineal_Mama.png,
1,CABEZA,Cabeza,Coronilla,Pineal,Pineal - Planta del Pie,Pineal,Planta del Pie,,,,Par normal (dos puntos distintos),no,no,Torso sin camisa OK · No genitales visibles · Ropa interior en zona pélvica si aparece,vista superior del cráneo (top-down) mostrando el techo de la cabeza,Tablas Holoacademia (Lavín) - Sección Cabeza,Manual Biomagnetismo Mod.2 - Cabeza/Cuello,⏳ PENDIENTE - GENERAR,124,124_Pineal_Planta_del_Pie.png,
1,CABEZA,Cabeza,Coronilla,Pineal,Pineal - Hígado,Pineal,Hígado,,,,Par normal (dos puntos distintos),SÍ,no,Torso sin camisa OK · No genitales visibles · Ropa interior en zona pélvica si aparece,vista superior del cráneo (top-down) mostrando el techo de la cabeza,Tablas Holoacademia (Lavín) - Sección Cabeza,Manual Biomagnetismo Mod.2 - Cabeza/Cuello,⏳ PENDIENTE - GENERAR,125,125_Pineal_Higado.png,
1,CABEZA,Cabeza,Coronilla,Pineal,Prepineal - Prepineal,Prepineal,Prepineal,Hongo,Cryptococus Neoformans,,Mismo punto simple (un marcador),no,no,Torso sin camisa OK · No genitales visibles · Ropa interior en zona pélvica si aparece,vista superior del cráneo (top-down) mostrando el techo de la cabeza,Tablas Holoacademia (Lavín) - Sección Cabeza,Manual Biomagnetismo Mod.2 - Cabeza/Cuello,⏳ PENDIENTE - GENERAR,126,126_Prepineal_Prepineal.png,
1,CABEZA,Cabeza,Coronilla,Pineal,Prepolo - Bulbo Raquídeo,Prepolo,Bulbo Raquídeo,,,,Par normal (dos puntos distintos),no,no,Torso sin camisa OK · No genitales visibles · Ropa interior en zona pélvica si aparece,vista superior del cráneo (top-down) mostrando el techo de la cabeza,Tablas Holoacademia (Lavín) - Sección Cabeza,Manual Biomagnetismo Mod.2 - Cabeza/Cuello,⏳ PENDIENTE - GENERAR,127,127_Prepolo_Bulbo_Raquideo.png,
1,CABEZA,Cabeza,Coronilla,Pineal,Prepolo - Antepolo,Prepolo,Antepolo,,,,Par normal (dos puntos distintos),no,no,Torso sin camisa OK · No genitales visibles · Ropa interior en zona pélvica si aparece,vista superior del cráneo (top-down) mostrando el techo de la cabeza,Tablas Holoacademia (Lavín) - Sección Cabeza,Manual Biomagnetismo Mod.2 - Cabeza/Cuello,⏳ PENDIENTE - GENERAR,128,128_Prepolo_Antepolo.png,
1,CABEZA,Cabeza,Coronilla,Pineal,Cuarto Ventrículo - Bulbo Raquídeo,Cuarto Ventrículo,Bulbo Raquídeo,Especial/Disfunción,,,Par normal (dos puntos distintos),no,no,Torso sin camisa OK · No genitales visibles · Ropa interior en zona pélvica si aparece,vista superior del cráneo (top-down) mostrando el techo de la cabeza,Tablas Holoacademia (Lavín) - Sección Cabeza,Manual Biomagnetismo Mod.2 - Cabeza/Cuello,⏳ PENDIENTE - GENERAR,129,129_Cuarto_Ventriculo_Bulbo_Raquideo.png,
1,CABEZA,Cabeza,Coronilla,Pineal,Gen - Pineal,Gen,Pineal,Sin clasificar,,,Par normal (dos puntos distintos),no,no,Torso sin camisa OK · No genitales visibles · Ropa interior en zona pélvica si aparece,vista superior del cráneo (top-down) mostrando el techo de la cabeza,Tablas Holoacademia (Lavín) - Sección Cabeza,Manual Biomagnetismo Mod.2 - Cabeza/Cuello,⏳ PENDIENTE - GENERAR,130,130_Gen_Pineal.png,
1,CABEZA,Cabeza,Coronilla,Pineal,Pineal - Suprarrenal,Pineal,Suprarrenal,Virus,RNA,,Par normal (dos puntos distintos),SÍ,no,Torso sin camisa OK · No genitales visibles · Ropa interior en zona pélvica si aparece,vista superior del cráneo (top-down) mostrando el techo de la cabeza,Tablas Holoacademia (Lavín) - Sección Cabeza,Manual Biomagnetismo Mod.2 - Cabeza/Cuello,⏳ PENDIENTE - GENERAR,131,131_Pineal_Suprarrenal.png,
1,CABEZA,Cabeza,Coronilla,Pineal,Pineal - Temporal IZQ,Pineal,Temporal IZQ,,,,Par normal (dos puntos distintos),no,no,Torso sin camisa OK · No genitales visibles · Ropa interior en zona pélvica si aparece,vista superior del cráneo (top-down) mostrando el techo de la cabeza,Tablas Holoacademia (Lavín) - Sección Cabeza,Manual Biomagnetismo Mod.2 - Cabeza/Cuello,⏳ PENDIENTE - GENERAR,132,132_Pineal_Temporal_IZQ.png,
1,CABEZA,Cabeza,Coronilla,Pineal,Plexo Cervical Derecho - Bulbo Raquídeo,Plexo Cervical Derecho,Bulbo Raquídeo,Bacteria,Serratia Fonticola,,Par normal (dos puntos distintos),no,no,Torso sin camisa OK · No genitales visibles · Ropa interior en zona pélvica si aparece,vista superior del cráneo (top-down) mostrando el techo de la cabeza,Tablas Holoacademia (Lavín) - Sección Cabeza,Manual Biomagnetismo Mod.2 - Cabeza/Cuello,⏳ PENDIENTE - GENERAR,133,133_Plexo_Cervical_Derecho_Bulbo_Raquideo.png,
1,CABEZA,Cabeza,Coronilla,Pineal,Prepineal - Bulbo Raquídeo,Prepineal,Bulbo Raquídeo,Especial/Disfunción,,,Par normal (dos puntos distintos),no,no,Torso sin camisa OK · No genitales visibles · Ropa interior en zona pélvica si aparece,vista superior del cráneo (top-down) mostrando el techo de la cabeza,Tablas Holoacademia (Lavín) - Sección Cabeza,Manual Biomagnetismo Mod.2 - Cabeza/Cuello,⏳ PENDIENTE - GENERAR,134,134_Prepineal_Bulbo_Raquideo.png,
1,CABEZA,Cabeza,Coronilla,Pineal,Rodilla - Pineal,Rodilla,Pineal,Sin clasificar,,,Par normal (dos puntos distintos),no,no,Torso sin camisa OK · No genitales visibles · Ropa interior en zona pélvica si aparece,vista superior del cráneo (top-down) mostrando el techo de la cabeza,Tablas Holoacademia (Lavín) - Sección Cabeza,Manual Biomagnetismo Mod.2 - Cabeza/Cuello,⏳ PENDIENTE - GENERAR,135,135_Rodilla_Pineal.png,
1,CABEZA,Cabeza,Coronilla,Pineal,Bulbo Raquídeo - Bulbo Raquídeo,Bulbo Raquídeo,Bulbo Raquídeo,Disfunción,,,Mismo punto simple (un marcador),no,no,Torso sin camisa OK · No genitales visibles · Ropa interior en zona pélvica si aparece,vista superior del cráneo (top-down) mostrando el techo de la cabeza,Tablas Holoacademia (Lavín) - Sección Cabeza,Manual Biomagnetismo Mod.2 - Cabeza/Cuello,⏳ PENDIENTE - GENERAR,136,136_Bulbo_Raquideo_Bulbo_Raquideo.png,
1,CABEZA,Cabeza,Coronilla,Pineal,Mama - Mama,Mama,Mama,Disfunción,,,Mismo punto simple (un marcador),no,no,Torso sin camisa OK · No genitales visibles · Ropa interior en zona pélvica si aparece,vista superior del cráneo (top-down) mostrando el techo de la cabeza,Tablas Holoacademia (Lavín) - Sección Cabeza,Manual Biomagnetismo Mod.2 - Cabeza/Cuello,⏳ PENDIENTE - GENERAR,137,137_Mama_Mama.png,
1,CABEZA,Cabeza,Coronilla,Corona,Prepineal - Vejiga,Prepineal,Vejiga,Hongo,Criptocococus,,Par normal (dos puntos distintos),SÍ,no,Torso sin camisa OK · No genitales visibles · Ropa interior en zona pélvica si aparece,vista superior del cráneo (top-down) mostrando el techo de la cabeza,Tablas Holoacademia (Lavín) - Sección Cabeza,Manual Biomagnetismo Mod.2 - Cabeza/Cuello,⏳ PENDIENTE - GENERAR,138,138_Prepineal_Vejiga.png,
1,CABEZA,Cabeza,Coronilla,Corona,Postpineal - Postpineal,Postpineal,Postpineal,Emocional/Psicoemocional,,,Mismo punto simple (un marcador),no,no,Torso sin camisa OK · No genitales visibles · Ropa interior en zona pélvica si aparece,vista superior del cráneo (top-down) mostrando el techo de la cabeza,Tablas Holoacademia (Lavín) - Sección Cabeza,Manual Biomagnetismo Mod.2 - Cabeza/Cuello,⏳ PENDIENTE - GENERAR,139,139_Postpineal_Postpineal.png,
1,CABEZA,Cabeza,Coronilla,Corona,Núcleos Basales - Hipófisis,Núcleos Basales,Hipófisis,,,,Par normal (dos puntos distintos),no,no,Torso sin camisa OK · No genitales visibles · Ropa interior en zona pélvica si aparece,vista superior del cráneo (top-down) mostrando el techo de la cabeza,Tablas Holoacademia (Lavín) - Sección Cabeza,Manual Biomagnetismo Mod.2 - Cabeza/Cuello,⏳ PENDIENTE - GENERAR,140,140_Nucleos_Basales_Hipofisis.png,
1,CABEZA,Cabeza,Coronilla,Corona,Núcleos Basales - Bulbo,Núcleos Basales,Bulbo,,,,Par normal (dos puntos distintos),no,no,Torso sin camisa OK · No genitales visibles · Ropa interior en zona pélvica si aparece,vista superior del cráneo (top-down) mostrando el techo de la cabeza,Tablas Holoacademia (Lavín) - Sección Cabeza,Manual Biomagnetismo Mod.2 - Cabeza/Cuello,⏳ PENDIENTE - GENERAR,141,141_Nucleos_Basales_Bulbo.png,
1,CABEZA,Cabeza,Coronilla,Corona,Corona - Hipófisis,Corona,Hipófisis,Emocional/Psicoemocional,,,Par normal (dos puntos distintos),no,no,Torso sin camisa OK · No genitales visibles · Ropa interior en zona pélvica si aparece,vista superior del cráneo (top-down) mostrando el techo de la cabeza,Tablas Holoacademia (Lavín) - Sección Cabeza,Manual Biomagnetismo Mod.2 - Cabeza/Cuello,⏳ PENDIENTE - GENERAR,142,142_Corona_Hipofisis.png,
1,CABEZA,Cabeza,Coronilla,Corona,Corona Hipófisis - Depresión,Corona Hipófisis,Depresión,,,,Par normal (dos puntos distintos),no,no,Torso sin camisa OK · No genitales visibles · Ropa interior en zona pélvica si aparece,vista superior del cráneo (top-down) mostrando el techo de la cabeza,Tablas Holoacademia (Lavín) - Sección Cabeza,Manual Biomagnetismo Mod.2 - Cabeza/Cuello,⏳ PENDIENTE - GENERAR,143,143_Corona_Hipofisis_Depresion.png,
1,CABEZA,Cabeza,Coronilla,Callosidad,Cuerpo Calloso - Cuerpo Calloso,Cuerpo Calloso,Cuerpo Calloso,Emocional/Psicoemocional,Espe cial,,Mismo punto simple (un marcador),no,no,Torso sin camisa OK · No genitales visibles · Ropa interior en zona pélvica si aparece,vista superior del cráneo (top-down) mostrando el techo de la cabeza,Tablas Holoacademia (Lavín) - Sección Cabeza,Manual Biomagnetismo Mod.2 - Cabeza/Cuello,✅ TIENE FICHA APROBADA,31,031_Cuerpo_Calloso_Cuerpo_Calloso.png,031_Cuerpo_Calloso_Cuerpo_Calloso.png
1,CABEZA,Cabeza,Coronilla,Callosidad,Borde Calloso DER - Borde Calloso DER,Borde Calloso DER,Borde Calloso DER,,,,Bilateral real (derecho/izquierdo),no,no,Torso sin camisa OK · No genitales visibles · Ropa interior en zona pélvica si aparece,vista superior del cráneo (top-down) mostrando el techo de la cabeza,Tablas Holoacademia (Lavín) - Sección Cabeza,Manual Biomagnetismo Mod.2 - Cabeza/Cuello,⏳ PENDIENTE - GENERAR,144,144_Borde_Calloso_DER_Borde_Calloso_DER.png,
1,CABEZA,Cabeza,Coronilla,Callosidad,Borde Calloso IZQ - Borde Calloso IZQ,Borde Calloso IZQ,Borde Calloso IZQ,,,,Bilateral real (derecho/izquierdo),no,no,Torso sin camisa OK · No genitales visibles · Ropa interior en zona pélvica si aparece,vista superior del cráneo (top-down) mostrando el techo de la cabeza,Tablas Holoacademia (Lavín) - Sección Cabeza,Manual Biomagnetismo Mod.2 - Cabeza/Cuello,⏳ PENDIENTE - GENERAR,145,145_Borde_Calloso_IZQ_Borde_Calloso_IZQ.png,
1,CABEZA,Cabeza,Coronilla,Callosidad,Cisura Media - Cisura Media,Cisura Media,Cisura Media,Emocional/Psicoemocional,Rueda,,Mismo punto simple (un marcador),no,no,Torso sin camisa OK · No genitales visibles · Ropa interior en zona pélvica si aparece,vista superior del cráneo (top-down) mostrando el techo de la cabeza,Tablas Holoacademia (Lavín) - Sección Cabeza,Manual Biomagnetismo Mod.2 - Cabeza/Cuello,⏳ PENDIENTE - GENERAR,146,146_Cisura_Media_Cisura_Media.png,
1,CABEZA,Cabeza,Coronilla,Callosidad,Capitis - Capitis,Capitis,Capitis,Hongo,Tiña delcuero cabelludo,,Mismo punto simple (un marcador),no,no,Torso sin camisa OK · No genitales visibles · Ropa interior en zona pélvica si aparece,vista superior del cráneo (top-down) mostrando el techo de la cabeza,Tablas Holoacademia (Lavín) - Sección Cabeza,Manual Biomagnetismo Mod.2 - Cabeza/Cuello,⏳ PENDIENTE - GENERAR,147,147_Capitis_Capitis.png,
1,CABEZA,Cabeza,Coronilla,Callosidad,Cisura Lambda - Cisura Lambda,Cisura Lambda,Cisura Lambda,Reservorio,DE VIRUS GENERALES,,Mismo punto simple (un marcador),no,no,Torso sin camisa OK · No genitales visibles · Ropa interior en zona pélvica si aparece,vista superior del cráneo (top-down) mostrando el techo de la cabeza,Tablas Holoacademia (Lavín) - Sección Cabeza,Manual Biomagnetismo Mod.2 - Cabeza/Cuello,⏳ PENDIENTE - GENERAR,148,148_Cisura_Lambda_Cisura_Lambda.png,
1,CABEZA,Cabeza,Coronilla,Callosidad,Cisura Silvio - Cisura Silvio,Cisura Silvio,Cisura Silvio,Emocional/Psicoemocional,Sor,,Mismo punto simple (un marcador),no,no,Torso sin camisa OK · No genitales visibles · Ropa interior en zona pélvica si aparece,vista superior del cráneo (top-down) mostrando el techo de la cabeza,Tablas Holoacademia (Lavín) - Sección Cabeza,Manual Biomagnetismo Mod.2 - Cabeza/Cuello,⏳ PENDIENTE - GENERAR,149,149_Cisura_Silvio_Cisura_Silvio.png,
1,CABEZA,Cabeza,Coronilla,Callosidad,Cuerpo Calloso Derecho - Cerebelo,Cuerpo Calloso Derecho,Cerebelo,Sin clasificar,,,Par normal (dos puntos distintos),no,no,Torso sin camisa OK · No genitales visibles · Ropa interior en zona pélvica si aparece,vista superior del cráneo (top-down) mostrando el techo de la cabeza,Tablas Holoacademia (Lavín) - Sección Cabeza,Manual Biomagnetismo Mod.2 - Cabeza/Cuello,⏳ PENDIENTE - GENERAR,150,150_Cuerpo_Calloso_Derecho_Cerebelo.png,
1,CABEZA,Cabeza,Coronilla,Callosidad,Borde Calloso DER - Borde Calloso IZQ,Borde Calloso DER,Borde Calloso IZQ,,,,Bilateral real (derecho/izquierdo),no,no,Torso sin camisa OK · No genitales visibles · Ropa interior en zona pélvica si aparece,vista superior del cráneo (top-down) mostrando el techo de la cabeza,Tablas Holoacademia (Lavín) - Sección Cabeza,Manual Biomagnetismo Mod.2 - Cabeza/Cuello,⏳ PENDIENTE - GENERAR,151,151_Borde_Calloso_DER_Borde_Calloso_IZQ.png,
1,CABEZA,Cabeza,Coronilla,Parietal,Parietal - Parietal,Parietal,Parietal,Virus,Encefalitis,,Mismo punto simple (un marcador),no,no,Torso sin camisa OK · No genitales visibles · Ropa interior en zona pélvica si aparece,vista superior del cráneo (top-down) mostrando el techo de la cabeza,Tablas Holoacademia (Lavín) - Sección Cabeza,Manual Biomagnetismo Mod.2 - Cabeza/Cuello,✅ TIENE FICHA APROBADA,58,058_Parietal_Parietal.png,058_Parietal_Parietal.png
1,CABEZA,Cabeza,Coronilla,Parietal,Parietal - Bulbo,Parietal,Bulbo,,,,Par normal (dos puntos distintos),no,no,Torso sin camisa OK · No genitales visibles · Ropa interior en zona pélvica si aparece,vista superior del cráneo (top-down) mostrando el techo de la cabeza,Tablas Holoacademia (Lavín) - Sección Cabeza,Manual Biomagnetismo Mod.2 - Cabeza/Cuello,⏳ PENDIENTE - GENERAR,152,152_Parietal_Bulbo.png,
1,CABEZA,Cabeza,Coronilla,Parietal,Parietal (RAS) - Riñón CONTLAT,Parietal (RAS),Riñón CONTLAT,,,,Par normal (dos puntos distintos),SÍ,no,Torso sin camisa OK · No genitales visibles · Ropa interior en zona pélvica si aparece,vista superior del cráneo (top-down) mostrando el techo de la cabeza,Tablas Holoacademia (Lavín) - Sección Cabeza,Manual Biomagnetismo Mod.2 - Cabeza/Cuello,⏳ PENDIENTE - GENERAR,153,153_Parietal_RAS_Rinon_CONTLAT.png,
1,CABEZA,Cabeza,Coronilla,Parietal,Parietal IZQ - Colon Transverso,Parietal IZQ,Colon Transverso,Parásito,Enta moe ba Histo litica,,Par normal (dos puntos distintos),SÍ,no,Torso sin camisa OK · No genitales visibles · Ropa interior en zona pélvica si aparece,vista superior del cráneo (top-down) mostrando el techo de la cabeza,Tablas Holoacademia (Lavín) - Sección Cabeza,Manual Biomagnetismo Mod.2 - Cabeza/Cuello,⏳ PENDIENTE - GENERAR,154,154_Parietal_IZQ_Colon_Transverso.png,
1,CABEZA,Cabeza,Coronilla,Parietal,Cerebro RAS - Riñón RAS,Cerebro RAS,Riñón RAS,,,,Par normal (dos puntos distintos),no,no,Torso sin camisa OK · No genitales visibles · Ropa interior en zona pélvica si aparece,vista superior del cráneo (top-down) mostrando el techo de la cabeza,Tablas Holoacademia (Lavín) - Sección Cabeza,Manual Biomagnetismo Mod.2 - Cabeza/Cuello,⏳ PENDIENTE - GENERAR,155,155_Cerebro_RAS_Rinon_RAS.png,
1,CABEZA,Cabeza,Coronilla,Parietal,Parietal - Riñón Contralateral,Parietal,Riñón Contralateral,Especial/Disfunción,Espe cial Goiz,,Par normal (dos puntos distintos),SÍ,no,Torso sin camisa OK · No genitales visibles · Ropa interior en zona pélvica si aparece,vista superior del cráneo (top-down) mostrando el techo de la cabeza,Tablas Holoacademia (Lavín) - Sección Cabeza,Manual Biomagnetismo Mod.2 - Cabeza/Cuello,⏳ PENDIENTE - GENERAR,156,156_Parietal_Rinon_Contralateral.png,
1,CABEZA,Cabeza,Coronilla,Parietal,Parietal Derecho Posterior - Parietal Derecho Posterior,Parietal Derecho Posterior,Parietal Derecho Posterior,,,,Bilateral real (derecho/izquierdo),no,no,Torso sin camisa OK · No genitales visibles · Ropa interior en zona pélvica si aparece,vista superior del cráneo (top-down) mostrando el techo de la cabeza,Tablas Holoacademia (Lavín) - Sección Cabeza,Manual Biomagnetismo Mod.2 - Cabeza/Cuello,⏳ PENDIENTE - GENERAR,157,157_Parietal_Derecho_Posterior_Parietal_Derecho_Posterior.png,
1,CABEZA,Cabeza,Coronilla,Parietal,Parietales - Colon Transverso,Parietales,Colon Transverso,Parásito,Entamoeba Histolytica,,Par normal (dos puntos distintos),SÍ,no,Torso sin camisa OK · No genitales visibles · Ropa interior en zona pélvica si aparece,vista superior del cráneo (top-down) mostrando el techo de la cabeza,Tablas Holoacademia (Lavín) - Sección Cabeza,Manual Biomagnetismo Mod.2 - Cabeza/Cuello,⏳ PENDIENTE - GENERAR,158,158_Parietales_Colon_Transverso.png,
1,CABEZA,Cabeza,Coronilla,Parietal,Tallo Parietal - Cerebelo,Tallo Parietal,Cerebelo,,,,Par normal (dos puntos distintos),no,no,Torso sin camisa OK · No genitales visibles · Ropa interior en zona pélvica si aparece,vista superior del cráneo (top-down) mostrando el techo de la cabeza,Tablas Holoacademia (Lavín) - Sección Cabeza,Manual Biomagnetismo Mod.2 - Cabeza/Cuello,⏳ PENDIENTE - GENERAR,159,159_Tallo_Parietal_Cerebelo.png,
1,CABEZA,Cabeza,Coronilla,Parietal,Parietal (RAS) - Riñón,Parietal (RAS),Riñón,Parásito,Plasmodium,,Par normal (dos puntos distintos),SÍ,no,Torso sin camisa OK · No genitales visibles · Ropa interior en zona pélvica si aparece,vista superior del cráneo (top-down) mostrando el techo de la cabeza,Tablas Holoacademia (Lavín) - Sección Cabeza,Manual Biomagnetismo Mod.2 - Cabeza/Cuello,⏳ PENDIENTE - GENERAR,160,160_Parietal_RAS_Rinon.png,
1,CABEZA,Cabeza,Coronilla,Parietal,Tallo Parietal - Tallo Parietal,Tallo Parietal,Tallo Parietal,Emocional/Psicoemocional,,,Mismo punto simple (un marcador),no,no,Torso sin camisa OK · No genitales visibles · Ropa interior en zona pélvica si aparece,vista superior del cráneo (top-down) mostrando el techo de la cabeza,Tablas Holoacademia (Lavín) - Sección Cabeza,Manual Biomagnetismo Mod.2 - Cabeza/Cuello,⏳ PENDIENTE - GENERAR,161,161_Tallo_Parietal_Tallo_Parietal.png,
1,CABEZA,Cabeza,Coronilla,Cerebro,Amígdala Cerebral - Amígdala Cerebral,Amígdala Cerebral,Amígdala Cerebral,,,,Mismo punto simple (un marcador),no,no,Torso sin camisa OK · No genitales visibles · Ropa interior en zona pélvica si aparece,vista superior del cráneo (top-down) mostrando el techo de la cabeza,Tablas Holoacademia (Lavín) - Sección Cabeza,Manual Biomagnetismo Mod.2 - Cabeza/Cuello,⏳ PENDIENTE - GENERAR,162,162_Amigdala_Cerebral_Amigdala_Cerebral.png,
1,CABEZA,Cabeza,Coronilla,Cerebro,Cerebro - Riñón Mismo Lado,Cerebro,Riñón Mismo Lado,Sin clasificar,,,Par normal (dos puntos distintos),no,no,Torso sin camisa OK · No genitales visibles · Ropa interior en zona pélvica si aparece,vista superior del cráneo (top-down) mostrando el techo de la cabeza,Tablas Holoacademia (Lavín) - Sección Cabeza,Manual Biomagnetismo Mod.2 - Cabeza/Cuello,⏳ PENDIENTE - GENERAR,163,163_Cerebro_Rinon_Mismo_Lado.png,
1,CABEZA,Cabeza,Coronilla,Cerebro,Tálamo - Hipófisis,Tálamo,Hipófisis,,,,Par normal (dos puntos distintos),no,no,Torso sin camisa OK · No genitales visibles · Ropa interior en zona pélvica si aparece,vista superior del cráneo (top-down) mostrando el techo de la cabeza,Tablas Holoacademia (Lavín) - Sección Cabeza,Manual Biomagnetismo Mod.2 - Cabeza/Cuello,⏳ PENDIENTE - GENERAR,164,164_Talamo_Hipofisis.png,
1,CABEZA,Cabeza,Coronilla,Cerebro,Tálamo - Corteza,Tálamo,Corteza,,,,Par normal (dos puntos distintos),no,no,Torso sin camisa OK · No genitales visibles · Ropa interior en zona pélvica si aparece,vista superior del cráneo (top-down) mostrando el techo de la cabeza,Tablas Holoacademia (Lavín) - Sección Cabeza,Manual Biomagnetismo Mod.2 - Cabeza/Cuello,⏳ PENDIENTE - GENERAR,165,165_Talamo_Corteza.png,
1,CABEZA,Cabeza,Coronilla,Cerebro,Tálamo - Amígdala,Tálamo,Amígdala,,,,Par normal (dos puntos distintos),no,no,Torso sin camisa OK · No genitales visibles · Ropa interior en zona pélvica si aparece,vista superior del cráneo (top-down) mostrando el techo de la cabeza,Tablas Holoacademia (Lavín) - Sección Cabeza,Manual Biomagnetismo Mod.2 - Cabeza/Cuello,⏳ PENDIENTE - GENERAR,166,166_Talamo_Amigdala.png,
1,CABEZA,Cabeza,Coronilla,Cerebro,Hipocampo - Hipocampo,Hipocampo,Hipocampo,Especial/Disfunción,,,Mismo punto simple (un marcador),no,no,Torso sin camisa OK · No genitales visibles · Ropa interior en zona pélvica si aparece,vista superior del cráneo (top-down) mostrando el techo de la cabeza,Tablas Holoacademia (Lavín) - Sección Cabeza,Manual Biomagnetismo Mod.2 - Cabeza/Cuello,⏳ PENDIENTE - GENERAR,167,167_Hipocampo_Hipocampo.png,
1,CABEZA,Cabeza,Coronilla,Cerebro,Lunar - Riñón Mismo Lado,Lunar,Riñón Mismo Lado,Virus,Virus Porroedores,,Par normal (dos puntos distintos),no,no,Torso sin camisa OK · No genitales visibles · Ropa interior en zona pélvica si aparece,vista superior del cráneo (top-down) mostrando el techo de la cabeza,Tablas Holoacademia (Lavín) - Sección Cabeza,Manual Biomagnetismo Mod.2 - Cabeza/Cuello,⏳ PENDIENTE - GENERAR,168,168_Lunar_Rinon_Mismo_Lado.png,
1,CABEZA,Cabeza,Coronilla,Cerebro,Articulación dolorosa - Riñón Mismo Lado,Articulación dolorosa,Riñón Mismo Lado,Disfunción,,,Par normal (dos puntos distintos),no,no,Torso sin camisa OK · No genitales visibles · Ropa interior en zona pélvica si aparece,vista superior del cráneo (top-down) mostrando el techo de la cabeza,Tablas Holoacademia (Lavín) - Sección Cabeza,Manual Biomagnetismo Mod.2 - Cabeza/Cuello,⏳ PENDIENTE - GENERAR,169,169_Articulacion_dolorosa_Rinon_Mismo_Lado.png,
1,CABEZA,Cabeza,Posterior,Bulbo,Bulbo - Bulbo,Bulbo,Bulbo,Especial/Disfunción,Espe cial,,Mismo punto simple (un marcador),no,no,Torso sin camisa OK · No genitales visibles · Ropa interior en zona pélvica si aparece,vista posterior del cráneo (nuca) desde atrás,Tablas Holoacademia (Lavín) - Sección Cabeza,Manual Biomagnetismo Mod.2 - Cabeza/Cuello,⏳ PENDIENTE - GENERAR,170,170_Bulbo_Bulbo.png,
1,CABEZA,Cabeza,Posterior,Bulbo,Bulbo - Cerebelo,Bulbo,Cerebelo,Complejo,Newcastle,,Par normal (dos puntos distintos),no,no,Torso sin camisa OK · No genitales visibles · Ropa interior en zona pélvica si aparece,vista posterior del cráneo (nuca) desde atrás,Tablas Holoacademia (Lavín) - Sección Cabeza,Manual Biomagnetismo Mod.2 - Cabeza/Cuello,⏳ PENDIENTE - GENERAR,171,171_Bulbo_Cerebelo.png,
1,CABEZA,Cabeza,Posterior,Bulbo,Bulbo - Tiroides,Bulbo,Tiroides,Virus,Meni ngiti s. Meni ngoc occu s,,Par normal (dos puntos distintos),no,no,Torso sin camisa OK · No genitales visibles · Ropa interior en zona pélvica si aparece,vista posterior del cráneo (nuca) desde atrás,Tablas Holoacademia (Lavín) - Sección Cabeza,Manual Biomagnetismo Mod.2 - Cabeza/Cuello,⏳ PENDIENTE - GENERAR,172,172_Bulbo_Tiroides.png,
1,CABEZA,Cabeza,Posterior,Bulbo,Bulbo - Corazón,Bulbo,Corazón,,,,Par normal (dos puntos distintos),SÍ,no,Torso sin camisa OK · No genitales visibles · Ropa interior en zona pélvica si aparece,vista posterior del cráneo (nuca) desde atrás,Tablas Holoacademia (Lavín) - Sección Cabeza,Manual Biomagnetismo Mod.2 - Cabeza/Cuello,⏳ PENDIENTE - GENERAR,173,173_Bulbo_Corazon.png,
1,CABEZA,Cabeza,Posterior,Bulbo,Bulbo - Vejiga,Bulbo,Vejiga,Virus,Dengue,,Par normal (dos puntos distintos),SÍ,no,Torso sin camisa OK · No genitales visibles · Ropa interior en zona pélvica si aparece,vista posterior del cráneo (nuca) desde atrás,Tablas Holoacademia (Lavín) - Sección Cabeza,Manual Biomagnetismo Mod.2 - Cabeza/Cuello,⏳ PENDIENTE - GENERAR,174,174_Bulbo_Vejiga.png,
1,CABEZA,Cabeza,Posterior,Bulbo,Cuarto Ventrículo - Bulbo,Cuarto Ventrículo,Bulbo,,,,Par normal (dos puntos distintos),no,no,Torso sin camisa OK · No genitales visibles · Ropa interior en zona pélvica si aparece,vista posterior del cráneo (nuca) desde atrás,Tablas Holoacademia (Lavín) - Sección Cabeza,Manual Biomagnetismo Mod.2 - Cabeza/Cuello,⏳ PENDIENTE - GENERAR,175,175_Cuarto_Ventriculo_Bulbo.png,
1,CABEZA,Cabeza,Posterior,Bulbo,Tallo Cerebral - Tallo Cerebral,Tallo Cerebral,Tallo Cerebral,,,,Mismo punto simple (un marcador),no,no,Torso sin camisa OK · No genitales visibles · Ropa interior en zona pélvica si aparece,vista posterior del cráneo (nuca) desde atrás,Tablas Holoacademia (Lavín) - Sección Cabeza,Manual Biomagnetismo Mod.2 - Cabeza/Cuello,⏳ PENDIENTE - GENERAR,176,176_Tallo_Cerebral_Tallo_Cerebral.png,
1,CABEZA,Cabeza,Posterior,Bulbo,Mastoides - Bulbo,Mastoides,Bulbo,Hongo,VIRUS QUESOPORTA,,Par normal (dos puntos distintos),no,no,Torso sin camisa OK · No genitales visibles · Ropa interior en zona pélvica si aparece,vista posterior del cráneo (nuca) desde atrás,Tablas Holoacademia (Lavín) - Sección Cabeza,Manual Biomagnetismo Mod.2 - Cabeza/Cuello,⏳ PENDIENTE - GENERAR,177,177_Mastoides_Bulbo.png,
1,CABEZA,Cabeza,Posterior,Bulbo,Post Pineal - Bulbo,Post Pineal,Bulbo,Sin clasificar,QUIT O,,Par normal (dos puntos distintos),no,no,Torso sin camisa OK · No genitales visibles · Ropa interior en zona pélvica si aparece,vista posterior del cráneo (nuca) desde atrás,Tablas Holoacademia (Lavín) - Sección Cabeza,Manual Biomagnetismo Mod.2 - Cabeza/Cuello,⏳ PENDIENTE - GENERAR,178,178_Post_Pineal_Bulbo.png,
1,CABEZA,Cabeza,Posterior,Bulbo,Suprarrenal - Bulbo,Suprarrenal,Bulbo,Virus,Adenovirus,,Par normal (dos puntos distintos),SÍ,no,Torso sin camisa OK · No genitales visibles · Ropa interior en zona pélvica si aparece,vista posterior del cráneo (nuca) desde atrás,Tablas Holoacademia (Lavín) - Sección Cabeza,Manual Biomagnetismo Mod.2 - Cabeza/Cuello,⏳ PENDIENTE - GENERAR,179,179_Suprarrenal_Bulbo.png,
1,CABEZA,Cabeza,Posterior,Occipital,Occipital - Occipital,Occipital,Occipital,Virus,Epst ein- Barr. ( Mon onuc leosi s) Herp es 8,,Mismo punto simple (un marcador),no,no,Torso sin camisa OK · No genitales visibles · Ropa interior en zona pélvica si aparece,vista posterior del cráneo (nuca) desde atrás,Tablas Holoacademia (Lavín) - Sección Cabeza,Manual Biomagnetismo Mod.2 - Cabeza/Cuello,⏳ PENDIENTE - GENERAR,180,180_Occipital_Occipital.png,
1,CABEZA,Cabeza,Posterior,Occipital,Occipital - Parótida IZQ,Occipital,Parótida IZQ,,,,Par normal (dos puntos distintos),no,no,Torso sin camisa OK · No genitales visibles · Ropa interior en zona pélvica si aparece,vista posterior del cráneo (nuca) desde atrás,Tablas Holoacademia (Lavín) - Sección Cabeza,Manual Biomagnetismo Mod.2 - Cabeza/Cuello,✅ TIENE FICHA APROBADA,45,045_Occipital_Parotida_izquierda.png,045_Occipital_Parotida_izquierda.png
1,CABEZA,Cabeza,Posterior,Occipital,Occipital - Timo,Occipital,Timo,Emocional/Psicoemocional,,,Par normal (dos puntos distintos),SÍ,no,Torso sin camisa OK · No genitales visibles · Ropa interior en zona pélvica si aparece,vista posterior del cráneo (nuca) desde atrás,Tablas Holoacademia (Lavín) - Sección Cabeza,Manual Biomagnetismo Mod.2 - Cabeza/Cuello,⏳ PENDIENTE - GENERAR,181,181_Occipital_Timo.png,
1,CABEZA,Cabeza,Posterior,Occipital,Occipital - Testículo RAS,Occipital,Testículo RAS,,,,Par normal (dos puntos distintos),SÍ,SÍ,Licra negra ajustada + top negro si aplica · Sin desnudez · Estilo médico sobrio,vista posterior del cráneo (nuca) desde atrás,Tablas Holoacademia (Lavín) - Sección Cabeza,Manual Biomagnetismo Mod.2 - Cabeza/Cuello,⏳ PENDIENTE - GENERAR,182,182_Occipital_Testiculo_RAS.png,
1,CABEZA,Cabeza,Posterior,Occipital,Occipital - Vagina,Occipital,Vagina,,,,Par normal (dos puntos distintos),SÍ,SÍ,Licra negra ajustada + top negro si aplica · Sin desnudez · Estilo médico sobrio,vista posterior del cráneo (nuca) desde atrás,Tablas Holoacademia (Lavín) - Sección Cabeza,Manual Biomagnetismo Mod.2 - Cabeza/Cuello,⏳ PENDIENTE - GENERAR,183,183_Occipital_Vagina.png,
1,CABEZA,Cabeza,Posterior,Occipital,Occipital - Riñón,Occipital,Riñón,,,,Par normal (dos puntos distintos),SÍ,no,Torso sin camisa OK · No genitales visibles · Ropa interior en zona pélvica si aparece,vista posterior del cráneo (nuca) desde atrás,Tablas Holoacademia (Lavín) - Sección Cabeza,Manual Biomagnetismo Mod.2 - Cabeza/Cuello,⏳ PENDIENTE - GENERAR,184,184_Occipital_Rinon.png,
1,CABEZA,Cabeza,Posterior,Occipital,Occipital - Testículo,Occipital,Testículo,,,,Par normal (dos puntos distintos),SÍ,SÍ,Licra negra ajustada + top negro si aplica · Sin desnudez · Estilo médico sobrio,vista posterior del cráneo (nuca) desde atrás,Tablas Holoacademia (Lavín) - Sección Cabeza,Manual Biomagnetismo Mod.2 - Cabeza/Cuello,⏳ PENDIENTE - GENERAR,185,185_Occipital_Testiculo.png,
1,CABEZA,Cabeza,Posterior,Occipital,Base de Cráneo - Base de Cráneo,Base de Cráneo,Base de Cráneo,,,,Mismo punto simple (un marcador),no,no,Torso sin camisa OK · No genitales visibles · Ropa interior en zona pélvica si aparece,vista posterior del cráneo (nuca) desde atrás,Tablas Holoacademia (Lavín) - Sección Cabeza,Manual Biomagnetismo Mod.2 - Cabeza/Cuello,⏳ PENDIENTE - GENERAR,186,186_Base_de_Craneo_Base_de_Craneo.png,
1,CABEZA,Cabeza,Posterior,Occipital,Cisura Temporooccipital - Cisura Temporooccipital,Cisura Temporooccipital,Cisura Temporooccipital,,,,Mismo punto simple (un marcador),no,no,Torso sin camisa OK · No genitales visibles · Ropa interior en zona pélvica si aparece,vista posterior del cráneo (nuca) desde atrás,Tablas Holoacademia (Lavín) - Sección Cabeza,Manual Biomagnetismo Mod.2 - Cabeza/Cuello,⏳ PENDIENTE - GENERAR,187,187_Cisura_Temporooccipital_Cisura_Temporooccipital.png,
1,CABEZA,Cabeza,Posterior,Occipital,Occipital - Testículo IZQ,Occipital,Testículo IZQ,,,,Par normal (dos puntos distintos),SÍ,SÍ,Licra negra ajustada + top negro si aplica · Sin desnudez · Estilo médico sobrio,vista posterior del cráneo (nuca) desde atrás,Tablas Holoacademia (Lavín) - Sección Cabeza,Manual Biomagnetismo Mod.2 - Cabeza/Cuello,⏳ PENDIENTE - GENERAR,188,188_Occipital_Testiculo_IZQ.png,
1,CABEZA,Cabeza,Posterior,Occipital,Cerebelo RAS - Riñón RAS,Cerebelo RAS,Riñón RAS,,,,Par normal (dos puntos distintos),SÍ,no,Torso sin camisa OK · No genitales visibles · Ropa interior en zona pélvica si aparece,vista posterior del cráneo (nuca) desde atrás,Tablas Holoacademia (Lavín) - Sección Cabeza,Manual Biomagnetismo Mod.2 - Cabeza/Cuello,⏳ PENDIENTE - GENERAR,189,189_Cerebelo_RAS_Rinon_RAS.png,
1,CABEZA,Cabeza,Posterior,Occipital,Parietal - Occipital,Parietal,Occipital,Especial/Disfunción,Espe cial,,Par normal (dos puntos distintos),no,no,Torso sin camisa OK · No genitales visibles · Ropa interior en zona pélvica si aparece,vista posterior del cráneo (nuca) desde atrás,Tablas Holoacademia (Lavín) - Sección Cabeza,Manual Biomagnetismo Mod.2 - Cabeza/Cuello,⏳ PENDIENTE - GENERAR,190,190_Parietal_Occipital.png,
1,CABEZA,Cabeza,Posterior,Cerebelo,Cerebelo - Cerebelo,Cerebelo,Cerebelo,Especial/Disfunción,Chap ingo,,Mismo punto simple (un marcador),no,no,Torso sin camisa OK · No genitales visibles · Ropa interior en zona pélvica si aparece,vista posterior del cráneo (nuca) desde atrás,Tablas Holoacademia (Lavín) - Sección Cabeza,Manual Biomagnetismo Mod.2 - Cabeza/Cuello,⏳ PENDIENTE - GENERAR,191,191_Cerebelo_Cerebelo.png,
1,CABEZA,Cabeza,Posterior,Cerebelo,Cerebelo - Bulbo,Cerebelo,Bulbo,Complejo,Newcastle,,Par normal (dos puntos distintos),no,no,Torso sin camisa OK · No genitales visibles · Ropa interior en zona pélvica si aparece,vista posterior del cráneo (nuca) desde atrás,Tablas Holoacademia (Lavín) - Sección Cabeza,Manual Biomagnetismo Mod.2 - Cabeza/Cuello,⏳ PENDIENTE - GENERAR,192,192_Cerebelo_Bulbo.png,
1,CABEZA,Cabeza,Posterior,Cerebelo,Cerebelo - Sacro,Cerebelo,Sacro,,,,Par normal (dos puntos distintos),SÍ,SÍ,Licra negra ajustada + top negro si aplica · Sin desnudez · Estilo médico sobrio,vista posterior del cráneo (nuca) desde atrás,Tablas Holoacademia (Lavín) - Sección Cabeza,Manual Biomagnetismo Mod.2 - Cabeza/Cuello,⏳ PENDIENTE - GENERAR,193,193_Cerebelo_Sacro.png,
1,CABEZA,Cabeza,Posterior,Cerebelo,Cisura de Silvio - Cisura de Silvio,Cisura de Silvio,Cisura de Silvio,,,,Mismo punto simple (un marcador),no,no,Torso sin camisa OK · No genitales visibles · Ropa interior en zona pélvica si aparece,vista posterior del cráneo (nuca) desde atrás,Tablas Holoacademia (Lavín) - Sección Cabeza,Manual Biomagnetismo Mod.2 - Cabeza/Cuello,⏳ PENDIENTE - GENERAR,194,194_Cisura_de_Silvio_Cisura_de_Silvio.png,
1,CABEZA,Cabeza,Posterior,Cerebelo,Cerebelo - Arriba del Bulbo Raquídeo,Cerebelo,Arriba del Bulbo Raquídeo,,,,Par normal (dos puntos distintos),no,no,Torso sin camisa OK · No genitales visibles · Ropa interior en zona pélvica si aparece,vista posterior del cráneo (nuca) desde atrás,Tablas Holoacademia (Lavín) - Sección Cabeza,Manual Biomagnetismo Mod.2 - Cabeza/Cuello,⏳ PENDIENTE - GENERAR,195,195_Cerebelo_Arriba_del_Bulbo_Raquideo.png,
1,CABEZA,Cabeza,Posterior,Cerebelo,Articulación Temporooccipital - Temporooccipital,Articulación Temporooccipital,Temporooccipital,,,,Par normal (dos puntos distintos),no,no,Torso sin camisa OK · No genitales visibles · Ropa interior en zona pélvica si aparece,vista posterior del cráneo (nuca) desde atrás,Tablas Holoacademia (Lavín) - Sección Cabeza,Manual Biomagnetismo Mod.2 - Cabeza/Cuello,⏳ PENDIENTE - GENERAR,196,196_Articulacion_Temporooccipital_Temporooccipital.png,
1,CABEZA,Cabeza,Posterior,Cerebelo,Bulbo Raquídeo - Cerebelo,Bulbo Raquídeo,Cerebelo,Virus,Newcastle,,Par normal (dos puntos distintos),no,no,Torso sin camisa OK · No genitales visibles · Ropa interior en zona pélvica si aparece,vista posterior del cráneo (nuca) desde atrás,Tablas Holoacademia (Lavín) - Sección Cabeza,Manual Biomagnetismo Mod.2 - Cabeza/Cuello,⏳ PENDIENTE - GENERAR,197,197_Bulbo_Raquideo_Cerebelo.png,
1,CABEZA,Cabeza,Posterior,Cerebelo,Bulbo Raquídeo - Cerebelo Conducta,Bulbo Raquídeo,Cerebelo Conducta,Emocional/Psicoemocional,,,Par normal (dos puntos distintos),no,no,Torso sin camisa OK · No genitales visibles · Ropa interior en zona pélvica si aparece,vista posterior del cráneo (nuca) desde atrás,Tablas Holoacademia (Lavín) - Sección Cabeza,Manual Biomagnetismo Mod.2 - Cabeza/Cuello,⏳ PENDIENTE - GENERAR,198,198_Bulbo_Raquideo_Cerebelo_Conducta.png,
1,CABEZA,Cabeza,Posterior,Cerebelo,Cerebelo - Cola de Caballo,Cerebelo,Cola de Caballo,Emocional/Psicoemocional,,,Par normal (dos puntos distintos),no,no,Torso sin camisa OK · No genitales visibles · Ropa interior en zona pélvica si aparece,vista posterior del cráneo (nuca) desde atrás,Tablas Holoacademia (Lavín) - Sección Cabeza,Manual Biomagnetismo Mod.2 - Cabeza/Cuello,⏳ PENDIENTE - GENERAR,199,199_Cerebelo_Cola_de_Caballo.png,
1,CABEZA,Cabeza,Posterior,Cerebelo,Cerebelo - Hipófisis,Cerebelo,Hipófisis,Especial/Disfunción,,,Par normal (dos puntos distintos),no,no,Torso sin camisa OK · No genitales visibles · Ropa interior en zona pélvica si aparece,vista posterior del cráneo (nuca) desde atrás,Tablas Holoacademia (Lavín) - Sección Cabeza,Manual Biomagnetismo Mod.2 - Cabeza/Cuello,⏳ PENDIENTE - GENERAR,200,200_Cerebelo_Hipofisis.png,
1,CABEZA,Cabeza,Posterior,Cerebelo,Cerebelo - Piso Orbital,Cerebelo,Piso Orbital,Emocional/Psicoemocional,,,Par normal (dos puntos distintos),no,no,Torso sin camisa OK · No genitales visibles · Ropa interior en zona pélvica si aparece,vista posterior del cráneo (nuca) desde atrás,Tablas Holoacademia (Lavín) - Sección Cabeza,Manual Biomagnetismo Mod.2 - Cabeza/Cuello,✅ TIENE FICHA APROBADA,17,017_Cerebelo_Piso_orbital.png,017_Cerebelo_Piso_orbital.png
1,CABEZA,Cabeza,Posterior,Cerebelo,Cerebelo - Riñón,Cerebelo,Riñón,Especial/Disfunción,Espe cial,,Par normal (dos puntos distintos),SÍ,no,Torso sin camisa OK · No genitales visibles · Ropa interior en zona pélvica si aparece,vista posterior del cráneo (nuca) desde atrás,Tablas Holoacademia (Lavín) - Sección Cabeza,Manual Biomagnetismo Mod.2 - Cabeza/Cuello,⏳ PENDIENTE - GENERAR,201,201_Cerebelo_Rinon.png,
1,CABEZA,Cabeza,Posterior,Cerebelo,Cerebelo - Supraespinoso,Cerebelo,Supraespinoso,Bacteria,Neisseria catarralis,,Par normal (dos puntos distintos),SÍ,no,Torso sin camisa OK · No genitales visibles · Ropa interior en zona pélvica si aparece,vista posterior del cráneo (nuca) desde atrás,Tablas Holoacademia (Lavín) - Sección Cabeza,Manual Biomagnetismo Mod.2 - Cabeza/Cuello,⏳ PENDIENTE - GENERAR,202,202_Cerebelo_Supraespinoso.png,
1,CABEZA,Cabeza,Posterior,Cerebelo,Cerebelo - Yeyuno,Cerebelo,Yeyuno,Especial/Disfunción,,,Par normal (dos puntos distintos),SÍ,no,Torso sin camisa OK · No genitales visibles · Ropa interior en zona pélvica si aparece,vista posterior del cráneo (nuca) desde atrás,Tablas Holoacademia (Lavín) - Sección Cabeza,Manual Biomagnetismo Mod.2 - Cabeza/Cuello,⏳ PENDIENTE - GENERAR,203,203_Cerebelo_Yeyuno.png,
1,CABEZA,Cabeza,Posterior,Cerebelo,Cerebelo - Bulbo Raquídeo Newcastle,Cerebelo,Bulbo Raquídeo Newcastle,,,,Par normal (dos puntos distintos),no,no,Torso sin camisa OK · No genitales visibles · Ropa interior en zona pélvica si aparece,vista posterior del cráneo (nuca) desde atrás,Tablas Holoacademia (Lavín) - Sección Cabeza,Manual Biomagnetismo Mod.2 - Cabeza/Cuello,⏳ PENDIENTE - GENERAR,204,204_Cerebelo_Bulbo_Raquideo_Newcastle.png,
1,CABEZA,Cabeza,Posterior,Cerebelo,Cerebelo Izquierdo - Cerebelo Izquierdo,Cerebelo Izquierdo,Cerebelo Izquierdo,Disfunción,,,Bilateral real (derecho/izquierdo),no,no,Torso sin camisa OK · No genitales visibles · Ropa interior en zona pélvica si aparece,vista posterior del cráneo (nuca) desde atrás,Tablas Holoacademia (Lavín) - Sección Cabeza,Manual Biomagnetismo Mod.2 - Cabeza/Cuello,⏳ PENDIENTE - GENERAR,205,205_Cerebelo_Izquierdo_Cerebelo_Izquierdo.png,
1,CABEZA,Cabeza,Posterior,Cerebelo,Cerebelo - Tiroides,Cerebelo,Tiroides,,,,Par normal (dos puntos distintos),no,no,Torso sin camisa OK · No genitales visibles · Ropa interior en zona pélvica si aparece,vista posterior del cráneo (nuca) desde atrás,Tablas Holoacademia (Lavín) - Sección Cabeza,Manual Biomagnetismo Mod.2 - Cabeza/Cuello,⏳ PENDIENTE - GENERAR,206,206_Cerebelo_Tiroides.png,
1,CABEZA,Cabeza,Posterior,Cerebelo,Cerebelo - Corazón,Cerebelo,Corazón,,,,Par normal (dos puntos distintos),SÍ,no,Torso sin camisa OK · No genitales visibles · Ropa interior en zona pélvica si aparece,vista posterior del cráneo (nuca) desde atrás,Tablas Holoacademia (Lavín) - Sección Cabeza,Manual Biomagnetismo Mod.2 - Cabeza/Cuello,⏳ PENDIENTE - GENERAR,207,207_Cerebelo_Corazon.png,
1,CABEZA,Cabeza,Posterior,Cerebelo,Cola de Caballo - Cola de Caballo,Cola de Caballo,Cola de Caballo,Virus,Herp es,,Mismo punto simple (un marcador),no,no,Torso sin camisa OK · No genitales visibles · Ropa interior en zona pélvica si aparece,vista posterior del cráneo (nuca) desde atrás,Tablas Holoacademia (Lavín) - Sección Cabeza,Manual Biomagnetismo Mod.2 - Cabeza/Cuello,⏳ PENDIENTE - GENERAR,208,208_Cola_de_Caballo_Cola_de_Caballo.png,
1,CABEZA,Cabeza,Posterior,Cerebelo,OJOS - Cerebelo,OJOS,Cerebelo,Especial/Disfunción,,,Par normal (dos puntos distintos),no,no,Torso sin camisa OK · No genitales visibles · Ropa interior en zona pélvica si aparece,vista posterior del cráneo (nuca) desde atrás,Tablas Holoacademia (Lavín) - Sección Cabeza,Manual Biomagnetismo Mod.2 - Cabeza/Cuello,⏳ PENDIENTE - GENERAR,209,209_OJOS_Cerebelo.png,
1,CABEZA,Cabeza,Posterior,Cerebelo,Post Pineal - Cerebelo,Post Pineal,Cerebelo,Especial/Disfunción,Espe cial,,Par normal (dos puntos distintos),no,no,Torso sin camisa OK · No genitales visibles · Ropa interior en zona pélvica si aparece,vista posterior del cráneo (nuca) desde atrás,Tablas Holoacademia (Lavín) - Sección Cabeza,Manual Biomagnetismo Mod.2 - Cabeza/Cuello,⏳ PENDIENTE - GENERAR,210,210_Post_Pineal_Cerebelo.png,
1,CABEZA,Cabeza,Posterior,Cerebelo,TALLO - Cerebelo,TALLO,Cerebelo,Sin clasificar,,,Par normal (dos puntos distintos),no,no,Torso sin camisa OK · No genitales visibles · Ropa interior en zona pélvica si aparece,vista posterior del cráneo (nuca) desde atrás,Tablas Holoacademia (Lavín) - Sección Cabeza,Manual Biomagnetismo Mod.2 - Cabeza/Cuello,⏳ PENDIENTE - GENERAR,211,211_TALLO_Cerebelo.png,
1,CABEZA,Cabeza,Posterior,Mastoides,Apófisis Mastoides - Bulbo,Apófisis Mastoides,Bulbo,,,,Par normal (dos puntos distintos),no,no,Torso sin camisa OK · No genitales visibles · Ropa interior en zona pélvica si aparece,vista posterior del cráneo (nuca) desde atrás,Tablas Holoacademia (Lavín) - Sección Cabeza,Manual Biomagnetismo Mod.2 - Cabeza/Cuello,⏳ PENDIENTE - GENERAR,212,212_Apofisis_Mastoides_Bulbo.png,
1,CABEZA,Cabeza,Posterior,Mastoides,Apófisis Mastoides - Pericardio,Apófisis Mastoides,Pericardio,,,,Par normal (dos puntos distintos),no,no,Torso sin camisa OK · No genitales visibles · Ropa interior en zona pélvica si aparece,vista posterior del cráneo (nuca) desde atrás,Tablas Holoacademia (Lavín) - Sección Cabeza,Manual Biomagnetismo Mod.2 - Cabeza/Cuello,⏳ PENDIENTE - GENERAR,213,213_Apofisis_Mastoides_Pericardio.png,
1,CABEZA,Cabeza,Posterior,Mastoides,Apófisis Mastoides - Apófisis Mastoides,Apófisis Mastoides,Apófisis Mastoides,Parásito,,,Mismo punto simple (un marcador),no,no,Torso sin camisa OK · No genitales visibles · Ropa interior en zona pélvica si aparece,vista posterior del cráneo (nuca) desde atrás,Tablas Holoacademia (Lavín) - Sección Cabeza,Manual Biomagnetismo Mod.2 - Cabeza/Cuello,⏳ PENDIENTE - GENERAR,214,214_Apofisis_Mastoides_Apofisis_Mastoides.png,
1,CABEZA,Cabeza,Posterior,Mastoides,Apófisis Mastoides Izquierdas - Apófisis Mastoides Derecho,Apófisis Mastoides Izquierdas,Apófisis Mastoides Derecho,,,,Par normal (dos puntos distintos),no,no,Torso sin camisa OK · No genitales visibles · Ropa interior en zona pélvica si aparece,vista posterior del cráneo (nuca) desde atrás,Tablas Holoacademia (Lavín) - Sección Cabeza,Manual Biomagnetismo Mod.2 - Cabeza/Cuello,⏳ PENDIENTE - GENERAR,215,215_Apofisis_Mastoides_Izquierdas_Apofisis_Mastoides_Derecho.png,
1,CABEZA,Cabeza,Posterior,Mastoides,Apófisis Mastoides - Riñón Izquierdo,Apófisis Mastoides,Riñón Izquierdo,Emocional/Psicoemocional,,,Par normal (dos puntos distintos),SÍ,no,Torso sin camisa OK · No genitales visibles · Ropa interior en zona pélvica si aparece,vista posterior del cráneo (nuca) desde atrás,Tablas Holoacademia (Lavín) - Sección Cabeza,Manual Biomagnetismo Mod.2 - Cabeza/Cuello,⏳ PENDIENTE - GENERAR,216,216_Apofisis_Mastoides_Rinon_Izquierdo.png,
1,CABEZA,Cabeza,Posterior,Mastoides,Apófisis Mastoides - Clavícula,Apófisis Mastoides,Clavícula,,,,Par normal (dos puntos distintos),no,no,Torso sin camisa OK · No genitales visibles · Ropa interior en zona pélvica si aparece,vista posterior del cráneo (nuca) desde atrás,Tablas Holoacademia (Lavín) - Sección Cabeza,Manual Biomagnetismo Mod.2 - Cabeza/Cuello,⏳ PENDIENTE - GENERAR,217,217_Apofisis_Mastoides_Clavicula.png,
1,CABEZA,Cabeza,Posterior,Mastoides,Apófisis Mastoides Izquierda - Riñón Izquierdo,Apófisis Mastoides Izquierda,Riñón Izquierdo,,,,Par normal (dos puntos distintos),SÍ,no,Torso sin camisa OK · No genitales visibles · Ropa interior en zona pélvica si aparece,vista posterior del cráneo (nuca) desde atrás,Tablas Holoacademia (Lavín) - Sección Cabeza,Manual Biomagnetismo Mod.2 - Cabeza/Cuello,⏳ PENDIENTE - GENERAR,218,218_Apofisis_Mastoides_Izquierda_Rinon_Izquierdo.png,
1,CABEZA,Cabeza,Lateral,Temporal,Frontoparietal - Temporal IZQ,Frontoparietal,Temporal IZQ,,,,Par normal (dos puntos distintos),no,no,Torso sin camisa OK · No genitales visibles · Ropa interior en zona pélvica si aparece,vista lateral del cráneo en perfil derecho,Tablas Holoacademia (Lavín) - Sección Cabeza,Manual Biomagnetismo Mod.2 - Cabeza/Cuello,⏳ PENDIENTE - GENERAR,219,219_Frontoparietal_Temporal_IZQ.png,
1,CABEZA,Cabeza,Lateral,Temporal,Amígdala Cerebral - Suprarrenal,Amígdala Cerebral,Suprarrenal,,,,Par normal (dos puntos distintos),SÍ,no,Torso sin camisa OK · No genitales visibles · Ropa interior en zona pélvica si aparece,vista lateral del cráneo en perfil derecho,Tablas Holoacademia (Lavín) - Sección Cabeza,Manual Biomagnetismo Mod.2 - Cabeza/Cuello,⏳ PENDIENTE - GENERAR,220,220_Amigdala_Cerebral_Suprarrenal.png,
1,CABEZA,Cabeza,Lateral,Temporal,Temporal - Temporal,Temporal,Temporal,Bacteria,,,Mismo punto simple (un marcador),no,no,Torso sin camisa OK · No genitales visibles · Ropa interior en zona pélvica si aparece,vista lateral del cráneo en perfil derecho,Tablas Holoacademia (Lavín) - Sección Cabeza,Manual Biomagnetismo Mod.2 - Cabeza/Cuello,⏳ PENDIENTE - GENERAR,221,221_Temporal_Temporal.png,
1,CABEZA,Cabeza,Lateral,Temporal,Temporal DER - Temporal DER,Temporal DER,Temporal DER,Virus,Tifo exantemático,,Bilateral real (derecho/izquierdo),no,no,Torso sin camisa OK · No genitales visibles · Ropa interior en zona pélvica si aparece,vista lateral del cráneo en perfil derecho,Tablas Holoacademia (Lavín) - Sección Cabeza,Manual Biomagnetismo Mod.2 - Cabeza/Cuello,⏳ PENDIENTE - GENERAR,222,222_Temporal_DER_Temporal_DER.png,
1,CABEZA,Cabeza,Lateral,Temporal,Temporal IZQ - Temporal IZQ,Temporal IZQ,Temporal IZQ,Virus,Polioma,,Bilateral real (derecho/izquierdo),no,no,Torso sin camisa OK · No genitales visibles · Ropa interior en zona pélvica si aparece,vista lateral del cráneo en perfil derecho,Tablas Holoacademia (Lavín) - Sección Cabeza,Manual Biomagnetismo Mod.2 - Cabeza/Cuello,⏳ PENDIENTE - GENERAR,223,223_Temporal_IZQ_Temporal_IZQ.png,
1,CABEZA,Cabeza,Lateral,Temporal,Temporal IZQ - Hipófisis,Temporal IZQ,Hipófisis,,,,Par normal (dos puntos distintos),no,no,Torso sin camisa OK · No genitales visibles · Ropa interior en zona pélvica si aparece,vista lateral del cráneo en perfil derecho,Tablas Holoacademia (Lavín) - Sección Cabeza,Manual Biomagnetismo Mod.2 - Cabeza/Cuello,⏳ PENDIENTE - GENERAR,224,224_Temporal_IZQ_Hipofisis.png,
1,CABEZA,Cabeza,Lateral,Temporal,Amígdala Cerebral - Timo,Amígdala Cerebral,Timo,Sin clasificar,Berlí n,,Par normal (dos puntos distintos),SÍ,no,Torso sin camisa OK · No genitales visibles · Ropa interior en zona pélvica si aparece,vista lateral del cráneo en perfil derecho,Tablas Holoacademia (Lavín) - Sección Cabeza,Manual Biomagnetismo Mod.2 - Cabeza/Cuello,⏳ PENDIENTE - GENERAR,225,225_Amigdala_Cerebral_Timo.png,
1,CABEZA,Cabeza,Lateral,Temporal,Cisura Silvio - Percepción,Cisura Silvio,Percepción,,,,Par normal (dos puntos distintos),no,no,Torso sin camisa OK · No genitales visibles · Ropa interior en zona pélvica si aparece,vista lateral del cráneo en perfil derecho,Tablas Holoacademia (Lavín) - Sección Cabeza,Manual Biomagnetismo Mod.2 - Cabeza/Cuello,⏳ PENDIENTE - GENERAR,226,226_Cisura_Silvio_Percepcion.png,
1,CABEZA,Cabeza,Lateral,Temporal,Temporal - Oído,Temporal,Oído,Bacteria,Pseu domona,,Par normal (dos puntos distintos),no,no,Torso sin camisa OK · No genitales visibles · Ropa interior en zona pélvica si aparece,vista lateral del cráneo en perfil derecho,Tablas Holoacademia (Lavín) - Sección Cabeza,Manual Biomagnetismo Mod.2 - Cabeza/Cuello,⏳ PENDIENTE - GENERAR,227,227_Temporal_Oido.png,
1,CABEZA,Cabeza,Lateral,Temporal,Temporal - Bulbo Raquídeo,Temporal,Bulbo Raquídeo,Virus,Coronavirus,,Par normal (dos puntos distintos),no,no,Torso sin camisa OK · No genitales visibles · Ropa interior en zona pélvica si aparece,vista lateral del cráneo en perfil derecho,Tablas Holoacademia (Lavín) - Sección Cabeza,Manual Biomagnetismo Mod.2 - Cabeza/Cuello,⏳ PENDIENTE - GENERAR,228,228_Temporal_Bulbo_Raquideo.png,
1,CABEZA,Cabeza,Lateral,Temporal,Temporal - Yugular,Temporal,Yugular,Sin clasificar,,,Par normal (dos puntos distintos),no,no,Torso sin camisa OK · No genitales visibles · Ropa interior en zona pélvica si aparece,vista lateral del cráneo en perfil derecho,Tablas Holoacademia (Lavín) - Sección Cabeza,Manual Biomagnetismo Mod.2 - Cabeza/Cuello,⏳ PENDIENTE - GENERAR,229,229_Temporal_Yugular.png,
1,CABEZA,Cabeza,Lateral,Temporal,Temporal Derecho - Temporal Derecho,Temporal Derecho,Temporal Derecho,Virus,Polioma,,Bilateral real (derecho/izquierdo),no,no,Torso sin camisa OK · No genitales visibles · Ropa interior en zona pélvica si aparece,vista lateral del cráneo en perfil derecho,Tablas Holoacademia (Lavín) - Sección Cabeza,Manual Biomagnetismo Mod.2 - Cabeza/Cuello,⏳ PENDIENTE - GENERAR,230,230_Temporal_Derecho_Temporal_Derecho.png,
1,CABEZA,Cabeza,Lateral,Temporal,Temporal Izquierdo - Temporal Izquierdo,Temporal Izquierdo,Temporal Izquierdo,Virus,Polioma,,Bilateral real (derecho/izquierdo),no,no,Torso sin camisa OK · No genitales visibles · Ropa interior en zona pélvica si aparece,vista lateral del cráneo en perfil derecho,Tablas Holoacademia (Lavín) - Sección Cabeza,Manual Biomagnetismo Mod.2 - Cabeza/Cuello,⏳ PENDIENTE - GENERAR,231,231_Temporal_Izquierdo_Temporal_Izquierdo.png,
1,CABEZA,Cabeza,Lateral,Temporal,Temporooccipital - Temporooccipital,Temporooccipital,Temporooccipital,Bacteria,Tuberculosis Avis,,Mismo punto simple (un marcador),no,no,Torso sin camisa OK · No genitales visibles · Ropa interior en zona pélvica si aparece,vista lateral del cráneo en perfil derecho,Tablas Holoacademia (Lavín) - Sección Cabeza,Manual Biomagnetismo Mod.2 - Cabeza/Cuello,⏳ PENDIENTE - GENERAR,232,232_Temporooccipital_Temporooccipital.png,
1,CABEZA,Cabeza,Lateral,Temporal,Fronto-parietal IZQ,Fronto,parietal IZQ,,,,Par normal (dos puntos distintos),no,no,Torso sin camisa OK · No genitales visibles · Ropa interior en zona pélvica si aparece,vista lateral del cráneo en perfil derecho,Tablas Holoacademia (Lavín) - Sección Cabeza,Manual Biomagnetismo Mod.2 - Cabeza/Cuello,⏳ PENDIENTE - GENERAR,233,233_Fronto_parietal_IZQ.png,
1,CABEZA,Cabeza,Lateral,Temporal,Temporal - Temporal DER,Temporal,Temporal DER,,,,Bilateral real (derecho/izquierdo),no,no,Torso sin camisa OK · No genitales visibles · Ropa interior en zona pélvica si aparece,vista lateral del cráneo en perfil derecho,Tablas Holoacademia (Lavín) - Sección Cabeza,Manual Biomagnetismo Mod.2 - Cabeza/Cuello,⏳ PENDIENTE - GENERAR,234,234_Temporal_Temporal_DER.png,
1,CABEZA,Cabeza,Lateral,Temporal,Temporal - Temporal IZQ,Temporal,Temporal IZQ,,,,Bilateral real (derecho/izquierdo),no,no,Torso sin camisa OK · No genitales visibles · Ropa interior en zona pélvica si aparece,vista lateral del cráneo en perfil derecho,Tablas Holoacademia (Lavín) - Sección Cabeza,Manual Biomagnetismo Mod.2 - Cabeza/Cuello,⏳ PENDIENTE - GENERAR,235,235_Temporal_Temporal_IZQ.png,
1,CABEZA,Cabeza,Lateral,Temporal,Temporal RAS - Hipófisis,Temporal RAS,Hipófisis,,,,Par normal (dos puntos distintos),no,no,Torso sin camisa OK · No genitales visibles · Ropa interior en zona pélvica si aparece,vista lateral del cráneo en perfil derecho,Tablas Holoacademia (Lavín) - Sección Cabeza,Manual Biomagnetismo Mod.2 - Cabeza/Cuello,⏳ PENDIENTE - GENERAR,236,236_Temporal_RAS_Hipofisis.png,
1,CABEZA,Cabeza,Lateral,Temporal,Temporal RAS - Riñón,Temporal RAS,Riñón,,,,Par normal (dos puntos distintos),SÍ,no,Torso sin camisa OK · No genitales visibles · Ropa interior en zona pélvica si aparece,vista lateral del cráneo en perfil derecho,Tablas Holoacademia (Lavín) - Sección Cabeza,Manual Biomagnetismo Mod.2 - Cabeza/Cuello,⏳ PENDIENTE - GENERAR,237,237_Temporal_RAS_Rinon.png,
1,CABEZA,Cabeza,Lateral,Temporal,Oído DER - Temporal IZQ,Oído DER,Temporal IZQ,,,,Par normal (dos puntos distintos),no,no,Torso sin camisa OK · No genitales visibles · Ropa interior en zona pélvica si aparece,vista lateral del cráneo en perfil derecho,Tablas Holoacademia (Lavín) - Sección Cabeza,Manual Biomagnetismo Mod.2 - Cabeza/Cuello,⏳ PENDIENTE - GENERAR,238,238_Oido_DER_Temporal_IZQ.png,
1,CABEZA,Cabeza,Lateral,Temporal,Temporal DER - Temporal IZQ,Temporal DER,Temporal IZQ,,,,Bilateral real (derecho/izquierdo),no,no,Torso sin camisa OK · No genitales visibles · Ropa interior en zona pélvica si aparece,vista lateral del cráneo en perfil derecho,Tablas Holoacademia (Lavín) - Sección Cabeza,Manual Biomagnetismo Mod.2 - Cabeza/Cuello,✅ TIENE FICHA APROBADA,52,052_Temporal_Derecho_Temporal_Izquierdo.png,052_Temporal_Derecho_Temporal_Izquierdo.png
1,CABEZA,Cabeza,Lateral,Aurícula,Oreja - Oreja,Oreja,Oreja,Especial/Disfunción,Espe cial,,Mismo punto simple (un marcador),no,no,Torso sin camisa OK · No genitales visibles · Ropa interior en zona pélvica si aparece,vista lateral del cráneo en perfil derecho,Tablas Holoacademia (Lavín) - Sección Cabeza,Manual Biomagnetismo Mod.2 - Cabeza/Cuello,⏳ PENDIENTE - GENERAR,239,239_Oreja_Oreja.png,
1,CABEZA,Cabeza,Lateral,Aurícula,Oído - Oído,Oído,Oído,Parásito,Toxoplasma,,Mismo punto simple (un marcador),no,no,Torso sin camisa OK · No genitales visibles · Ropa interior en zona pélvica si aparece,vista lateral del cráneo en perfil derecho,Tablas Holoacademia (Lavín) - Sección Cabeza,Manual Biomagnetismo Mod.2 - Cabeza/Cuello,⏳ PENDIENTE - GENERAR,240,240_Oido_Oido.png,
1,CABEZA,Cabeza,Lateral,Aurícula,Oído - Riñón CONTLAT,Oído,Riñón CONTLAT,,,,Par normal (dos puntos distintos),SÍ,no,Torso sin camisa OK · No genitales visibles · Ropa interior en zona pélvica si aparece,vista lateral del cráneo en perfil derecho,Tablas Holoacademia (Lavín) - Sección Cabeza,Manual Biomagnetismo Mod.2 - Cabeza/Cuello,⏳ PENDIENTE - GENERAR,241,241_Oido_Rinon_CONTLAT.png,
1,CABEZA,Cabeza,Lateral,Aurícula,Oído DER - Ovario DER,Oído DER,Ovario DER,,,,Par normal (dos puntos distintos),SÍ,SÍ,Licra negra ajustada + top negro si aplica · Sin desnudez · Estilo médico sobrio,vista lateral del cráneo en perfil derecho,Tablas Holoacademia (Lavín) - Sección Cabeza,Manual Biomagnetismo Mod.2 - Cabeza/Cuello,⏳ PENDIENTE - GENERAR,242,242_Oido_DER_Ovario_DER.png,
1,CABEZA,Cabeza,Lateral,Aurícula,Oído DER - Testículo DER,Oído DER,Testículo DER,,,,Par normal (dos puntos distintos),SÍ,SÍ,Licra negra ajustada + top negro si aplica · Sin desnudez · Estilo médico sobrio,vista lateral del cráneo en perfil derecho,Tablas Holoacademia (Lavín) - Sección Cabeza,Manual Biomagnetismo Mod.2 - Cabeza/Cuello,⏳ PENDIENTE - GENERAR,243,243_Oido_DER_Testiculo_DER.png,
1,CABEZA,Cabeza,Lateral,Aurícula,Conducto Oído - Conducto Oído,Conducto Oído,Conducto Oído,Reservorio,Universal                                 RESERVORIO UNIVERSAL,,Mismo punto simple (un marcador),no,no,Torso sin camisa OK · No genitales visibles · Ropa interior en zona pélvica si aparece,vista lateral del cráneo en perfil derecho,Tablas Holoacademia (Lavín) - Sección Cabeza,Manual Biomagnetismo Mod.2 - Cabeza/Cuello,⏳ PENDIENTE - GENERAR,244,244_Conducto_Oido_Conducto_Oido.png,
1,CABEZA,Cabeza,Lateral,Aurícula,Presín - Canal Auditivo,Presín,Canal Auditivo,,,,Par normal (dos puntos distintos),no,SÍ,Licra negra ajustada + top negro si aplica · Sin desnudez · Estilo médico sobrio,vista lateral del cráneo en perfil derecho,Tablas Holoacademia (Lavín) - Sección Cabeza,Manual Biomagnetismo Mod.2 - Cabeza/Cuello,⏳ PENDIENTE - GENERAR,245,245_Presin_Canal_Auditivo.png,
1,CABEZA,Cabeza,Lateral,Aurícula,Oído - Riñón Contralateral,Oído,Riñón Contralateral,Especial/Disfunción,Espe cial Goiz,,Par normal (dos puntos distintos),SÍ,no,Torso sin camisa OK · No genitales visibles · Ropa interior en zona pélvica si aparece,vista lateral del cráneo en perfil derecho,Tablas Holoacademia (Lavín) - Sección Cabeza,Manual Biomagnetismo Mod.2 - Cabeza/Cuello,⏳ PENDIENTE - GENERAR,246,246_Oido_Rinon_Contralateral.png,
1,CABEZA,Cabeza,Lateral,Aurícula,Yunque - Riñón Ipsilateral,Yunque,Riñón Ipsilateral,Sin clasificar,,,Par normal (dos puntos distintos),no,no,Torso sin camisa OK · No genitales visibles · Ropa interior en zona pélvica si aparece,vista lateral del cráneo en perfil derecho,Tablas Holoacademia (Lavín) - Sección Cabeza,Manual Biomagnetismo Mod.2 - Cabeza/Cuello,⏳ PENDIENTE - GENERAR,247,247_Yunque_Rinon_Ipsilateral.png,
1,CABEZA,Cabeza,Lateral,Aurícula,Oído DER - Riñón CONTLAT,Oído DER,Riñón CONTLAT,,,,Par normal (dos puntos distintos),SÍ,no,Torso sin camisa OK · No genitales visibles · Ropa interior en zona pélvica si aparece,vista lateral del cráneo en perfil derecho,Tablas Holoacademia (Lavín) - Sección Cabeza,Manual Biomagnetismo Mod.2 - Cabeza/Cuello,⏳ PENDIENTE - GENERAR,248,248_Oido_DER_Rinon_CONTLAT.png,
1,CABEZA,Cabeza,Lateral,Aurícula,Oído DER - Ovario Derecho,Oído DER,Ovario Derecho,,,,Par normal (dos puntos distintos),SÍ,SÍ,Licra negra ajustada + top negro si aplica · Sin desnudez · Estilo médico sobrio,vista lateral del cráneo en perfil derecho,Tablas Holoacademia (Lavín) - Sección Cabeza,Manual Biomagnetismo Mod.2 - Cabeza/Cuello,⏳ PENDIENTE - GENERAR,249,249_Oido_DER_Ovario_Derecho.png,
1,CABEZA,Cabeza,Lateral,Aurícula,Oído DER - Testículo Derecho,Oído DER,Testículo Derecho,,,,Par normal (dos puntos distintos),SÍ,SÍ,Licra negra ajustada + top negro si aplica · Sin desnudez · Estilo médico sobrio,vista lateral del cráneo en perfil derecho,Tablas Holoacademia (Lavín) - Sección Cabeza,Manual Biomagnetismo Mod.2 - Cabeza/Cuello,⏳ PENDIENTE - GENERAR,250,250_Oido_DER_Testiculo_Derecho.png,
1,CABEZA,Cabeza,Lateral,Aurícula,Presín - Presín,Presín,Presín,Sin clasificar,,,Mismo punto simple (un marcador),no,no,Torso sin camisa OK · No genitales visibles · Ropa interior en zona pélvica si aparece,vista lateral del cráneo en perfil derecho,Tablas Holoacademia (Lavín) - Sección Cabeza,Manual Biomagnetismo Mod.2 - Cabeza/Cuello,⏳ PENDIENTE - GENERAR,251,251_Presin_Presin.png,
1,CABEZA,Cabeza,Lateral,Posterior,Temporoccipital - Temporoccipital,Temporoccipital,Temporoccipital,Bacteria,Myco plas ma pneu moni ae ó Myco bacte rium tuber culos,,Mismo punto simple (un marcador),no,no,Torso sin camisa OK · No genitales visibles · Ropa interior en zona pélvica si aparece,vista lateral del cráneo en perfil derecho,Tablas Holoacademia (Lavín) - Sección Cabeza,Manual Biomagnetismo Mod.2 - Cabeza/Cuello,⏳ PENDIENTE - GENERAR,252,252_Temporoccipital_Temporoccipital.png,
1,CABEZA,Cabeza,Lateral,Posterior,Retromastoides - Retromastoides,Retromastoides,Retromastoides,Sin clasificar,Cisticercos,,Mismo punto simple (un marcador),no,no,Torso sin camisa OK · No genitales visibles · Ropa interior en zona pélvica si aparece,vista lateral del cráneo en perfil derecho,Tablas Holoacademia (Lavín) - Sección Cabeza,Manual Biomagnetismo Mod.2 - Cabeza/Cuello,⏳ PENDIENTE - GENERAR,253,253_Retromastoides_Retromastoides.png,
1,CABEZA,Cabeza,Lateral,Posterior,Mastoides - Mastoides,Mastoides,Mastoides,Complejo,Filaria,,Mismo punto simple (un marcador),no,no,Torso sin camisa OK · No genitales visibles · Ropa interior en zona pélvica si aparece,vista lateral del cráneo en perfil derecho,Tablas Holoacademia (Lavín) - Sección Cabeza,Manual Biomagnetismo Mod.2 - Cabeza/Cuello,⏳ PENDIENTE - GENERAR,254,254_Mastoides_Mastoides.png,
1,CABEZA,Cabeza,Lateral,Posterior,Mastoides - Corazón,Mastoides,Corazón,,,,Par normal (dos puntos distintos),SÍ,no,Torso sin camisa OK · No genitales visibles · Ropa interior en zona pélvica si aparece,vista lateral del cráneo en perfil derecho,Tablas Holoacademia (Lavín) - Sección Cabeza,Manual Biomagnetismo Mod.2 - Cabeza/Cuello,⏳ PENDIENTE - GENERAR,255,255_Mastoides_Corazon.png,
1,CABEZA,Cabeza,Lateral,Posterior,Mastoides - Hipófisis,Mastoides,Hipófisis,,,,Par normal (dos puntos distintos),no,no,Torso sin camisa OK · No genitales visibles · Ropa interior en zona pélvica si aparece,vista lateral del cráneo en perfil derecho,Tablas Holoacademia (Lavín) - Sección Cabeza,Manual Biomagnetismo Mod.2 - Cabeza/Cuello,⏳ PENDIENTE - GENERAR,256,256_Mastoides_Hipofisis.png,
1,CABEZA,Cabeza,Lateral,Posterior,Temporo-occipital - Temporo-occipital,Temporo,occipital,,,,Par normal (dos puntos distintos),no,no,Torso sin camisa OK · No genitales visibles · Ropa interior en zona pélvica si aparece,vista lateral del cráneo en perfil derecho,Tablas Holoacademia (Lavín) - Sección Cabeza,Manual Biomagnetismo Mod.2 - Cabeza/Cuello,⏳ PENDIENTE - GENERAR,257,257_Temporo_occipital_Temporo_occipital.png,
1,CABEZA,Cabeza,Lateral,Posterior,Retro-mastoides - Retro-mastoides,Retro,mastoides,,,,Par normal (dos puntos distintos),no,no,Torso sin camisa OK · No genitales visibles · Ropa interior en zona pélvica si aparece,vista lateral del cráneo en perfil derecho,Tablas Holoacademia (Lavín) - Sección Cabeza,Manual Biomagnetismo Mod.2 - Cabeza/Cuello,⏳ PENDIENTE - GENERAR,258,258_Retro_mastoides_Retro_mastoides.png,
1,CABEZA,Cabeza,Lateral,Posterior,Mastoides RAS - Cervical,Mastoides RAS,Cervical,,,,Par normal (dos puntos distintos),no,no,Torso sin camisa OK · No genitales visibles · Ropa interior en zona pélvica si aparece,vista lateral del cráneo en perfil derecho,Tablas Holoacademia (Lavín) - Sección Cabeza,Manual Biomagnetismo Mod.2 - Cabeza/Cuello,⏳ PENDIENTE - GENERAR,259,259_Mastoides_RAS_Cervical.png,
1,CABEZA,Cabeza,Lateral,Posterior,Mastoides - Riñón Mismo Lado,Mastoides,Riñón Mismo Lado,Especial/Disfunción,Espe cial,,Par normal (dos puntos distintos),SÍ,no,Torso sin camisa OK · No genitales visibles · Ropa interior en zona pélvica si aparece,vista lateral del cráneo en perfil derecho,Tablas Holoacademia (Lavín) - Sección Cabeza,Manual Biomagnetismo Mod.2 - Cabeza/Cuello,⏳ PENDIENTE - GENERAR,260,260_Mastoides_Rinon_Mismo_Lado.png,
1,CABEZA,Cabeza,Lateral,Sien,Quiasma - Quiasma,Quiasma,Quiasma,Virus,Virus Luci na,,Mismo punto simple (un marcador),no,no,Torso sin camisa OK · No genitales visibles · Ropa interior en zona pélvica si aparece,vista lateral del cráneo en perfil derecho,Tablas Holoacademia (Lavín) - Sección Cabeza,Manual Biomagnetismo Mod.2 - Cabeza/Cuello,⏳ PENDIENTE - GENERAR,261,261_Quiasma_Quiasma.png,
1,CABEZA,Cabeza,Lateral,Sien,Sien - Sien,Sien,Sien,Especial/Disfunción,Disfunción vascular,,Mismo punto simple (un marcador),no,no,Torso sin camisa OK · No genitales visibles · Ropa interior en zona pélvica si aparece,vista lateral del cráneo en perfil derecho,Tablas Holoacademia (Lavín) - Sección Cabeza,Manual Biomagnetismo Mod.2 - Cabeza/Cuello,⏳ PENDIENTE - GENERAR,262,262_Sien_Sien.png,
1,CABEZA,Cabeza,Lateral,Sien,Sien DER - Corazón,Sien DER,Corazón,,,,Par normal (dos puntos distintos),SÍ,no,Torso sin camisa OK · No genitales visibles · Ropa interior en zona pélvica si aparece,vista lateral del cráneo en perfil derecho,Tablas Holoacademia (Lavín) - Sección Cabeza,Manual Biomagnetismo Mod.2 - Cabeza/Cuello,⏳ PENDIENTE - GENERAR,263,263_Sien_DER_Corazon.png,
1,CABEZA,Cabeza,Lateral,Sien,Polígono de Willis - Polígono de Willis,Polígono de Willis,Polígono de Willis,Virus,Viruela,,Mismo punto simple (un marcador),no,no,Torso sin camisa OK · No genitales visibles · Ropa interior en zona pélvica si aparece,vista lateral del cráneo en perfil derecho,Tablas Holoacademia (Lavín) - Sección Cabeza,Manual Biomagnetismo Mod.2 - Cabeza/Cuello,⏳ PENDIENTE - GENERAR,264,264_Poligono_de_Willis_Poligono_de_Willis.png,
1,CABEZA,Cabeza,Lateral,Sien,Sien - Suprarrenal,Sien,Suprarrenal,Especial/Disfunción,,,Par normal (dos puntos distintos),SÍ,no,Torso sin camisa OK · No genitales visibles · Ropa interior en zona pélvica si aparece,vista lateral del cráneo en perfil derecho,Tablas Holoacademia (Lavín) - Sección Cabeza,Manual Biomagnetismo Mod.2 - Cabeza/Cuello,⏳ PENDIENTE - GENERAR,265,265_Sien_Suprarrenal.png,
1,CABEZA,Cabeza,Lateral,Sien,Sien - Riñón,Sien,Riñón,Especial/Disfunción,,,Par normal (dos puntos distintos),SÍ,no,Torso sin camisa OK · No genitales visibles · Ropa interior en zona pélvica si aparece,vista lateral del cráneo en perfil derecho,Tablas Holoacademia (Lavín) - Sección Cabeza,Manual Biomagnetismo Mod.2 - Cabeza/Cuello,⏳ PENDIENTE - GENERAR,266,266_Sien_Rinon.png,
1,CABEZA,Cabeza,Lateral,Sien,Sien Derecha - Sien Derecha,Sien Derecha,Sien Derecha,,,,Bilateral real (derecho/izquierdo),no,no,Torso sin camisa OK · No genitales visibles · Ropa interior en zona pélvica si aparece,vista lateral del cráneo en perfil derecho,Tablas Holoacademia (Lavín) - Sección Cabeza,Manual Biomagnetismo Mod.2 - Cabeza/Cuello,⏳ PENDIENTE - GENERAR,267,267_Sien_Derecha_Sien_Derecha.png,
1,CABEZA,Cabeza,Lateral,Sien,Sien - Bulbo Raquídeo,Sien,Bulbo Raquídeo,Especial/Disfunción,,,Par normal (dos puntos distintos),no,no,Torso sin camisa OK · No genitales visibles · Ropa interior en zona pélvica si aparece,vista lateral del cráneo en perfil derecho,Tablas Holoacademia (Lavín) - Sección Cabeza,Manual Biomagnetismo Mod.2 - Cabeza/Cuello,⏳ PENDIENTE - GENERAR,268,268_Sien_Bulbo_Raquideo.png,
1,CABEZA,Cabeza,Lateral,Sien,Ángulo Derecho - Ángulo Derecho,Ángulo Derecho,Ángulo Derecho,Bacteria,Staphylococcus Epidermis,,Bilateral real (derecho/izquierdo),no,no,Torso sin camisa OK · No genitales visibles · Ropa interior en zona pélvica si aparece,vista lateral del cráneo en perfil derecho,Tablas Holoacademia (Lavín) - Sección Cabeza,Manual Biomagnetismo Mod.2 - Cabeza/Cuello,⏳ PENDIENTE - GENERAR,269,269_Angulo_Derecho_Angulo_Derecho.png,
1,CABEZA,Cabeza,Lateral,Sien,Sien DER - Bulbo Raquídeo,Sien DER,Bulbo Raquídeo,,,,Par normal (dos puntos distintos),no,no,Torso sin camisa OK · No genitales visibles · Ropa interior en zona pélvica si aparece,vista lateral del cráneo en perfil derecho,Tablas Holoacademia (Lavín) - Sección Cabeza,Manual Biomagnetismo Mod.2 - Cabeza/Cuello,⏳ PENDIENTE - GENERAR,270,270_Sien_DER_Bulbo_Raquideo.png,
1,CABEZA,Cabeza,Lateral,Sien,Sien DER - Suprarrenales,Sien DER,Suprarrenales,,,,Par normal (dos puntos distintos),SÍ,no,Torso sin camisa OK · No genitales visibles · Ropa interior en zona pélvica si aparece,vista lateral del cráneo en perfil derecho,Tablas Holoacademia (Lavín) - Sección Cabeza,Manual Biomagnetismo Mod.2 - Cabeza/Cuello,⏳ PENDIENTE - GENERAR,271,271_Sien_DER_Suprarrenales.png,
1,CABEZA,Cabeza,Lateral,Mandibular,Preauricular - Preauricular,Preauricular,Preauricular,Bacteria,Neocardia americana,,Mismo punto simple (un marcador),no,no,Torso sin camisa OK · No genitales visibles · Ropa interior en zona pélvica si aparece,vista lateral del cráneo en perfil derecho,Tablas Holoacademia (Lavín) - Sección Cabeza,Manual Biomagnetismo Mod.2 - Cabeza/Cuello,⏳ PENDIENTE - GENERAR,272,272_Preauricular_Preauricular.png,
1,CABEZA,Cabeza,Lateral,Mandibular,Preauricular - Vejiga,Preauricular,Vejiga,Hongo,Cryptococus Neoformans,,Par normal (dos puntos distintos),no,no,Torso sin camisa OK · No genitales visibles · Ropa interior en zona pélvica si aparece,vista lateral del cráneo en perfil derecho,Tablas Holoacademia (Lavín) - Sección Cabeza,Manual Biomagnetismo Mod.2 - Cabeza/Cuello,⏳ PENDIENTE - GENERAR,273,273_Preauricular_Vejiga.png,
1,CABEZA,Cabeza,Lateral,Mandibular,Rama Mandibular - Rama Mandibular,Rama Mandibular,Rama Mandibular,Bacteria,Estaf iloco co epide rmis,,Mismo punto simple (un marcador),no,no,Torso sin camisa OK · No genitales visibles · Ropa interior en zona pélvica si aparece,vista lateral del cráneo en perfil derecho,Tablas Holoacademia (Lavín) - Sección Cabeza,Manual Biomagnetismo Mod.2 - Cabeza/Cuello,⏳ PENDIENTE - GENERAR,274,274_Rama_Mandibular_Rama_Mandibular.png,
1,CABEZA,Cabeza,Lateral,Mandibular,Rama Mandibular - Cola de Páncreas,Rama Mandibular,Cola de Páncreas,,,,Par normal (dos puntos distintos),SÍ,no,Torso sin camisa OK · No genitales visibles · Ropa interior en zona pélvica si aparece,vista lateral del cráneo en perfil derecho,Tablas Holoacademia (Lavín) - Sección Cabeza,Manual Biomagnetismo Mod.2 - Cabeza/Cuello,⏳ PENDIENTE - GENERAR,275,275_Rama_Mandibular_Cola_de_Pancreas.png,
1,CABEZA,Cabeza,Lateral,Mandibular,Ángulo Gonión - Ángulo Gonión,Ángulo Gonión,Ángulo Gonión,,,,Mismo punto simple (un marcador),no,no,Torso sin camisa OK · No genitales visibles · Ropa interior en zona pélvica si aparece,vista lateral del cráneo en perfil derecho,Tablas Holoacademia (Lavín) - Sección Cabeza,Manual Biomagnetismo Mod.2 - Cabeza/Cuello,⏳ PENDIENTE - GENERAR,276,276_Angulo_Gonion_Angulo_Gonion.png,
1,CABEZA,Cabeza,Lateral,Mandibular,Rama Mandibular Lateral - Rama Mandibular Lateral,Rama Mandibular Lateral,Rama Mandibular Lateral,,,,Mismo punto simple (un marcador),no,no,Torso sin camisa OK · No genitales visibles · Ropa interior en zona pélvica si aparece,vista lateral del cráneo en perfil derecho,Tablas Holoacademia (Lavín) - Sección Cabeza,Manual Biomagnetismo Mod.2 - Cabeza/Cuello,⏳ PENDIENTE - GENERAR,277,277_Rama_Mandibular_Lateral_Rama_Mandibular_Lateral.png,
1,CABEZA,Cabeza,Lateral,Mandibular,Arco Cigomático - Parietal,Arco Cigomático,Parietal,Bacteria,Listeria,,Par normal (dos puntos distintos),SÍ,no,Torso sin camisa OK · No genitales visibles · Ropa interior en zona pélvica si aparece,vista lateral del cráneo en perfil derecho,Tablas Holoacademia (Lavín) - Sección Cabeza,Manual Biomagnetismo Mod.2 - Cabeza/Cuello,⏳ PENDIENTE - GENERAR,278,278_Arco_Cigomatico_Parietal.png,
1,CABEZA,Cabeza,Lateral,Mandibular,Arco Cigomático - Arco Cigomático,Arco Cigomático,Arco Cigomático,Bacteria,Moraxella Catarrhalis,,Mismo punto simple (un marcador),no,no,Torso sin camisa OK · No genitales visibles · Ropa interior en zona pélvica si aparece,vista lateral del cráneo en perfil derecho,Tablas Holoacademia (Lavín) - Sección Cabeza,Manual Biomagnetismo Mod.2 - Cabeza/Cuello,⏳ PENDIENTE - GENERAR,279,279_Arco_Cigomatico_Arco_Cigomatico.png,
1,CABEZA,Cabeza,Lateral,Mandibular,Ángulo Gonión - Ángulo,Ángulo Gonión,Ángulo,,,,Par normal (dos puntos distintos),no,no,Torso sin camisa OK · No genitales visibles · Ropa interior en zona pélvica si aparece,vista lateral del cráneo en perfil derecho,Tablas Holoacademia (Lavín) - Sección Cabeza,Manual Biomagnetismo Mod.2 - Cabeza/Cuello,⏳ PENDIENTE - GENERAR,280,280_Angulo_Gonion_Angulo.png,
1,CABEZA,Cabeza,Lateral,Mandibular,Cola de Mandibular - Páncreas,Cola de Mandibular,Páncreas,,,,Par normal (dos puntos distintos),SÍ,no,Torso sin camisa OK · No genitales visibles · Ropa interior en zona pélvica si aparece,vista lateral del cráneo en perfil derecho,Tablas Holoacademia (Lavín) - Sección Cabeza,Manual Biomagnetismo Mod.2 - Cabeza/Cuello,⏳ PENDIENTE - GENERAR,281,281_Cola_de_Mandibular_Pancreas.png,
1,CABEZA,Cabeza,Lateral,Mandibular,Preauricular - Temporooccipital,Preauricular,Temporooccipital,Virus,Gripe Aviar,,Par normal (dos puntos distintos),no,no,Torso sin camisa OK · No genitales visibles · Ropa interior en zona pélvica si aparece,vista lateral del cráneo en perfil derecho,Tablas Holoacademia (Lavín) - Sección Cabeza,Manual Biomagnetismo Mod.2 - Cabeza/Cuello,⏳ PENDIENTE - GENERAR,282,282_Preauricular_Temporooccipital.png,
1,CABEZA,Cabeza,Lateral,Mandibular,Ángulo - Ángulo,Ángulo,Ángulo,Bacteria,Streptococcus fragilis,,Mismo punto simple (un marcador),no,no,Torso sin camisa OK · No genitales visibles · Ropa interior en zona pélvica si aparece,vista lateral del cráneo en perfil derecho,Tablas Holoacademia (Lavín) - Sección Cabeza,Manual Biomagnetismo Mod.2 - Cabeza/Cuello,⏳ PENDIENTE - GENERAR,283,283_Angulo_Angulo.png,
1,CABEZA,Cabeza,Lateral,Parótida,Parótida - Parótida,Parótida,Parótida,Disfunción,Parot iditis oPape ras,,Mismo punto simple (un marcador),no,no,Torso sin camisa OK · No genitales visibles · Ropa interior en zona pélvica si aparece,vista lateral del cráneo en perfil derecho,Tablas Holoacademia (Lavín) - Sección Cabeza,Manual Biomagnetismo Mod.2 - Cabeza/Cuello,✅ TIENE FICHA APROBADA,24,024_Parotida_Parotida.png,024_Parotida_Parotida.png
1,CABEZA,Cabeza,Lateral,Parótida,Parótida IZQ - Pineal,Parótida IZQ,Pineal,,,,Par normal (dos puntos distintos),no,no,Torso sin camisa OK · No genitales visibles · Ropa interior en zona pélvica si aparece,vista lateral del cráneo en perfil derecho,Tablas Holoacademia (Lavín) - Sección Cabeza,Manual Biomagnetismo Mod.2 - Cabeza/Cuello,⏳ PENDIENTE - GENERAR,284,284_Parotida_IZQ_Pineal.png,
1,CABEZA,Cabeza,Lateral,Parótida,Parótida DER - Ojo IZQ,Parótida DER,Ojo IZQ,,,,Par normal (dos puntos distintos),no,no,Torso sin camisa OK · No genitales visibles · Ropa interior en zona pélvica si aparece,vista lateral del cráneo en perfil derecho,Tablas Holoacademia (Lavín) - Sección Cabeza,Manual Biomagnetismo Mod.2 - Cabeza/Cuello,⏳ PENDIENTE - GENERAR,285,285_Parotida_DER_Ojo_IZQ.png,
1,CABEZA,Cabeza,Lateral,Parótida,Parótida DER - Tiroides,Parótida DER,Tiroides,,,,Par normal (dos puntos distintos),no,no,Torso sin camisa OK · No genitales visibles · Ropa interior en zona pélvica si aparece,vista lateral del cráneo en perfil derecho,Tablas Holoacademia (Lavín) - Sección Cabeza,Manual Biomagnetismo Mod.2 - Cabeza/Cuello,⏳ PENDIENTE - GENERAR,286,286_Parotida_DER_Tiroides.png,
1,CABEZA,Cabeza,Lateral,Parótida,Parótida DER - Corazón,Parótida DER,Corazón,,,,Par normal (dos puntos distintos),SÍ,no,Torso sin camisa OK · No genitales visibles · Ropa interior en zona pélvica si aparece,vista lateral del cráneo en perfil derecho,Tablas Holoacademia (Lavín) - Sección Cabeza,Manual Biomagnetismo Mod.2 - Cabeza/Cuello,⏳ PENDIENTE - GENERAR,287,287_Parotida_DER_Corazon.png,
1,CABEZA,Cabeza,Lateral,Parótida,Parótida - Timo,Parótida,Timo,,,,Par normal (dos puntos distintos),SÍ,no,Torso sin camisa OK · No genitales visibles · Ropa interior en zona pélvica si aparece,vista lateral del cráneo en perfil derecho,Tablas Holoacademia (Lavín) - Sección Cabeza,Manual Biomagnetismo Mod.2 - Cabeza/Cuello,⏳ PENDIENTE - GENERAR,288,288_Parotida_Timo.png,
1,CABEZA,Cabeza,Lateral,Parótida,Parótida Izquierda - Pineal,Parótida Izquierda,Pineal,Especial/Disfunción,,,Par normal (dos puntos distintos),no,no,Torso sin camisa OK · No genitales visibles · Ropa interior en zona pélvica si aparece,vista lateral del cráneo en perfil derecho,Tablas Holoacademia (Lavín) - Sección Cabeza,Manual Biomagnetismo Mod.2 - Cabeza/Cuello,⏳ PENDIENTE - GENERAR,289,289_Parotida_Izquierda_Pineal.png,
1,CABEZA,Cabeza,Lateral,Parótida,Parótida IZQ - Pineal IZQ,Parótida IZQ,Pineal IZQ,,,,Par normal (dos puntos distintos),no,no,Torso sin camisa OK · No genitales visibles · Ropa interior en zona pélvica si aparece,vista lateral del cráneo en perfil derecho,Tablas Holoacademia (Lavín) - Sección Cabeza,Manual Biomagnetismo Mod.2 - Cabeza/Cuello,⏳ PENDIENTE - GENERAR,290,290_Parotida_IZQ_Pineal_IZQ.png,
1,CABEZA,Cabeza,Lateral,Parótida,Parótida - Riñón Contralateral,Parótida,Riñón Contralateral,Sin clasificar,,,Par normal (dos puntos distintos),SÍ,no,Torso sin camisa OK · No genitales visibles · Ropa interior en zona pélvica si aparece,vista lateral del cráneo en perfil derecho,Tablas Holoacademia (Lavín) - Sección Cabeza,Manual Biomagnetismo Mod.2 - Cabeza/Cuello,⏳ PENDIENTE - GENERAR,291,291_Parotida_Rinon_Contralateral.png,
1,CABEZA,Cabeza,Frente,Frente Alta,Tálamo - Tálamo,Tálamo,Tálamo,Emocional/Psicoemocional,,,Mismo punto simple (un marcador),no,no,Torso sin camisa OK · No genitales visibles · Ropa interior en zona pélvica si aparece,vista frontal de la cara enfocada en frente y entrecejo,Tablas Holoacademia (Lavín) - Sección Cabeza,Manual Biomagnetismo Mod.2 - Cabeza/Cuello,⏳ PENDIENTE - GENERAR,292,292_Talamo_Talamo.png,
1,CABEZA,Cabeza,Frente,Frente Alta,Polo - Polo,Polo,Polo,Especial/Disfunción,Espe cial,,Mismo punto simple (un marcador),no,no,Torso sin camisa OK · No genitales visibles · Ropa interior en zona pélvica si aparece,vista frontal de la cara enfocada en frente y entrecejo,Tablas Holoacademia (Lavín) - Sección Cabeza,Manual Biomagnetismo Mod.2 - Cabeza/Cuello,⏳ PENDIENTE - GENERAR,293,293_Polo_Polo.png,
1,CABEZA,Cabeza,Frente,Frente Alta,Antecuerno - Antecuerno,Antecuerno,Antecuerno,Bacteria,Aero bacte raero genu s,,Mismo punto simple (un marcador),no,no,Torso sin camisa OK · No genitales visibles · Ropa interior en zona pélvica si aparece,vista frontal de la cara enfocada en frente y entrecejo,Tablas Holoacademia (Lavín) - Sección Cabeza,Manual Biomagnetismo Mod.2 - Cabeza/Cuello,⏳ PENDIENTE - GENERAR,294,294_Antecuerno_Antecuerno.png,
1,CABEZA,Cabeza,Frente,Frente Alta,Frontal DER - Frontal DER,Frontal DER,Frontal DER,,,,Bilateral real (derecho/izquierdo),no,no,Torso sin camisa OK · No genitales visibles · Ropa interior en zona pélvica si aparece,vista frontal de la cara enfocada en frente y entrecejo,Tablas Holoacademia (Lavín) - Sección Cabeza,Manual Biomagnetismo Mod.2 - Cabeza/Cuello,✅ TIENE FICHA APROBADA,21,021_Frontal_derecho_Frontal_derecho.png,021_Frontal_derecho_Frontal_derecho.png
1,CABEZA,Cabeza,Frente,Frente Alta,Frontal IZQ - Frontal IZQ,Frontal IZQ,Frontal IZQ,,,,Bilateral real (derecho/izquierdo),no,no,Torso sin camisa OK · No genitales visibles · Ropa interior en zona pélvica si aparece,vista frontal de la cara enfocada en frente y entrecejo,Tablas Holoacademia (Lavín) - Sección Cabeza,Manual Biomagnetismo Mod.2 - Cabeza/Cuello,⏳ PENDIENTE - GENERAR,295,295_Frontal_IZQ_Frontal_IZQ.png,
1,CABEZA,Cabeza,Frente,Frente Alta,Antecuerno - ANTE,Antecuerno,ANTE,Bacteria,,,Par normal (dos puntos distintos),no,no,Torso sin camisa OK · No genitales visibles · Ropa interior en zona pélvica si aparece,vista frontal de la cara enfocada en frente y entrecejo,Tablas Holoacademia (Lavín) - Sección Cabeza,Manual Biomagnetismo Mod.2 - Cabeza/Cuello,⏳ PENDIENTE - GENERAR,296,296_Antecuerno_ANTE.png,
1,CABEZA,Cabeza,Frente,Hipófisis,Hipófisis - Hipófisis,Hipófisis,Hipófisis,Disfunción,Disf. Glan dular,,Mismo punto simple (un marcador),no,no,Torso sin camisa OK · No genitales visibles · Ropa interior en zona pélvica si aparece,vista frontal de la cara enfocada en frente y entrecejo,Tablas Holoacademia (Lavín) - Sección Cabeza,Manual Biomagnetismo Mod.2 - Cabeza/Cuello,⏳ PENDIENTE - GENERAR,297,297_Hipofisis_Hipofisis.png,
1,CABEZA,Cabeza,Frente,Hipófisis,Hipófisis - Supraciliar,Hipófisis,Supraciliar,Emocional/Psicoemocional,,,Par normal (dos puntos distintos),no,no,Torso sin camisa OK · No genitales visibles · Ropa interior en zona pélvica si aparece,vista frontal de la cara enfocada en frente y entrecejo,Tablas Holoacademia (Lavín) - Sección Cabeza,Manual Biomagnetismo Mod.2 - Cabeza/Cuello,⏳ PENDIENTE - GENERAR,298,298_Hipofisis_Supraciliar.png,
1,CABEZA,Cabeza,Frente,Hipófisis,Hipófisis - Bulbo,Hipófisis,Bulbo,Especial/Disfunción,Diab etes insípi da,,Par normal (dos puntos distintos),no,no,Torso sin camisa OK · No genitales visibles · Ropa interior en zona pélvica si aparece,vista frontal de la cara enfocada en frente y entrecejo,Tablas Holoacademia (Lavín) - Sección Cabeza,Manual Biomagnetismo Mod.2 - Cabeza/Cuello,⏳ PENDIENTE - GENERAR,299,299_Hipofisis_Bulbo.png,
1,CABEZA,Cabeza,Frente,Hipófisis,Hipófisis - Mastoides IZQ,Hipófisis,Mastoides IZQ,,,,Par normal (dos puntos distintos),no,no,Torso sin camisa OK · No genitales visibles · Ropa interior en zona pélvica si aparece,vista frontal de la cara enfocada en frente y entrecejo,Tablas Holoacademia (Lavín) - Sección Cabeza,Manual Biomagnetismo Mod.2 - Cabeza/Cuello,⏳ PENDIENTE - GENERAR,300,300_Hipofisis_Mastoides_IZQ.png,
1,CABEZA,Cabeza,Frente,Hipófisis,Hipófisis - Tiroides,Hipófisis,Tiroides,Emocional/Psicoemocional,,,Par normal (dos puntos distintos),no,no,Torso sin camisa OK · No genitales visibles · Ropa interior en zona pélvica si aparece,vista frontal de la cara enfocada en frente y entrecejo,Tablas Holoacademia (Lavín) - Sección Cabeza,Manual Biomagnetismo Mod.2 - Cabeza/Cuello,⏳ PENDIENTE - GENERAR,301,301_Hipofisis_Tiroides.png,
1,CABEZA,Cabeza,Frente,Hipófisis,Hipófisis - Vejiga,Hipófisis,Vejiga,Virus,Flavivicus,,Par normal (dos puntos distintos),SÍ,no,Torso sin camisa OK · No genitales visibles · Ropa interior en zona pélvica si aparece,vista frontal de la cara enfocada en frente y entrecejo,Tablas Holoacademia (Lavín) - Sección Cabeza,Manual Biomagnetismo Mod.2 - Cabeza/Cuello,⏳ PENDIENTE - GENERAR,302,302_Hipofisis_Vejiga.png,
1,CABEZA,Cabeza,Frente,Hipófisis,Hipófisis - Testículo,Hipófisis,Testículo,,,,Par normal (dos puntos distintos),SÍ,SÍ,Licra negra ajustada + top negro si aplica · Sin desnudez · Estilo médico sobrio,vista frontal de la cara enfocada en frente y entrecejo,Tablas Holoacademia (Lavín) - Sección Cabeza,Manual Biomagnetismo Mod.2 - Cabeza/Cuello,⏳ PENDIENTE - GENERAR,303,303_Hipofisis_Testiculo.png,
1,CABEZA,Cabeza,Frente,Hipófisis,Hipófisis - Ovario,Hipófisis,Ovario,Disfunción,Espe cial,,Par normal (dos puntos distintos),SÍ,SÍ,Licra negra ajustada + top negro si aplica · Sin desnudez · Estilo médico sobrio,vista frontal de la cara enfocada en frente y entrecejo,Tablas Holoacademia (Lavín) - Sección Cabeza,Manual Biomagnetismo Mod.2 - Cabeza/Cuello,⏳ PENDIENTE - GENERAR,304,304_Hipofisis_Ovario.png,
1,CABEZA,Cabeza,Frente,Hipófisis,Hipófisis - Suprarrenales,Hipófisis,Suprarrenales,Disfunción,,,Par normal (dos puntos distintos),SÍ,no,Torso sin camisa OK · No genitales visibles · Ropa interior en zona pélvica si aparece,vista frontal de la cara enfocada en frente y entrecejo,Tablas Holoacademia (Lavín) - Sección Cabeza,Manual Biomagnetismo Mod.2 - Cabeza/Cuello,⏳ PENDIENTE - GENERAR,305,305_Hipofisis_Suprarrenales.png,
1,CABEZA,Cabeza,Frente,Hipófisis,Complejo Hipófisis Bulbo - Raquídeo Diabetes,Complejo Hipófisis Bulbo,Raquídeo Diabetes,,,,Par normal (dos puntos distintos),no,no,Torso sin camisa OK · No genitales visibles · Ropa interior en zona pélvica si aparece,vista frontal de la cara enfocada en frente y entrecejo,Tablas Holoacademia (Lavín) - Sección Cabeza,Manual Biomagnetismo Mod.2 - Cabeza/Cuello,⏳ PENDIENTE - GENERAR,306,306_Complejo_Hipofisis_Bulbo_Raquideo_Diabetes.png,
1,CABEZA,Cabeza,Frente,Hipófisis,Complejo Hipófisis Suprarrenales - Misheles,Complejo Hipófisis Suprarrenales,Misheles,,,,Par normal (dos puntos distintos),no,no,Torso sin camisa OK · No genitales visibles · Ropa interior en zona pélvica si aparece,vista frontal de la cara enfocada en frente y entrecejo,Tablas Holoacademia (Lavín) - Sección Cabeza,Manual Biomagnetismo Mod.2 - Cabeza/Cuello,⏳ PENDIENTE - GENERAR,307,307_Complejo_Hipofisis_Suprarrenales_Misheles.png,
1,CABEZA,Cabeza,Frente,Hipófisis,Adenohipofisis - Riñón Izquierdo,Adenohipofisis,Riñón Izquierdo,Especial/Disfunción,,,Par normal (dos puntos distintos),SÍ,no,Torso sin camisa OK · No genitales visibles · Ropa interior en zona pélvica si aparece,vista frontal de la cara enfocada en frente y entrecejo,Tablas Holoacademia (Lavín) - Sección Cabeza,Manual Biomagnetismo Mod.2 - Cabeza/Cuello,⏳ PENDIENTE - GENERAR,308,308_Adenohipofisis_Rinon_Izquierdo.png,
1,CABEZA,Cabeza,Frente,Hipófisis,Suprasensorial - Hipófisis,Suprasensorial,Hipófisis,Emocional/Psicoemocional,,,Par normal (dos puntos distintos),no,no,Torso sin camisa OK · No genitales visibles · Ropa interior en zona pélvica si aparece,vista frontal de la cara enfocada en frente y entrecejo,Tablas Holoacademia (Lavín) - Sección Cabeza,Manual Biomagnetismo Mod.2 - Cabeza/Cuello,⏳ PENDIENTE - GENERAR,309,309_Suprasensorial_Hipofisis.png,
1,CABEZA,Cabeza,Frente,Hipófisis,Hipófisis - Suprarrenal,Hipófisis,Suprarrenal,Sin clasificar,Disfu nció n,,Par normal (dos puntos distintos),SÍ,no,Torso sin camisa OK · No genitales visibles · Ropa interior en zona pélvica si aparece,vista frontal de la cara enfocada en frente y entrecejo,Tablas Holoacademia (Lavín) - Sección Cabeza,Manual Biomagnetismo Mod.2 - Cabeza/Cuello,⏳ PENDIENTE - GENERAR,310,310_Hipofisis_Suprarrenal.png,
1,CABEZA,Cabeza,Frente,Hipófisis,Hipófisis - Testículo IZQ,Hipófisis,Testículo IZQ,,,,Par normal (dos puntos distintos),SÍ,SÍ,Licra negra ajustada + top negro si aplica · Sin desnudez · Estilo médico sobrio,vista frontal de la cara enfocada en frente y entrecejo,Tablas Holoacademia (Lavín) - Sección Cabeza,Manual Biomagnetismo Mod.2 - Cabeza/Cuello,⏳ PENDIENTE - GENERAR,311,311_Hipofisis_Testiculo_IZQ.png,
1,CABEZA,Cabeza,Frente,Hipófisis,Hipófisis - Ovario IZQ,Hipófisis,Ovario IZQ,,,,Par normal (dos puntos distintos),SÍ,SÍ,Licra negra ajustada + top negro si aplica · Sin desnudez · Estilo médico sobrio,vista frontal de la cara enfocada en frente y entrecejo,Tablas Holoacademia (Lavín) - Sección Cabeza,Manual Biomagnetismo Mod.2 - Cabeza/Cuello,⏳ PENDIENTE - GENERAR,312,312_Hipofisis_Ovario_IZQ.png,
1,CABEZA,Cabeza,Frente,Hipófisis,Hipófisis - Frontal DER,Hipófisis,Frontal DER,,,,Par normal (dos puntos distintos),no,no,Torso sin camisa OK · No genitales visibles · Ropa interior en zona pélvica si aparece,vista frontal de la cara enfocada en frente y entrecejo,Tablas Holoacademia (Lavín) - Sección Cabeza,Manual Biomagnetismo Mod.2 - Cabeza/Cuello,⏳ PENDIENTE - GENERAR,313,313_Hipofisis_Frontal_DER.png,
1,CABEZA,Cabeza,Frente,Hipófisis,Hipófisis - Ovario Derecho,Hipófisis,Ovario Derecho,Disfunción,,,Par normal (dos puntos distintos),SÍ,SÍ,Licra negra ajustada + top negro si aplica · Sin desnudez · Estilo médico sobrio,vista frontal de la cara enfocada en frente y entrecejo,Tablas Holoacademia (Lavín) - Sección Cabeza,Manual Biomagnetismo Mod.2 - Cabeza/Cuello,⏳ PENDIENTE - GENERAR,314,314_Hipofisis_Ovario_Derecho.png,
1,CABEZA,Cabeza,Frente,Hipófisis,Hipófisis - Subclavia Derecha,Hipófisis,Subclavia Derecha,Disfunción,,,Par normal (dos puntos distintos),SÍ,no,Torso sin camisa OK · No genitales visibles · Ropa interior en zona pélvica si aparece,vista frontal de la cara enfocada en frente y entrecejo,Tablas Holoacademia (Lavín) - Sección Cabeza,Manual Biomagnetismo Mod.2 - Cabeza/Cuello,⏳ PENDIENTE - GENERAR,315,315_Hipofisis_Subclavia_Derecha.png,
1,CABEZA,Cabeza,Frente,Hipófisis,Hipófisis - Mama,Hipófisis,Mama,Especial/Disfunción,Espe cial,,Par normal (dos puntos distintos),no,no,Torso sin camisa OK · No genitales visibles · Ropa interior en zona pélvica si aparece,vista frontal de la cara enfocada en frente y entrecejo,Tablas Holoacademia (Lavín) - Sección Cabeza,Manual Biomagnetismo Mod.2 - Cabeza/Cuello,⏳ PENDIENTE - GENERAR,316,316_Hipofisis_Mama.png,
1,CABEZA,Cabeza,Frente,Hipófisis,Mastoides derecha - Hipófisis,Mastoides derecha,Hipófisis,Emocional/Psicoemocional,,,Par normal (dos puntos distintos),no,no,Torso sin camisa OK · No genitales visibles · Ropa interior en zona pélvica si aparece,vista frontal de la cara enfocada en frente y entrecejo,Tablas Holoacademia (Lavín) - Sección Cabeza,Manual Biomagnetismo Mod.2 - Cabeza/Cuello,⏳ PENDIENTE - GENERAR,317,317_Mastoides_derecha_Hipofisis.png,
1,CABEZA,Cabeza,Frente,Hipófisis,Paratiroides - Hipófisis,Paratiroides,Hipófisis,Sin clasificar,,,Par normal (dos puntos distintos),no,no,Torso sin camisa OK · No genitales visibles · Ropa interior en zona pélvica si aparece,vista frontal de la cara enfocada en frente y entrecejo,Tablas Holoacademia (Lavín) - Sección Cabeza,Manual Biomagnetismo Mod.2 - Cabeza/Cuello,⏳ PENDIENTE - GENERAR,318,318_Paratiroides_Hipofisis.png,
1,CABEZA,Cabeza,Frente,Hipófisis,Hipófisis - Bulbo Raquídeo,Hipófisis,Bulbo Raquídeo,Especial/Disfunción,,,Par normal (dos puntos distintos),no,no,Torso sin camisa OK · No genitales visibles · Ropa interior en zona pélvica si aparece,vista frontal de la cara enfocada en frente y entrecejo,Tablas Holoacademia (Lavín) - Sección Cabeza,Manual Biomagnetismo Mod.2 - Cabeza/Cuello,⏳ PENDIENTE - GENERAR,319,319_Hipofisis_Bulbo_Raquideo.png,
1,CABEZA,Cabeza,Frente,Frente Baja,Supraciliar - Bulbo,Supraciliar,Bulbo,Sin clasificar,,,Par normal (dos puntos distintos),no,no,Torso sin camisa OK · No genitales visibles · Ropa interior en zona pélvica si aparece,vista frontal de la cara enfocada en frente y entrecejo,Tablas Holoacademia (Lavín) - Sección Cabeza,Manual Biomagnetismo Mod.2 - Cabeza/Cuello,⏳ PENDIENTE - GENERAR,320,320_Supraciliar_Bulbo.png,
1,CABEZA,Cabeza,Frente,Frente Baja,Interciliar - Bulbo,Interciliar,Bulbo,,Carácter (David),,Par normal (dos puntos distintos),no,no,Torso sin camisa OK · No genitales visibles · Ropa interior en zona pélvica si aparece,vista frontal de la cara enfocada en frente y entrecejo,Tablas Holoacademia (Lavín) - Sección Cabeza,Manual Biomagnetismo Mod.2 - Cabeza/Cuello,⏳ PENDIENTE - GENERAR,321,321_Interciliar_Bulbo.png,
1,CABEZA,Cabeza,Frente,Frente Baja,Interciliar - Riñón RAS,Interciliar,Riñón RAS,,,,Par normal (dos puntos distintos),no,no,Torso sin camisa OK · No genitales visibles · Ropa interior en zona pélvica si aparece,vista frontal de la cara enfocada en frente y entrecejo,Tablas Holoacademia (Lavín) - Sección Cabeza,Manual Biomagnetismo Mod.2 - Cabeza/Cuello,⏳ PENDIENTE - GENERAR,322,322_Interciliar_Rinon_RAS.png,
1,CABEZA,Cabeza,Frente,Frente Baja,Interciliar - Sacro,Interciliar,Sacro,Reservorio,,,Par normal (dos puntos distintos),no,SÍ,Licra negra ajustada + top negro si aplica · Sin desnudez · Estilo médico sobrio,vista frontal de la cara enfocada en frente y entrecejo,Tablas Holoacademia (Lavín) - Sección Cabeza,Manual Biomagnetismo Mod.2 - Cabeza/Cuello,⏳ PENDIENTE - GENERAR,323,323_Interciliar_Sacro.png,
1,CABEZA,Cabeza,Frente,Frente Baja,Seno Frontal - Seno Frontal,Seno Frontal,Seno Frontal,Virus,Sinu sitis front al,,Mismo punto simple (un marcador),no,no,Torso sin camisa OK · No genitales visibles · Ropa interior en zona pélvica si aparece,vista frontal de la cara enfocada en frente y entrecejo,Tablas Holoacademia (Lavín) - Sección Cabeza,Manual Biomagnetismo Mod.2 - Cabeza/Cuello,⏳ PENDIENTE - GENERAR,324,324_Seno_Frontal_Seno_Frontal.png,
1,CABEZA,Cabeza,Frente,Frente Baja,Ceja - Ceja,Ceja,Ceja,Emocional/Psicoemocional,Sinci cial Resp,,Mismo punto simple (un marcador),no,no,Torso sin camisa OK · No genitales visibles · Ropa interior en zona pélvica si aparece,vista frontal de la cara enfocada en frente y entrecejo,Tablas Holoacademia (Lavín) - Sección Cabeza,Manual Biomagnetismo Mod.2 - Cabeza/Cuello,⏳ PENDIENTE - GENERAR,325,325_Ceja_Ceja.png,
1,CABEZA,Cabeza,Frente,Frente Baja,Supraciliar - Bulbo Raquídeo,Supraciliar,Bulbo Raquídeo,Especial/Disfunción,,,Par normal (dos puntos distintos),no,no,Torso sin camisa OK · No genitales visibles · Ropa interior en zona pélvica si aparece,vista frontal de la cara enfocada en frente y entrecejo,Tablas Holoacademia (Lavín) - Sección Cabeza,Manual Biomagnetismo Mod.2 - Cabeza/Cuello,⏳ PENDIENTE - GENERAR,326,326_Supraciliar_Bulbo_Raquideo.png,
1,CABEZA,Cabeza,Frente,Frente Baja,Interciliar - Bulbo Raquídeo,Interciliar,Bulbo Raquídeo,Emocional/Psicoemocional,,,Par normal (dos puntos distintos),no,no,Torso sin camisa OK · No genitales visibles · Ropa interior en zona pélvica si aparece,vista frontal de la cara enfocada en frente y entrecejo,Tablas Holoacademia (Lavín) - Sección Cabeza,Manual Biomagnetismo Mod.2 - Cabeza/Cuello,⏳ PENDIENTE - GENERAR,327,327_Interciliar_Bulbo_Raquideo.png,
1,CABEZA,Cabeza,Frente,Frente Baja,Ceja - Sincicial Respiratorio,Ceja,Sincicial Respiratorio,,,,Par normal (dos puntos distintos),no,no,Torso sin camisa OK · No genitales visibles · Ropa interior en zona pélvica si aparece,vista frontal de la cara enfocada en frente y entrecejo,Tablas Holoacademia (Lavín) - Sección Cabeza,Manual Biomagnetismo Mod.2 - Cabeza/Cuello,⏳ PENDIENTE - GENERAR,328,328_Ceja_Sincicial_Respiratorio.png,
1,CABEZA,Cabeza,Frente,Frente Baja,Ceja Derecha - Hígado,Ceja Derecha,Hígado,Emocional/Psicoemocional,,,Par normal (dos puntos distintos),no,no,Torso sin camisa OK · No genitales visibles · Ropa interior en zona pélvica si aparece,vista frontal de la cara enfocada en frente y entrecejo,Tablas Holoacademia (Lavín) - Sección Cabeza,Manual Biomagnetismo Mod.2 - Cabeza/Cuello,⏳ PENDIENTE - GENERAR,329,329_Ceja_Derecha_Higado.png,
1,CABEZA,Cabeza,Frente,Frente Baja,Supraciliar - Supraciliar (Polo),Supraciliar,Supraciliar (Polo),,,,Par normal (dos puntos distintos),no,no,Torso sin camisa OK · No genitales visibles · Ropa interior en zona pélvica si aparece,vista frontal de la cara enfocada en frente y entrecejo,Tablas Holoacademia (Lavín) - Sección Cabeza,Manual Biomagnetismo Mod.2 - Cabeza/Cuello,⏳ PENDIENTE - GENERAR,330,330_Supraciliar_Supraciliar_Polo.png,
1,CABEZA,Cabeza,Frente,Frente Baja,Intercilliar - Bulbo,Intercilliar,Bulbo,,,,Par normal (dos puntos distintos),no,no,Torso sin camisa OK · No genitales visibles · Ropa interior en zona pélvica si aparece,vista frontal de la cara enfocada en frente y entrecejo,Tablas Holoacademia (Lavín) - Sección Cabeza,Manual Biomagnetismo Mod.2 - Cabeza/Cuello,⏳ PENDIENTE - GENERAR,331,331_Intercilliar_Bulbo.png,
1,CABEZA,Cabeza,Frente,Frente Baja,Intercilliar - Riñón RAS,Intercilliar,Riñón RAS,,,,Par normal (dos puntos distintos),no,no,Torso sin camisa OK · No genitales visibles · Ropa interior en zona pélvica si aparece,vista frontal de la cara enfocada en frente y entrecejo,Tablas Holoacademia (Lavín) - Sección Cabeza,Manual Biomagnetismo Mod.2 - Cabeza/Cuello,⏳ PENDIENTE - GENERAR,332,332_Intercilliar_Rinon_RAS.png,
1,CABEZA,Cabeza,Frente,Frente Baja,Intercilliar - Sacro,Intercilliar,Sacro,,,,Par normal (dos puntos distintos),no,SÍ,Licra negra ajustada + top negro si aplica · Sin desnudez · Estilo médico sobrio,vista frontal de la cara enfocada en frente y entrecejo,Tablas Holoacademia (Lavín) - Sección Cabeza,Manual Biomagnetismo Mod.2 - Cabeza/Cuello,⏳ PENDIENTE - GENERAR,333,333_Intercilliar_Sacro.png,
1,CABEZA,Cabeza,Frente,Frente Baja,Interciliar - Suprarrenales,Interciliar,Suprarrenales,Disfunción,,,Par normal (dos puntos distintos),no,no,Torso sin camisa OK · No genitales visibles · Ropa interior en zona pélvica si aparece,vista frontal de la cara enfocada en frente y entrecejo,Tablas Holoacademia (Lavín) - Sección Cabeza,Manual Biomagnetismo Mod.2 - Cabeza/Cuello,⏳ PENDIENTE - GENERAR,334,334_Interciliar_Suprarrenales.png,
1,CABEZA,Cabeza,Frente,Hipotálamo,Hipotálamo - Hipotálamo,Hipotálamo,Hipotálamo,Especial/Disfunción,,,Mismo punto simple (un marcador),no,no,Torso sin camisa OK · No genitales visibles · Ropa interior en zona pélvica si aparece,vista frontal de la cara enfocada en frente y entrecejo,Tablas Holoacademia (Lavín) - Sección Cabeza,Manual Biomagnetismo Mod.2 - Cabeza/Cuello,⏳ PENDIENTE - GENERAR,335,335_Hipotalamo_Hipotalamo.png,
1,CABEZA,Cabeza,Frente,Hipotálamo,Hipotálamo - Tiroides,Hipotálamo,Tiroides,,,,Par normal (dos puntos distintos),no,no,Torso sin camisa OK · No genitales visibles · Ropa interior en zona pélvica si aparece,vista frontal de la cara enfocada en frente y entrecejo,Tablas Holoacademia (Lavín) - Sección Cabeza,Manual Biomagnetismo Mod.2 - Cabeza/Cuello,⏳ PENDIENTE - GENERAR,336,336_Hipotalamo_Tiroides.png,
1,CABEZA,Cabeza,Frente,Hipotálamo,Hipotálamo - Sacro,Hipotálamo,Sacro,Bacteria,Myco plas maHomi nis,,Par normal (dos puntos distintos),SÍ,SÍ,Licra negra ajustada + top negro si aplica · Sin desnudez · Estilo médico sobrio,vista frontal de la cara enfocada en frente y entrecejo,Tablas Holoacademia (Lavín) - Sección Cabeza,Manual Biomagnetismo Mod.2 - Cabeza/Cuello,⏳ PENDIENTE - GENERAR,337,337_Hipotalamo_Sacro.png,
1,CABEZA,Cabeza,Rostro,Ojo,Párpado - Párpado,Párpado,Párpado,Bacteria,Mora xela Cata eallis,,Mismo punto simple (un marcador),no,no,Torso sin camisa OK · No genitales visibles · Ropa interior en zona pélvica si aparece,vista frontal del rostro completo,Tablas Holoacademia (Lavín) - Sección Cabeza,Manual Biomagnetismo Mod.2 - Cabeza/Cuello,✅ TIENE FICHA APROBADA,37,037_Parpado_parpado.png,037_Parpado_parpado.png
1,CABEZA,Cabeza,Rostro,Ojo,Ojo - Ojo,Ojo,Ojo,Virus,Citomegalovirus,,Mismo punto simple (un marcador),no,no,Torso sin camisa OK · No genitales visibles · Ropa interior en zona pélvica si aparece,vista frontal del rostro completo,Tablas Holoacademia (Lavín) - Sección Cabeza,Manual Biomagnetismo Mod.2 - Cabeza/Cuello,✅ TIENE FICHA APROBADA,54,054_Ojo_Ojo.png,054_Ojo_Ojo.png
1,CABEZA,Cabeza,Rostro,Ojo,Ojo - Cerebelo,Ojo,Cerebelo,Especial/Disfunción,Espe cial.,,Par normal (dos puntos distintos),no,no,Torso sin camisa OK · No genitales visibles · Ropa interior en zona pélvica si aparece,vista frontal del rostro completo,Tablas Holoacademia (Lavín) - Sección Cabeza,Manual Biomagnetismo Mod.2 - Cabeza/Cuello,✅ TIENE FICHA APROBADA,57,057_Ojo_Cerebelo.png,057_Ojo_Cerebelo.png
1,CABEZA,Cabeza,Rostro,Ojo,Ojo - Escápula RAS,Ojo,Escápula RAS,,,,Par normal (dos puntos distintos),SÍ,no,Torso sin camisa OK · No genitales visibles · Ropa interior en zona pélvica si aparece,vista frontal del rostro completo,Tablas Holoacademia (Lavín) - Sección Cabeza,Manual Biomagnetismo Mod.2 - Cabeza/Cuello,⏳ PENDIENTE - GENERAR,338,338_Ojo_Escapula_RAS.png,
1,CABEZA,Cabeza,Rostro,Ojo,Unguis - Unguis,Unguis,Unguis,Hongo,,,Mismo punto simple (un marcador),no,no,Torso sin camisa OK · No genitales visibles · Ropa interior en zona pélvica si aparece,vista frontal del rostro completo,Tablas Holoacademia (Lavín) - Sección Cabeza,Manual Biomagnetismo Mod.2 - Cabeza/Cuello,⏳ PENDIENTE - GENERAR,339,339_Unguis_Unguis.png,
1,CABEZA,Cabeza,Rostro,Ojo,Ojo Derecho - Riñón Derecho,Ojo Derecho,Riñón Derecho,,,,Par normal (dos puntos distintos),SÍ,no,Torso sin camisa OK · No genitales visibles · Ropa interior en zona pélvica si aparece,vista frontal del rostro completo,Tablas Holoacademia (Lavín) - Sección Cabeza,Manual Biomagnetismo Mod.2 - Cabeza/Cuello,⏳ PENDIENTE - GENERAR,340,340_Ojo_Derecho_Rinon_Derecho.png,
1,CABEZA,Cabeza,Rostro,Ojo,Ojo Izquierdo - Riñón Izquierdo,Ojo Izquierdo,Riñón Izquierdo,Emocional/Psicoemocional,,,Par normal (dos puntos distintos),SÍ,no,Torso sin camisa OK · No genitales visibles · Ropa interior en zona pélvica si aparece,vista frontal del rostro completo,Tablas Holoacademia (Lavín) - Sección Cabeza,Manual Biomagnetismo Mod.2 - Cabeza/Cuello,⏳ PENDIENTE - GENERAR,341,341_Ojo_Izquierdo_Rinon_Izquierdo.png,
1,CABEZA,Cabeza,Rostro,Ojo,Canto de Ojo - Canto de Ojo,Canto de Ojo,Canto de Ojo,,,,Mismo punto simple (un marcador),no,no,Torso sin camisa OK · No genitales visibles · Ropa interior en zona pélvica si aparece,vista frontal del rostro completo,Tablas Holoacademia (Lavín) - Sección Cabeza,Manual Biomagnetismo Mod.2 - Cabeza/Cuello,⏳ PENDIENTE - GENERAR,342,342_Canto_de_Ojo_Canto_de_Ojo.png,
1,CABEZA,Cabeza,Rostro,Anillo Ocular,Piso Orbital - Piso Orbital,Piso Orbital,Piso Orbital,Virus,virus ReoProblemas,,Mismo punto simple (un marcador),no,no,Torso sin camisa OK · No genitales visibles · Ropa interior en zona pélvica si aparece,vista frontal del rostro completo,Tablas Holoacademia (Lavín) - Sección Cabeza,Manual Biomagnetismo Mod.2 - Cabeza/Cuello,⏳ PENDIENTE - GENERAR,343,343_Piso_Orbital_Piso_Orbital.png,
1,CABEZA,Cabeza,Rostro,Anillo Ocular,Piso Orbital - Cerebelo,Piso Orbital,Cerebelo,Emocional/Psicoemocional,,,Par normal (dos puntos distintos),no,no,Torso sin camisa OK · No genitales visibles · Ropa interior en zona pélvica si aparece,vista frontal del rostro completo,Tablas Holoacademia (Lavín) - Sección Cabeza,Manual Biomagnetismo Mod.2 - Cabeza/Cuello,⏳ PENDIENTE - GENERAR,344,344_Piso_Orbital_Cerebelo.png,
1,CABEZA,Cabeza,Rostro,Anillo Ocular,Canto - Canto,Canto,Canto,Complejo,hongo debe estar,,Mismo punto simple (un marcador),no,no,Torso sin camisa OK · No genitales visibles · Ropa interior en zona pélvica si aparece,vista frontal del rostro completo,Tablas Holoacademia (Lavín) - Sección Cabeza,Manual Biomagnetismo Mod.2 - Cabeza/Cuello,✅ TIENE FICHA APROBADA,78,078_Canto_Canto.png,078_Canto_Canto.png
1,CABEZA,Cabeza,Rostro,Anillo Ocular,Craneal - Craneal,Craneal,Craneal,Bacteria,Bacilo ántrax,,Mismo punto simple (un marcador),no,no,Torso sin camisa OK · No genitales visibles · Ropa interior en zona pélvica si aparece,vista frontal del rostro completo,Tablas Holoacademia (Lavín) - Sección Cabeza,Manual Biomagnetismo Mod.2 - Cabeza/Cuello,✅ TIENE FICHA APROBADA,30,030_Craneal_craneal.png,030_Craneal_craneal.png
1,CABEZA,Cabeza,Rostro,Anillo Ocular,Lacrimal - Lacrimal,Lacrimal,Lacrimal,Bacteria,Influenza,,Mismo punto simple (un marcador),no,no,Torso sin camisa OK · No genitales visibles · Ropa interior en zona pélvica si aparece,vista frontal del rostro completo,Tablas Holoacademia (Lavín) - Sección Cabeza,Manual Biomagnetismo Mod.2 - Cabeza/Cuello,⏳ PENDIENTE - GENERAR,345,345_Lacrimal_Lacrimal.png,
1,CABEZA,Cabeza,Rostro,Anillo Ocular,Canto RAS - Riñón RAS,Canto RAS,Riñón RAS,,,,Par normal (dos puntos distintos),no,no,Torso sin camisa OK · No genitales visibles · Ropa interior en zona pélvica si aparece,vista frontal del rostro completo,Tablas Holoacademia (Lavín) - Sección Cabeza,Manual Biomagnetismo Mod.2 - Cabeza/Cuello,⏳ PENDIENTE - GENERAR,346,346_Canto_RAS_Rinon_RAS.png,
1,CABEZA,Cabeza,Rostro,Anillo Ocular,Seno frontal - Seno frontal IZQ,Seno frontal,Seno frontal IZQ,,,,Bilateral real (derecho/izquierdo),no,no,Torso sin camisa OK · No genitales visibles · Ropa interior en zona pélvica si aparece,vista frontal del rostro completo,Tablas Holoacademia (Lavín) - Sección Cabeza,Manual Biomagnetismo Mod.2 - Cabeza/Cuello,⏳ PENDIENTE - GENERAR,347,347_Seno_frontal_Seno_frontal_IZQ.png,
1,CABEZA,Cabeza,Rostro,Anillo Ocular,Maxilar IZQ - Cola de Páncreas,Maxilar IZQ,Cola de Páncreas,,,,Par normal (dos puntos distintos),SÍ,no,Torso sin camisa OK · No genitales visibles · Ropa interior en zona pélvica si aparece,vista frontal del rostro completo,Tablas Holoacademia (Lavín) - Sección Cabeza,Manual Biomagnetismo Mod.2 - Cabeza/Cuello,⏳ PENDIENTE - GENERAR,348,348_Maxilar_IZQ_Cola_de_Pancreas.png,
1,CABEZA,Cabeza,Rostro,Pómulo,Pómulo - Pómulo,Pómulo,Pómulo,Virus,Enter oviru s,,Mismo punto simple (un marcador),no,no,Torso sin camisa OK · No genitales visibles · Ropa interior en zona pélvica si aparece,vista frontal del rostro completo,Tablas Holoacademia (Lavín) - Sección Cabeza,Manual Biomagnetismo Mod.2 - Cabeza/Cuello,⏳ PENDIENTE - GENERAR,349,349_Pomulo_Pomulo.png,
1,CABEZA,Cabeza,Rostro,Pómulo,Pómulo - Riñón,Pómulo,Riñón,,,,Par normal (dos puntos distintos),no,no,Torso sin camisa OK · No genitales visibles · Ropa interior en zona pélvica si aparece,vista frontal del rostro completo,Tablas Holoacademia (Lavín) - Sección Cabeza,Manual Biomagnetismo Mod.2 - Cabeza/Cuello,⏳ PENDIENTE - GENERAR,350,350_Pomulo_Rinon.png,
1,CABEZA,Cabeza,Rostro,Pómulo,Pómulo DER - Tiroides,Pómulo DER,Tiroides,,,,Par normal (dos puntos distintos),no,no,Torso sin camisa OK · No genitales visibles · Ropa interior en zona pélvica si aparece,vista frontal del rostro completo,Tablas Holoacademia (Lavín) - Sección Cabeza,Manual Biomagnetismo Mod.2 - Cabeza/Cuello,⏳ PENDIENTE - GENERAR,351,351_Pomulo_DER_Tiroides.png,
1,CABEZA,Cabeza,Rostro,Pómulo,Pómulo IZQ - Riñón DER,Pómulo IZQ,Riñón DER,,,,Par normal (dos puntos distintos),no,no,Torso sin camisa OK · No genitales visibles · Ropa interior en zona pélvica si aparece,vista frontal del rostro completo,Tablas Holoacademia (Lavín) - Sección Cabeza,Manual Biomagnetismo Mod.2 - Cabeza/Cuello,⏳ PENDIENTE - GENERAR,352,352_Pomulo_IZQ_Rinon_DER.png,
1,CABEZA,Cabeza,Rostro,Pómulo,Malar - Malar,Malar,Malar,Virus,Enterovirus,,Mismo punto simple (un marcador),no,no,Torso sin camisa OK · No genitales visibles · Ropa interior en zona pélvica si aparece,vista frontal del rostro completo,Tablas Holoacademia (Lavín) - Sección Cabeza,Manual Biomagnetismo Mod.2 - Cabeza/Cuello,✅ TIENE FICHA APROBADA,11,011_Malar_Malar.png,011_Malar_Malar.png
1,CABEZA,Cabeza,Rostro,Pómulo,Malar Derecho - Malar Izquierdo,Malar Derecho,Malar Izquierdo,,,,Bilateral real (derecho/izquierdo),no,no,Torso sin camisa OK · No genitales visibles · Ropa interior en zona pélvica si aparece,vista frontal del rostro completo,Tablas Holoacademia (Lavín) - Sección Cabeza,Manual Biomagnetismo Mod.2 - Cabeza/Cuello,⏳ PENDIENTE - GENERAR,353,353_Malar_Derecho_Malar_Izquierdo.png,
1,CABEZA,Cabeza,Rostro,Pómulo,Malar - Riñón Contralateral,Malar,Riñón Contralateral,,,,Par normal (dos puntos distintos),no,no,Torso sin camisa OK · No genitales visibles · Ropa interior en zona pélvica si aparece,vista frontal del rostro completo,Tablas Holoacademia (Lavín) - Sección Cabeza,Manual Biomagnetismo Mod.2 - Cabeza/Cuello,⏳ PENDIENTE - GENERAR,354,354_Malar_Rinon_Contralateral.png,
1,CABEZA,Cabeza,Rostro,Pómulo,Pómulo - Riñón Contralateral,Pómulo,Riñón Contralateral,Parásito,Plasmodium,,Par normal (dos puntos distintos),no,no,Torso sin camisa OK · No genitales visibles · Ropa interior en zona pélvica si aparece,vista frontal del rostro completo,Tablas Holoacademia (Lavín) - Sección Cabeza,Manual Biomagnetismo Mod.2 - Cabeza/Cuello,⏳ PENDIENTE - GENERAR,355,355_Pomulo_Rinon_Contralateral.png,
1,CABEZA,Cabeza,Rostro,Nariz,Nariz - Nariz,Nariz,Nariz,Especial/Disfunción,Toxoides,,Mismo punto simple (un marcador),no,no,Torso sin camisa OK · No genitales visibles · Ropa interior en zona pélvica si aparece,vista frontal del rostro completo,Tablas Holoacademia (Lavín) - Sección Cabeza,Manual Biomagnetismo Mod.2 - Cabeza/Cuello,✅ TIENE FICHA APROBADA,44,044_Nariz_Nariz.png,044_Nariz_Nariz.png
1,CABEZA,Cabeza,Rostro,Nariz,Seno Nasal - Seno Nasal,Seno Nasal,Seno Nasal,Virus,Rinovirus,,Mismo punto simple (un marcador),no,no,Torso sin camisa OK · No genitales visibles · Ropa interior en zona pélvica si aparece,vista frontal del rostro completo,Tablas Holoacademia (Lavín) - Sección Cabeza,Manual Biomagnetismo Mod.2 - Cabeza/Cuello,⏳ PENDIENTE - GENERAR,356,356_Seno_Nasal_Seno_Nasal.png,
1,CABEZA,Cabeza,Rostro,Nariz,Maxilar Superior DER - Cola de Páncreas,Maxilar Superior DER,Cola de Páncreas,,,,Par normal (dos puntos distintos),SÍ,no,Torso sin camisa OK · No genitales visibles · Ropa interior en zona pélvica si aparece,vista frontal del rostro completo,Tablas Holoacademia (Lavín) - Sección Cabeza,Manual Biomagnetismo Mod.2 - Cabeza/Cuello,⏳ PENDIENTE - GENERAR,357,357_Maxilar_Superior_DER_Cola_de_Pancreas.png,
1,CABEZA,Cabeza,Rostro,Nariz,Lengua - Lengua,Lengua,Lengua,Parásito,"Escabiosis o sama. Problemas cutáneos tipo dermatitis, causa la alopecia ariata (se cae el pelo por mechones), se trasmite por el pelo de animales al asociarse con otro da falso cáncer de lengua o laringe",,Mismo punto simple (un marcador),no,no,Torso sin camisa OK · No genitales visibles · Ropa interior en zona pélvica si aparece,vista frontal del rostro completo,Tablas Holoacademia (Lavín) - Sección Cabeza,Manual Biomagnetismo Mod.2 - Cabeza/Cuello,✅ TIENE FICHA APROBADA,22,022_Lengua_Lengua.png,022_Lengua_Lengua.png
1,CABEZA,Cabeza,Rostro,Nariz,Lengua IZQ - Corazón,Lengua IZQ,Corazón,,,,Par normal (dos puntos distintos),no,no,Torso sin camisa OK · No genitales visibles · Ropa interior en zona pélvica si aparece,vista frontal del rostro completo,Tablas Holoacademia (Lavín) - Sección Cabeza,Manual Biomagnetismo Mod.2 - Cabeza/Cuello,⏳ PENDIENTE - GENERAR,358,358_Lengua_IZQ_Corazon.png,
1,CABEZA,Cabeza,Rostro,Nariz,Lengua IZQ - Hígado,Lengua IZQ,Hígado,,,,Par normal (dos puntos distintos),no,no,Torso sin camisa OK · No genitales visibles · Ropa interior en zona pélvica si aparece,vista frontal del rostro completo,Tablas Holoacademia (Lavín) - Sección Cabeza,Manual Biomagnetismo Mod.2 - Cabeza/Cuello,⏳ PENDIENTE - GENERAR,359,359_Lengua_IZQ_Higado.png,
1,CABEZA,Cabeza,Rostro,Nariz,Adenoides - Adenoides,Adenoides,Adenoides,Especial/Disfunción,,,Mismo punto simple (un marcador),no,no,Torso sin camisa OK · No genitales visibles · Ropa interior en zona pélvica si aparece,vista frontal del rostro completo,Tablas Holoacademia (Lavín) - Sección Cabeza,Manual Biomagnetismo Mod.2 - Cabeza/Cuello,⏳ PENDIENTE - GENERAR,360,360_Adenoides_Adenoides.png,
1,CABEZA,Cabeza,Rostro,Nariz,Maxilar - Maxilar,Maxilar,Maxilar,Bacteria,Streptococcus B,,Mismo punto simple (un marcador),no,no,Torso sin camisa OK · No genitales visibles · Ropa interior en zona pélvica si aparece,vista frontal del rostro completo,Tablas Holoacademia (Lavín) - Sección Cabeza,Manual Biomagnetismo Mod.2 - Cabeza/Cuello,⏳ PENDIENTE - GENERAR,361,361_Maxilar_Maxilar.png,
1,CABEZA,Cabeza,Rostro,Nariz,Seno Esfenoidal - Seno Esfenoidal,Seno Esfenoidal,Seno Esfenoidal,Reservorio,DE BACTERIAS GENERALES,,Mismo punto simple (un marcador),no,no,Torso sin camisa OK · No genitales visibles · Ropa interior en zona pélvica si aparece,vista frontal del rostro completo,Tablas Holoacademia (Lavín) - Sección Cabeza,Manual Biomagnetismo Mod.2 - Cabeza/Cuello,⏳ PENDIENTE - GENERAR,362,362_Seno_Esfenoidal_Seno_Esfenoidal.png,
1,CABEZA,Cabeza,Rostro,Nariz,Seno Etmoidal - Seno Etmoidal,Seno Etmoidal,Seno Etmoidal,Virus,RhinoVirus,,Mismo punto simple (un marcador),no,no,Torso sin camisa OK · No genitales visibles · Ropa interior en zona pélvica si aparece,vista frontal del rostro completo,Tablas Holoacademia (Lavín) - Sección Cabeza,Manual Biomagnetismo Mod.2 - Cabeza/Cuello,⏳ PENDIENTE - GENERAR,363,363_Seno_Etmoidal_Seno_Etmoidal.png,
1,CABEZA,Cabeza,Rostro,Nariz,Seno Paranasal - Seno Paranasal,Seno Paranasal,Seno Paranasal,Virus,Sinusitis,,Mismo punto simple (un marcador),no,no,Torso sin camisa OK · No genitales visibles · Ropa interior en zona pélvica si aparece,vista frontal del rostro completo,Tablas Holoacademia (Lavín) - Sección Cabeza,Manual Biomagnetismo Mod.2 - Cabeza/Cuello,⏳ PENDIENTE - GENERAR,364,364_Seno_Paranasal_Seno_Paranasal.png,
1,CABEZA,Cabeza,Rostro,Nariz,Retronasal - Retronasal,Retronasal,Retronasal,Hongo,Aspergillus,,Mismo punto simple (un marcador),no,no,Torso sin camisa OK · No genitales visibles · Ropa interior en zona pélvica si aparece,vista frontal del rostro completo,Tablas Holoacademia (Lavín) - Sección Cabeza,Manual Biomagnetismo Mod.2 - Cabeza/Cuello,⏳ PENDIENTE - GENERAR,365,365_Retronasal_Retronasal.png,
1,CABEZA,Cabeza,Rostro,Nariz,Maxilar Superior - Cola de Páncreas,Maxilar Superior,Cola de Páncreas,Bacteria,Diplo coco,,Par normal (dos puntos distintos),SÍ,no,Torso sin camisa OK · No genitales visibles · Ropa interior en zona pélvica si aparece,vista frontal del rostro completo,Tablas Holoacademia (Lavín) - Sección Cabeza,Manual Biomagnetismo Mod.2 - Cabeza/Cuello,⏳ PENDIENTE - GENERAR,366,366_Maxilar_Superior_Cola_de_Pancreas.png,
1,CABEZA,Cabeza,Rostro,Nariz,Maxilar Sup - Cola de Páncreas,Maxilar Sup,Cola de Páncreas,,,,Par normal (dos puntos distintos),SÍ,no,Torso sin camisa OK · No genitales visibles · Ropa interior en zona pélvica si aparece,vista frontal del rostro completo,Tablas Holoacademia (Lavín) - Sección Cabeza,Manual Biomagnetismo Mod.2 - Cabeza/Cuello,⏳ PENDIENTE - GENERAR,367,367_Maxilar_Sup_Cola_de_Pancreas.png,
1,CABEZA,Cabeza,Rostro,Boca,Comisura - Comisura,Comisura,Comisura,Virus,Herpes,,Mismo punto simple (un marcador),no,no,Torso sin camisa OK · No genitales visibles · Ropa interior en zona pélvica si aparece,vista frontal del rostro completo,Tablas Holoacademia (Lavín) - Sección Cabeza,Manual Biomagnetismo Mod.2 - Cabeza/Cuello,⏳ PENDIENTE - GENERAR,368,368_Comisura_Comisura.png,
1,CABEZA,Cabeza,Rostro,Boca,Dental RAS - Riñón RAS,Dental RAS,Riñón RAS,,,,Par normal (dos puntos distintos),no,no,Torso sin camisa OK · No genitales visibles · Ropa interior en zona pélvica si aparece,vista frontal del rostro completo,Tablas Holoacademia (Lavín) - Sección Cabeza,Manual Biomagnetismo Mod.2 - Cabeza/Cuello,⏳ PENDIENTE - GENERAR,369,369_Dental_RAS_Rinon_RAS.png,
1,CABEZA,Cabeza,Rostro,Boca,Mandíbula - Mandíbula,Mandíbula,Mandíbula,Bacteria,Neisseria gonorreae,,Mismo punto simple (un marcador),no,no,Torso sin camisa OK · No genitales visibles · Ropa interior en zona pélvica si aparece,vista frontal del rostro completo,Tablas Holoacademia (Lavín) - Sección Cabeza,Manual Biomagnetismo Mod.2 - Cabeza/Cuello,✅ TIENE FICHA APROBADA,68,068_Mandibula_mandibula.png,068_Mandibula_mandibula.png
1,CABEZA,Cabeza,Rostro,Boca,Mentón - Mentón,Mentón,Mentón,Virus,virus de la,,Mismo punto simple (un marcador),no,no,Torso sin camisa OK · No genitales visibles · Ropa interior en zona pélvica si aparece,vista frontal del rostro completo,Tablas Holoacademia (Lavín) - Sección Cabeza,Manual Biomagnetismo Mod.2 - Cabeza/Cuello,⏳ PENDIENTE - GENERAR,370,370_Menton_Menton.png,
1,CABEZA,Cabeza,Rostro,Boca,Alveolo - Alveolo,Alveolo,Alveolo,,,,Mismo punto simple (un marcador),no,no,Torso sin camisa OK · No genitales visibles · Ropa interior en zona pélvica si aparece,vista frontal del rostro completo,Tablas Holoacademia (Lavín) - Sección Cabeza,Manual Biomagnetismo Mod.2 - Cabeza/Cuello,⏳ PENDIENTE - GENERAR,371,371_Alveolo_Alveolo.png,
1,CABEZA,Cabeza,Rostro,Boca,Dental - Riñón,Dental,Riñón,Universal,Rosario PAR MOMENTÁNEO,,Par normal (dos puntos distintos),no,no,Torso sin camisa OK · No genitales visibles · Ropa interior en zona pélvica si aparece,vista frontal del rostro completo,Tablas Holoacademia (Lavín) - Sección Cabeza,Manual Biomagnetismo Mod.2 - Cabeza/Cuello,⏳ PENDIENTE - GENERAR,372,372_Dental_Rinon.png,
1,CABEZA,Cabeza,Rostro,Boca,Lengua - Mandíbula,Lengua,Mandíbula,Virus,Diste mper canin oMoq uillo,,Par normal (dos puntos distintos),no,no,Torso sin camisa OK · No genitales visibles · Ropa interior en zona pélvica si aparece,vista frontal del rostro completo,Tablas Holoacademia (Lavín) - Sección Cabeza,Manual Biomagnetismo Mod.2 - Cabeza/Cuello,⏳ PENDIENTE - GENERAR,373,373_Lengua_Mandibula.png,
1,CABEZA,Cabeza,Rostro,Boca,Lengua - Timo,Lengua,Timo,Parásito,Triquinella,,Par normal (dos puntos distintos),no,no,Torso sin camisa OK · No genitales visibles · Ropa interior en zona pélvica si aparece,vista frontal del rostro completo,Tablas Holoacademia (Lavín) - Sección Cabeza,Manual Biomagnetismo Mod.2 - Cabeza/Cuello,⏳ PENDIENTE - GENERAR,374,374_Lengua_Timo.png,
1,CABEZA,Cabeza,Rostro,Boca,Lengua Izquierda - Corazón,Lengua Izquierda,Corazón,Emocional/Psicoemocional,,,Par normal (dos puntos distintos),no,no,Torso sin camisa OK · No genitales visibles · Ropa interior en zona pélvica si aparece,vista frontal del rostro completo,Tablas Holoacademia (Lavín) - Sección Cabeza,Manual Biomagnetismo Mod.2 - Cabeza/Cuello,⏳ PENDIENTE - GENERAR,375,375_Lengua_Izquierda_Corazon.png,
1,CABEZA,Cabeza,Rostro,Boca,Lengua Izquierda - Hígado,Lengua Izquierda,Hígado,Emocional/Psicoemocional,,,Par normal (dos puntos distintos),no,no,Torso sin camisa OK · No genitales visibles · Ropa interior en zona pélvica si aparece,vista frontal del rostro completo,Tablas Holoacademia (Lavín) - Sección Cabeza,Manual Biomagnetismo Mod.2 - Cabeza/Cuello,⏳ PENDIENTE - GENERAR,376,376_Lengua_Izquierda_Higado.png,
1,CABEZA,Cabeza,Rostro,Boca,Labio - Labio,Labio,Labio,Bacteria,Streptococcus beta,,Mismo punto simple (un marcador),no,no,Torso sin camisa OK · No genitales visibles · Ropa interior en zona pélvica si aparece,vista frontal del rostro completo,Tablas Holoacademia (Lavín) - Sección Cabeza,Manual Biomagnetismo Mod.2 - Cabeza/Cuello,⏳ PENDIENTE - GENERAR,377,377_Labio_Labio.png,
1,CABEZA,Cabeza,Rostro,Boca,Labio Superior - Labio Inferior,Labio Superior,Labio Inferior,Reservorio,Streptococcus B,,Par normal (dos puntos distintos),no,no,Torso sin camisa OK · No genitales visibles · Ropa interior en zona pélvica si aparece,vista frontal del rostro completo,Tablas Holoacademia (Lavín) - Sección Cabeza,Manual Biomagnetismo Mod.2 - Cabeza/Cuello,⏳ PENDIENTE - GENERAR,378,378_Labio_Superior_Labio_Inferior.png,
1,CABEZA,Cabeza,Rostro,Boca,Glándula Palatina - Riñón Lateral,Glándula Palatina,Riñón Lateral,Sin clasificar,ARACELI,,Par normal (dos puntos distintos),no,no,Torso sin camisa OK · No genitales visibles · Ropa interior en zona pélvica si aparece,vista frontal del rostro completo,Tablas Holoacademia (Lavín) - Sección Cabeza,Manual Biomagnetismo Mod.2 - Cabeza/Cuello,⏳ PENDIENTE - GENERAR,379,379_Glandula_Palatina_Rinon_Lateral.png,
1,CABEZA,Cabeza,Rostro,Boca,Hemangioma - Lengua,Hemangioma,Lengua,,,,Par normal (dos puntos distintos),no,no,Torso sin camisa OK · No genitales visibles · Ropa interior en zona pélvica si aparece,vista frontal del rostro completo,Tablas Holoacademia (Lavín) - Sección Cabeza,Manual Biomagnetismo Mod.2 - Cabeza/Cuello,⏳ PENDIENTE - GENERAR,380,380_Hemangioma_Lengua.png,
1,CABEZA,Cabeza,Rostro,Boca,Dental - Riñón Mismo Lado,Dental,Riñón Mismo Lado,,,,Par normal (dos puntos distintos),no,no,Torso sin camisa OK · No genitales visibles · Ropa interior en zona pélvica si aparece,vista frontal del rostro completo,Tablas Holoacademia (Lavín) - Sección Cabeza,Manual Biomagnetismo Mod.2 - Cabeza/Cuello,⏳ PENDIENTE - GENERAR,381,381_Dental_Rinon_Mismo_Lado.png,
1,CABEZA,Cabeza,Rostro,Boca,Dental Derecho - Riñón Derecho,Dental Derecho,Riñón Derecho,Reservorio,UNIVERSAL,,Par normal (dos puntos distintos),no,no,Torso sin camisa OK · No genitales visibles · Ropa interior en zona pélvica si aparece,vista frontal del rostro completo,Tablas Holoacademia (Lavín) - Sección Cabeza,Manual Biomagnetismo Mod.2 - Cabeza/Cuello,⏳ PENDIENTE - GENERAR,382,382_Dental_Derecho_Rinon_Derecho.png,
1,CABEZA,Cabeza,Rostro,Boca,Dental Izquierdo - Riñón Izquierdo,Dental Izquierdo,Riñón Izquierdo,Reservorio,UNIVERSAL,,Par normal (dos puntos distintos),no,no,Torso sin camisa OK · No genitales visibles · Ropa interior en zona pélvica si aparece,vista frontal del rostro completo,Tablas Holoacademia (Lavín) - Sección Cabeza,Manual Biomagnetismo Mod.2 - Cabeza/Cuello,⏳ PENDIENTE - GENERAR,383,383_Dental_Izquierdo_Rinon_Izquierdo.png,
1,CABEZA,Cabeza,Rostro,Boca,Dental - Riñón del Mismo Lado,Dental,Riñón del Mismo Lado,Reservorio,GOIZ,,Par normal (dos puntos distintos),no,no,Torso sin camisa OK · No genitales visibles · Ropa interior en zona pélvica si aparece,vista frontal del rostro completo,Tablas Holoacademia (Lavín) - Sección Cabeza,Manual Biomagnetismo Mod.2 - Cabeza/Cuello,⏳ PENDIENTE - GENERAR,384,384_Dental_Rinon_del_Mismo_Lado.png,
1,CABEZA,Cabeza,Rostro,Boca,DOLOR - Riñón Lateral,DOLOR,Riñón Lateral,Sin clasificar,,,Par normal (dos puntos distintos),no,no,Torso sin camisa OK · No genitales visibles · Ropa interior en zona pélvica si aparece,vista frontal del rostro completo,Tablas Holoacademia (Lavín) - Sección Cabeza,Manual Biomagnetismo Mod.2 - Cabeza/Cuello,⏳ PENDIENTE - GENERAR,385,385_DOLOR_Rinon_Lateral.png,
1,CABEZA,Cabeza,Rostro,Boca,Glándula Palatina - Glándula Palatina,Glándula Palatina,Glándula Palatina,Disfunción,,,Mismo punto simple (un marcador),no,no,Torso sin camisa OK · No genitales visibles · Ropa interior en zona pélvica si aparece,vista frontal del rostro completo,Tablas Holoacademia (Lavín) - Sección Cabeza,Manual Biomagnetismo Mod.2 - Cabeza/Cuello,⏳ PENDIENTE - GENERAR,386,386_Glandula_Palatina_Glandula_Palatina.png,
1,CABEZA,Cabeza,Rostro,Boca,Lengua IZQ - Mandíbula,Lengua IZQ,Mandíbula,,,,Par normal (dos puntos distintos),no,no,Torso sin camisa OK · No genitales visibles · Ropa interior en zona pélvica si aparece,vista frontal del rostro completo,Tablas Holoacademia (Lavín) - Sección Cabeza,Manual Biomagnetismo Mod.2 - Cabeza/Cuello,⏳ PENDIENTE - GENERAR,387,387_Lengua_IZQ_Mandibula.png,
1,CABEZA,Cabeza,Rostro,Amígdalas,Amígdala - Amígdala,Amígdala,Amígdala,,,,Mismo punto simple (un marcador),no,no,Torso sin camisa OK · No genitales visibles · Ropa interior en zona pélvica si aparece,vista frontal del rostro completo,Tablas Holoacademia (Lavín) - Sección Cabeza,Manual Biomagnetismo Mod.2 - Cabeza/Cuello,⏳ PENDIENTE - GENERAR,388,388_Amigdala_Amigdala.png,
1,CABEZA,Cabeza,Rostro,Amígdalas,Amígdala Derecha - Amígdala Izquierda,Amígdala Derecha,Amígdala Izquierda,,,,Bilateral real (derecho/izquierdo),no,no,Torso sin camisa OK · No genitales visibles · Ropa interior en zona pélvica si aparece,vista frontal del rostro completo,Tablas Holoacademia (Lavín) - Sección Cabeza,Manual Biomagnetismo Mod.2 - Cabeza/Cuello,⏳ PENDIENTE - GENERAR,389,389_Amigdala_Derecha_Amigdala_Izquierda.png,
1,CABEZA,Cabeza,Rostro,Amígdalas,Amígdala - Hígado,Amígdala,Hígado,,,,Par normal (dos puntos distintos),SÍ,no,Torso sin camisa OK · No genitales visibles · Ropa interior en zona pélvica si aparece,vista frontal del rostro completo,Tablas Holoacademia (Lavín) - Sección Cabeza,Manual Biomagnetismo Mod.2 - Cabeza/Cuello,⏳ PENDIENTE - GENERAR,390,390_Amigdala_Higado.png,
2,CUELLO,Cabeza,Cuello,Garganta Central,Laringe - Laringe,Laringe,Laringe,Bacteria,Bacil o oBordetella Pertussis,,Mismo punto simple (un marcador),no,no,Torso sin camisa OK · No genitales visibles · Ropa interior en zona pélvica si aparece,vista frontal del cuello y garganta,Tablas Holoacademia (Lavín) - Sección Cabeza,Manual Biomagnetismo Mod.2 - Cabeza/Cuello,✅ TIENE FICHA APROBADA,5,005_Laringe_Laringe.png,005_Laringe_Laringe.png
2,CUELLO,Cabeza,Cuello,Garganta Central,Angina - Angina,Angina,Angina,Virus,Herpes II,,Mismo punto simple (un marcador),no,no,Torso sin camisa OK · No genitales visibles · Ropa interior en zona pélvica si aparece,vista frontal del cuello y garganta,Tablas Holoacademia (Lavín) - Sección Cabeza,Manual Biomagnetismo Mod.2 - Cabeza/Cuello,⏳ PENDIENTE - GENERAR,391,391_Angina_Angina.png,
2,CUELLO,Cabeza,Cuello,Garganta Central,Carótida - Carótida,Carótida,Carótida,Especial/Disfunción,Marimar,,Mismo punto simple (un marcador),no,no,Torso sin camisa OK · No genitales visibles · Ropa interior en zona pélvica si aparece,vista frontal del cuello y garganta,Tablas Holoacademia (Lavín) - Sección Cabeza,Manual Biomagnetismo Mod.2 - Cabeza/Cuello,⏳ PENDIENTE - GENERAR,392,392_Carotida_Carotida.png,
2,CUELLO,Cabeza,Cuello,Garganta Central,Esternocleidomastoideo - Esternocleidomastoideo,Esternocleidomastoideo,Esternocleidomastoideo,,,,Mismo punto simple (un marcador),no,no,Torso sin camisa OK · No genitales visibles · Ropa interior en zona pélvica si aparece,vista frontal del cuello y garganta,Tablas Holoacademia (Lavín) - Sección Cabeza,Manual Biomagnetismo Mod.2 - Cabeza/Cuello,⏳ PENDIENTE - GENERAR,393,393_Esternocleidomastoideo_Esternocleidomastoideo.png,
2,CUELLO,Cabeza,Cuello,Garganta Central,Esternocleidomastoideo IZQ - Hipófisis,Esternocleidomastoideo IZQ,Hipófisis,,,,Par normal (dos puntos distintos),no,no,Torso sin camisa OK · No genitales visibles · Ropa interior en zona pélvica si aparece,vista frontal del cuello y garganta,Tablas Holoacademia (Lavín) - Sección Cabeza,Manual Biomagnetismo Mod.2 - Cabeza/Cuello,⏳ PENDIENTE - GENERAR,394,394_Esternocleidomastoideo_IZQ_Hipofisis.png,
2,CUELLO,Cabeza,Cuello,Garganta Central,Esternocleidomastoideo IZQ - Riñón IZQ,Esternocleidomastoideo IZQ,Riñón IZQ,,,,Par normal (dos puntos distintos),no,no,Torso sin camisa OK · No genitales visibles · Ropa interior en zona pélvica si aparece,vista frontal del cuello y garganta,Tablas Holoacademia (Lavín) - Sección Cabeza,Manual Biomagnetismo Mod.2 - Cabeza/Cuello,⏳ PENDIENTE - GENERAR,395,395_Esternocleidomastoideo_IZQ_Rinon_IZQ.png,
2,CUELLO,Cabeza,Cuello,Garganta Central,Angina - Herpes 2,Angina,Herpes 2,,,,Par normal (dos puntos distintos),no,no,Torso sin camisa OK · No genitales visibles · Ropa interior en zona pélvica si aparece,vista frontal del cuello y garganta,Tablas Holoacademia (Lavín) - Sección Cabeza,Manual Biomagnetismo Mod.2 - Cabeza/Cuello,⏳ PENDIENTE - GENERAR,396,396_Angina_Herpes_2.png,
2,CUELLO,Cabeza,Cuello,Garganta Central,Angina - Laringe Derecha,Angina,Laringe Derecha,,,,Par normal (dos puntos distintos),no,no,Torso sin camisa OK · No genitales visibles · Ropa interior en zona pélvica si aparece,vista frontal del cuello y garganta,Tablas Holoacademia (Lavín) - Sección Cabeza,Manual Biomagnetismo Mod.2 - Cabeza/Cuello,⏳ PENDIENTE - GENERAR,397,397_Angina_Laringe_Derecha.png,
2,CUELLO,Cabeza,Cuello,Garganta Central,Laringe - Tabique Nasal,Laringe,Tabique Nasal,Disfunción,,,Par normal (dos puntos distintos),no,no,Torso sin camisa OK · No genitales visibles · Ropa interior en zona pélvica si aparece,vista frontal del cuello y garganta,Tablas Holoacademia (Lavín) - Sección Cabeza,Manual Biomagnetismo Mod.2 - Cabeza/Cuello,⏳ PENDIENTE - GENERAR,398,398_Laringe_Tabique_Nasal.png,
2,CUELLO,Cabeza,Cuello,Garganta Central,Laringe - Duodeno,Laringe,Duodeno,Hongo,,,Par normal (dos puntos distintos),SÍ,no,Torso sin camisa OK · No genitales visibles · Ropa interior en zona pélvica si aparece,vista frontal del cuello y garganta,Tablas Holoacademia (Lavín) - Sección Cabeza,Manual Biomagnetismo Mod.2 - Cabeza/Cuello,⏳ PENDIENTE - GENERAR,399,399_Laringe_Duodeno.png,
2,CUELLO,Cabeza,Cuello,Garganta Central,Laringe - Bordetella Pertussis,Laringe,Bordetella Pertussis,,,,Par normal (dos puntos distintos),no,no,Torso sin camisa OK · No genitales visibles · Ropa interior en zona pélvica si aparece,vista frontal del cuello y garganta,Tablas Holoacademia (Lavín) - Sección Cabeza,Manual Biomagnetismo Mod.2 - Cabeza/Cuello,⏳ PENDIENTE - GENERAR,400,400_Laringe_Bordetella_Pertussis.png,
2,CUELLO,Cabeza,Cuello,Garganta Central,Conducto Eferente - Laringe,Conducto Eferente,Laringe,Virus,Rotavirus,,Par normal (dos puntos distintos),no,no,Torso sin camisa OK · No genitales visibles · Ropa interior en zona pélvica si aparece,vista frontal del cuello y garganta,Tablas Holoacademia (Lavín) - Sección Cabeza,Manual Biomagnetismo Mod.2 - Cabeza/Cuello,⏳ PENDIENTE - GENERAR,401,401_Conducto_Eferente_Laringe.png,
2,CUELLO,Cabeza,Cuello,Garganta Central,Conducto Eferente - Laringe Rotavirus,Conducto Eferente,Laringe Rotavirus,,,,Par normal (dos puntos distintos),no,no,Torso sin camisa OK · No genitales visibles · Ropa interior en zona pélvica si aparece,vista frontal del cuello y garganta,Tablas Holoacademia (Lavín) - Sección Cabeza,Manual Biomagnetismo Mod.2 - Cabeza/Cuello,⏳ PENDIENTE - GENERAR,402,402_Conducto_Eferente_Laringe_Rotavirus.png,
2,CUELLO,Cabeza,Cuello,Garganta Central,Duodeno - Laringe,Duodeno,Laringe,Hongo,,,Par normal (dos puntos distintos),SÍ,no,Torso sin camisa OK · No genitales visibles · Ropa interior en zona pélvica si aparece,vista frontal del cuello y garganta,Tablas Holoacademia (Lavín) - Sección Cabeza,Manual Biomagnetismo Mod.2 - Cabeza/Cuello,⏳ PENDIENTE - GENERAR,403,403_Duodeno_Laringe.png,
2,CUELLO,Cabeza,Cuello,Garganta Central,Testículo - Angina,Testículo,Angina,Bacteria,Streptococcus A,,Par normal (dos puntos distintos),no,SÍ,Licra negra ajustada + top negro si aplica · Sin desnudez · Estilo médico sobrio,vista frontal del cuello y garganta,Tablas Holoacademia (Lavín) - Sección Cabeza,Manual Biomagnetismo Mod.2 - Cabeza/Cuello,⏳ PENDIENTE - GENERAR,404,404_Testiculo_Angina.png,
2,CUELLO,Cabeza,Cuello,Garganta Central,Testículo Derecho - Angina,Testículo Derecho,Angina,Bacteria,Streptococcus Pyrogenes,,Par normal (dos puntos distintos),no,SÍ,Licra negra ajustada + top negro si aplica · Sin desnudez · Estilo médico sobrio,vista frontal del cuello y garganta,Tablas Holoacademia (Lavín) - Sección Cabeza,Manual Biomagnetismo Mod.2 - Cabeza/Cuello,⏳ PENDIENTE - GENERAR,405,405_Testiculo_Derecho_Angina.png,
2,CUELLO,Cabeza,Cuello,Garganta Central,Testículo - Garganta,Testículo,Garganta,Bacteria,Yersinia pestis,,Par normal (dos puntos distintos),SÍ,SÍ,Licra negra ajustada + top negro si aplica · Sin desnudez · Estilo médico sobrio,vista frontal del cuello y garganta,Tablas Holoacademia (Lavín) - Sección Cabeza,Manual Biomagnetismo Mod.2 - Cabeza/Cuello,⏳ PENDIENTE - GENERAR,406,406_Testiculo_Garganta.png,
2,CUELLO,Cabeza,Cuello,Garganta Central,Vagina - Angina,Vagina,Angina,Bacteria,,,Par normal (dos puntos distintos),no,SÍ,Licra negra ajustada + top negro si aplica · Sin desnudez · Estilo médico sobrio,vista frontal del cuello y garganta,Tablas Holoacademia (Lavín) - Sección Cabeza,Manual Biomagnetismo Mod.2 - Cabeza/Cuello,⏳ PENDIENTE - GENERAR,407,407_Vagina_Angina.png,
2,CUELLO,Cabeza,Cuello,Garganta Central,Vagina - Garganta,Vagina,Garganta,Bacteria,Yersi nia pesti s y Stap hyloc,,Par normal (dos puntos distintos),SÍ,SÍ,Licra negra ajustada + top negro si aplica · Sin desnudez · Estilo médico sobrio,vista frontal del cuello y garganta,Tablas Holoacademia (Lavín) - Sección Cabeza,Manual Biomagnetismo Mod.2 - Cabeza/Cuello,⏳ PENDIENTE - GENERAR,408,408_Vagina_Garganta.png,
2,CUELLO,Cabeza,Cuello,Garganta Central,Epoglotis - Nariz,Epoglotis,Nariz,Sin clasificar,,,Par normal (dos puntos distintos),no,no,Torso sin camisa OK · No genitales visibles · Ropa interior en zona pélvica si aparece,vista frontal del cuello y garganta,Tablas Holoacademia (Lavín) - Sección Cabeza,Manual Biomagnetismo Mod.2 - Cabeza/Cuello,⏳ PENDIENTE - GENERAR,409,409_Epoglotis_Nariz.png,
2,CUELLO,Cabeza,Cuello,Garganta Central,Angina - Cerebelo,Angina,Cerebelo,,MMJ B,,Par normal (dos puntos distintos),no,no,Torso sin camisa OK · No genitales visibles · Ropa interior en zona pélvica si aparece,vista frontal del cuello y garganta,Tablas Holoacademia (Lavín) - Sección Cabeza,Manual Biomagnetismo Mod.2 - Cabeza/Cuello,⏳ PENDIENTE - GENERAR,410,410_Angina_Cerebelo.png,
2,CUELLO,Cabeza,Cuello,Garganta Central,Hioides - Hioides,Hioides,Hioides,,,,Mismo punto simple (un marcador),no,no,Torso sin camisa OK · No genitales visibles · Ropa interior en zona pélvica si aparece,vista frontal del cuello y garganta,Tablas Holoacademia (Lavín) - Sección Cabeza,Manual Biomagnetismo Mod.2 - Cabeza/Cuello,⏳ PENDIENTE - GENERAR,411,411_Hioides_Hioides.png,
2,CUELLO,Cabeza,Cuello,Garganta Central,ECM - ECM,ECM,ECM,,Disfu nció n S. N. Simp ática,,Mismo punto simple (un marcador),no,no,Torso sin camisa OK · No genitales visibles · Ropa interior en zona pélvica si aparece,vista frontal del cuello y garganta,Tablas Holoacademia (Lavín) - Sección Cabeza,Manual Biomagnetismo Mod.2 - Cabeza/Cuello,⏳ PENDIENTE - GENERAR,412,412_ECM_ECM.png,
2,CUELLO,Cabeza,Cuello,Garganta Central,ECM - Riñón IZQ,ECM,Riñón IZQ,Especial/Disfunción,Espe cial,,Par normal (dos puntos distintos),no,no,Torso sin camisa OK · No genitales visibles · Ropa interior en zona pélvica si aparece,vista frontal del cuello y garganta,Tablas Holoacademia (Lavín) - Sección Cabeza,Manual Biomagnetismo Mod.2 - Cabeza/Cuello,⏳ PENDIENTE - GENERAR,413,413_ECM_Rinon_IZQ.png,
2,CUELLO,Cabeza,Cuello,Garganta Central,Carótida - Pudendo,Carótida,Pudendo,Virus,,,Par normal (dos puntos distintos),no,no,Torso sin camisa OK · No genitales visibles · Ropa interior en zona pélvica si aparece,vista frontal del cuello y garganta,Tablas Holoacademia (Lavín) - Sección Cabeza,Manual Biomagnetismo Mod.2 - Cabeza/Cuello,✅ TIENE FICHA APROBADA,80,080_Carotida_Pudendo.png,080_Carotida_Pudendo.png
2,CUELLO,Cabeza,Cuello,Garganta Central,Ojo Derecho - Garganta,Ojo Derecho,Garganta,Sin clasificar,Helicobacter Pylori,,Par normal (dos puntos distintos),no,no,Torso sin camisa OK · No genitales visibles · Ropa interior en zona pélvica si aparece,vista frontal del cuello y garganta,Tablas Holoacademia (Lavín) - Sección Cabeza,Manual Biomagnetismo Mod.2 - Cabeza/Cuello,⏳ PENDIENTE - GENERAR,414,414_Ojo_Derecho_Garganta.png,
2,CUELLO,Cabeza,Cuello,Garganta Baja,Tiroides - Tiroides,Tiroides,Tiroides,Parásito,Disfu nció nGlan dular,,Mismo punto simple (un marcador),no,no,Torso sin camisa OK · No genitales visibles · Ropa interior en zona pélvica si aparece,vista frontal del cuello y garganta,Tablas Holoacademia (Lavín) - Sección Cabeza,Manual Biomagnetismo Mod.2 - Cabeza/Cuello,⏳ PENDIENTE - GENERAR,415,415_Tiroides_Tiroides.png,
2,CUELLO,Cabeza,Cuello,Garganta Baja,Tiroides - Bulbo,Tiroides,Bulbo,Virus,Meni ngiti s. Meni ngoc occu s,,Par normal (dos puntos distintos),no,no,Torso sin camisa OK · No genitales visibles · Ropa interior en zona pélvica si aparece,vista frontal del cuello y garganta,Tablas Holoacademia (Lavín) - Sección Cabeza,Manual Biomagnetismo Mod.2 - Cabeza/Cuello,⏳ PENDIENTE - GENERAR,416,416_Tiroides_Bulbo.png,
2,CUELLO,Cabeza,Cuello,Garganta Baja,Hueco de Garganta - Glúteo IZQ,Hueco de Garganta,Glúteo IZQ,,,,Par normal (dos puntos distintos),SÍ,SÍ,Licra negra ajustada + top negro si aplica · Sin desnudez · Estilo médico sobrio,vista frontal del cuello y garganta,Tablas Holoacademia (Lavín) - Sección Cabeza,Manual Biomagnetismo Mod.2 - Cabeza/Cuello,⏳ PENDIENTE - GENERAR,417,417_Hueco_de_Garganta_Gluteo_IZQ.png,
2,CUELLO,Cabeza,Cuello,Garganta Baja,Paratiroides - Paratiroides,Paratiroides,Paratiroides,Disfunción,,,Mismo punto simple (un marcador),no,no,Torso sin camisa OK · No genitales visibles · Ropa interior en zona pélvica si aparece,vista frontal del cuello y garganta,Tablas Holoacademia (Lavín) - Sección Cabeza,Manual Biomagnetismo Mod.2 - Cabeza/Cuello,⏳ PENDIENTE - GENERAR,418,418_Paratiroides_Paratiroides.png,
2,CUELLO,Cabeza,Cuello,Garganta Baja,Cuello - Cuello,Cuello,Cuello,Complejo,Blast ocisti shomi nis,,Mismo punto simple (un marcador),no,no,Torso sin camisa OK · No genitales visibles · Ropa interior en zona pélvica si aparece,vista frontal del cuello y garganta,Tablas Holoacademia (Lavín) - Sección Cabeza,Manual Biomagnetismo Mod.2 - Cabeza/Cuello,✅ TIENE FICHA APROBADA,20,020_Cuello_Cuello_CORRECTO.png,020_Cuello_Cuello_CORRECTO.png
2,CUELLO,Cabeza,Cuello,Garganta Baja,Garganta - Vejiga,Garganta,Vejiga,Hongo,Mico sis,,Par normal (dos puntos distintos),SÍ,no,Torso sin camisa OK · No genitales visibles · Ropa interior en zona pélvica si aparece,vista frontal del cuello y garganta,Tablas Holoacademia (Lavín) - Sección Cabeza,Manual Biomagnetismo Mod.2 - Cabeza/Cuello,⏳ PENDIENTE - GENERAR,419,419_Garganta_Vejiga.png,
2,CUELLO,Cabeza,Cuello,Garganta Baja,Tiroides - Timo,Tiroides,Timo,Especial/Disfunción,,,Par normal (dos puntos distintos),SÍ,no,Torso sin camisa OK · No genitales visibles · Ropa interior en zona pélvica si aparece,vista frontal del cuello y garganta,Tablas Holoacademia (Lavín) - Sección Cabeza,Manual Biomagnetismo Mod.2 - Cabeza/Cuello,⏳ PENDIENTE - GENERAR,420,420_Tiroides_Timo.png,
2,CUELLO,Cabeza,Cuello,Garganta Baja,Tiroides - Tallo Cerebral,Tiroides,Tallo Cerebral,Virus,Encefalitis,,Par normal (dos puntos distintos),no,no,Torso sin camisa OK · No genitales visibles · Ropa interior en zona pélvica si aparece,vista frontal del cuello y garganta,Tablas Holoacademia (Lavín) - Sección Cabeza,Manual Biomagnetismo Mod.2 - Cabeza/Cuello,⏳ PENDIENTE - GENERAR,421,421_Tiroides_Tallo_Cerebral.png,
2,CUELLO,Cabeza,Cuello,Garganta Baja,Tiroides - Bulbo Raquídeo,Tiroides,Bulbo Raquídeo,Virus,Meningitis,,Par normal (dos puntos distintos),no,no,Torso sin camisa OK · No genitales visibles · Ropa interior en zona pélvica si aparece,vista frontal del cuello y garganta,Tablas Holoacademia (Lavín) - Sección Cabeza,Manual Biomagnetismo Mod.2 - Cabeza/Cuello,⏳ PENDIENTE - GENERAR,422,422_Tiroides_Bulbo_Raquideo.png,
2,CUELLO,Cabeza,Cuello,Garganta Baja,Tiroides - Duodeno,Tiroides,Duodeno,Disfunción,,,Par normal (dos puntos distintos),SÍ,no,Torso sin camisa OK · No genitales visibles · Ropa interior en zona pélvica si aparece,vista frontal del cuello y garganta,Tablas Holoacademia (Lavín) - Sección Cabeza,Manual Biomagnetismo Mod.2 - Cabeza/Cuello,⏳ PENDIENTE - GENERAR,423,423_Tiroides_Duodeno.png,
2,CUELLO,Cabeza,Cuello,Garganta Baja,Tiroides - Cuádriceps Izquierdo,Tiroides,Cuádriceps Izquierdo,Disfunción,,,Par normal (dos puntos distintos),SÍ,no,Torso sin camisa OK · No genitales visibles · Ropa interior en zona pélvica si aparece,vista frontal del cuello y garganta,Tablas Holoacademia (Lavín) - Sección Cabeza,Manual Biomagnetismo Mod.2 - Cabeza/Cuello,⏳ PENDIENTE - GENERAR,424,424_Tiroides_Cuadriceps_Izquierdo.png,
2,CUELLO,Cabeza,Cuello,Garganta Baja,Tiroides - Escápula Derecha,Tiroides,Escápula Derecha,Disfunción,,,Par normal (dos puntos distintos),SÍ,no,Torso sin camisa OK · No genitales visibles · Ropa interior en zona pélvica si aparece,vista frontal del cuello y garganta,Tablas Holoacademia (Lavín) - Sección Cabeza,Manual Biomagnetismo Mod.2 - Cabeza/Cuello,⏳ PENDIENTE - GENERAR,425,425_Tiroides_Escapula_Derecha.png,
2,CUELLO,Cabeza,Cuello,Garganta Baja,Tiroides - Disfunción Tiroides,Tiroides,Disfunción Tiroides,,,,Par normal (dos puntos distintos),no,no,Torso sin camisa OK · No genitales visibles · Ropa interior en zona pélvica si aparece,vista frontal del cuello y garganta,Tablas Holoacademia (Lavín) - Sección Cabeza,Manual Biomagnetismo Mod.2 - Cabeza/Cuello,⏳ PENDIENTE - GENERAR,426,426_Tiroides_Disfuncion_Tiroides.png,
2,CUELLO,Cabeza,Cuello,Garganta Baja,Tiroides Derecha - Paratiroides Izquierda,Tiroides Derecha,Paratiroides Izquierda,Disfunción,,,Par normal (dos puntos distintos),no,no,Torso sin camisa OK · No genitales visibles · Ropa interior en zona pélvica si aparece,vista frontal del cuello y garganta,Tablas Holoacademia (Lavín) - Sección Cabeza,Manual Biomagnetismo Mod.2 - Cabeza/Cuello,⏳ PENDIENTE - GENERAR,427,427_Tiroides_Derecha_Paratiroides_Izquierda.png,
2,CUELLO,Cabeza,Cuello,Garganta Baja,Paratiroides Derecha - Riñón Derecho,Paratiroides Derecha,Riñón Derecho,Emocional/Psicoemocional,,,Par normal (dos puntos distintos),SÍ,no,Torso sin camisa OK · No genitales visibles · Ropa interior en zona pélvica si aparece,vista frontal del cuello y garganta,Tablas Holoacademia (Lavín) - Sección Cabeza,Manual Biomagnetismo Mod.2 - Cabeza/Cuello,⏳ PENDIENTE - GENERAR,428,428_Paratiroides_Derecha_Rinon_Derecho.png,
2,CUELLO,Cabeza,Cuello,Garganta Baja,Paratiroides Derecho - Corazón,Paratiroides Derecho,Corazón,Emocional/Psicoemocional,,,Par normal (dos puntos distintos),SÍ,no,Torso sin camisa OK · No genitales visibles · Ropa interior en zona pélvica si aparece,vista frontal del cuello y garganta,Tablas Holoacademia (Lavín) - Sección Cabeza,Manual Biomagnetismo Mod.2 - Cabeza/Cuello,⏳ PENDIENTE - GENERAR,429,429_Paratiroides_Derecho_Corazon.png,
2,CUELLO,Cabeza,Cuello,Garganta Baja,Paratiroides Derecho - Tiroides 1ra,Paratiroides Derecho,Tiroides 1ra,,,,Par normal (dos puntos distintos),no,no,Torso sin camisa OK · No genitales visibles · Ropa interior en zona pélvica si aparece,vista frontal del cuello y garganta,Tablas Holoacademia (Lavín) - Sección Cabeza,Manual Biomagnetismo Mod.2 - Cabeza/Cuello,⏳ PENDIENTE - GENERAR,430,430_Paratiroides_Derecho_Tiroides_1ra.png,
2,CUELLO,Cabeza,Cuello,Garganta Baja,Pómulo Derecho - Tiroides,Pómulo Derecho,Tiroides,Reservorio,Generales Reservorio,,Par normal (dos puntos distintos),no,no,Torso sin camisa OK · No genitales visibles · Ropa interior en zona pélvica si aparece,vista frontal del cuello y garganta,Tablas Holoacademia (Lavín) - Sección Cabeza,Manual Biomagnetismo Mod.2 - Cabeza/Cuello,⏳ PENDIENTE - GENERAR,431,431_Pomulo_Derecho_Tiroides.png,
2,CUELLO,Cabeza,Cuello,Garganta Baja,Pómulo - Tiroides,Pómulo,Tiroides,Sin clasificar,,,Par normal (dos puntos distintos),no,no,Torso sin camisa OK · No genitales visibles · Ropa interior en zona pélvica si aparece,vista frontal del cuello y garganta,Tablas Holoacademia (Lavín) - Sección Cabeza,Manual Biomagnetismo Mod.2 - Cabeza/Cuello,⏳ PENDIENTE - GENERAR,432,432_Pomulo_Tiroides.png,
2,CUELLO,Cabeza,Cuello,Garganta Baja,Riñón Izquierdo - Tiroides,Riñón Izquierdo,Tiroides,Emocional/Psicoemocional,,,Par normal (dos puntos distintos),SÍ,no,Torso sin camisa OK · No genitales visibles · Ropa interior en zona pélvica si aparece,vista frontal del cuello y garganta,Tablas Holoacademia (Lavín) - Sección Cabeza,Manual Biomagnetismo Mod.2 - Cabeza/Cuello,⏳ PENDIENTE - GENERAR,433,433_Rinon_Izquierdo_Tiroides.png,
2,CUELLO,Cabeza,Cuello,Garganta Baja,Bulbo Raquídeo - Tiroides,Bulbo Raquídeo,Tiroides,Virus,Meningitis,,Par normal (dos puntos distintos),no,no,Torso sin camisa OK · No genitales visibles · Ropa interior en zona pélvica si aparece,vista frontal del cuello y garganta,Tablas Holoacademia (Lavín) - Sección Cabeza,Manual Biomagnetismo Mod.2 - Cabeza/Cuello,⏳ PENDIENTE - GENERAR,434,434_Bulbo_Raquideo_Tiroides.png,
2,CUELLO,Cabeza,Cuello,Garganta Baja,Cuello - Blastocystis Hominis,Cuello,Blastocystis Hominis,,,,Par normal (dos puntos distintos),no,no,Torso sin camisa OK · No genitales visibles · Ropa interior en zona pélvica si aparece,vista frontal del cuello y garganta,Tablas Holoacademia (Lavín) - Sección Cabeza,Manual Biomagnetismo Mod.2 - Cabeza/Cuello,⏳ PENDIENTE - GENERAR,435,435_Cuello_Blastocystis_Hominis.png,
2,CUELLO,Cabeza,Cuello,Garganta Baja,Cuello - Pneumocystis Carini,Cuello,Pneumocystis Carini,,,,Par normal (dos puntos distintos),no,no,Torso sin camisa OK · No genitales visibles · Ropa interior en zona pélvica si aparece,vista frontal del cuello y garganta,Tablas Holoacademia (Lavín) - Sección Cabeza,Manual Biomagnetismo Mod.2 - Cabeza/Cuello,⏳ PENDIENTE - GENERAR,436,436_Cuello_Pneumocystis_Carini.png,
2,CUELLO,Cabeza,Cuello,Garganta Baja,Duodeno - Tiroides,Duodeno,Tiroides,Disfunción,,,Par normal (dos puntos distintos),SÍ,no,Torso sin camisa OK · No genitales visibles · Ropa interior en zona pélvica si aparece,vista frontal del cuello y garganta,Tablas Holoacademia (Lavín) - Sección Cabeza,Manual Biomagnetismo Mod.2 - Cabeza/Cuello,⏳ PENDIENTE - GENERAR,437,437_Duodeno_Tiroides.png,
2,CUELLO,Cabeza,Cuello,Garganta Baja,Duodeno Tiroides - Obesidad Extrema,Duodeno Tiroides,Obesidad Extrema,Especial/Disfunción,,,Par normal (dos puntos distintos),no,no,Torso sin camisa OK · No genitales visibles · Ropa interior en zona pélvica si aparece,vista frontal del cuello y garganta,Tablas Holoacademia (Lavín) - Sección Cabeza,Manual Biomagnetismo Mod.2 - Cabeza/Cuello,⏳ PENDIENTE - GENERAR,438,438_Duodeno_Tiroides_Obesidad_Extrema.png,
2,CUELLO,Cabeza,Cuello,Garganta Baja,Muñeca Derecha - Tiroides,Muñeca Derecha,Tiroides,Especial/Disfunción,,,Par normal (dos puntos distintos),SÍ,no,Torso sin camisa OK · No genitales visibles · Ropa interior en zona pélvica si aparece,vista frontal del cuello y garganta,Tablas Holoacademia (Lavín) - Sección Cabeza,Manual Biomagnetismo Mod.2 - Cabeza/Cuello,⏳ PENDIENTE - GENERAR,439,439_Muneca_Derecha_Tiroides.png,
2,CUELLO,Cabeza,Cuello,Garganta Baja,Vesícula - Paratiroides,Vesícula,Paratiroides,Disfunción,,,Par normal (dos puntos distintos),SÍ,no,Torso sin camisa OK · No genitales visibles · Ropa interior en zona pélvica si aparece,vista frontal del cuello y garganta,Tablas Holoacademia (Lavín) - Sección Cabeza,Manual Biomagnetismo Mod.2 - Cabeza/Cuello,⏳ PENDIENTE - GENERAR,440,440_Vesicula_Paratiroides.png,
2,CUELLO,Cabeza,Cuello,Garganta Baja,Tiroides - Páncreas,Tiroides,Páncreas,,,,Par normal (dos puntos distintos),SÍ,no,Torso sin camisa OK · No genitales visibles · Ropa interior en zona pélvica si aparece,vista frontal del cuello y garganta,Tablas Holoacademia (Lavín) - Sección Cabeza,Manual Biomagnetismo Mod.2 - Cabeza/Cuello,⏳ PENDIENTE - GENERAR,441,441_Tiroides_Pancreas.png,
2,CUELLO,Cabeza,Cuello,Garganta Baja,Tiroides - Hígado,Tiroides,Hígado,,,,Par normal (dos puntos distintos),SÍ,no,Torso sin camisa OK · No genitales visibles · Ropa interior en zona pélvica si aparece,vista frontal del cuello y garganta,Tablas Holoacademia (Lavín) - Sección Cabeza,Manual Biomagnetismo Mod.2 - Cabeza/Cuello,⏳ PENDIENTE - GENERAR,442,442_Tiroides_Higado.png,
2,CUELLO,Cabeza,Cuello,Garganta Baja,Tiroides Derecha - Tiroides Izquierda,Tiroides Derecha,Tiroides Izquierda,,,,Bilateral real (derecho/izquierdo),no,no,Torso sin camisa OK · No genitales visibles · Ropa interior en zona pélvica si aparece,vista frontal del cuello y garganta,Tablas Holoacademia (Lavín) - Sección Cabeza,Manual Biomagnetismo Mod.2 - Cabeza/Cuello,⏳ PENDIENTE - GENERAR,443,443_Tiroides_Derecha_Tiroides_Izquierda.png,
2,CUELLO,Cabeza,Cuello,Garganta Baja,Paratiroides - Riñón Contralateral,Paratiroides,Riñón Contralateral,Sin clasificar,,,Par normal (dos puntos distintos),SÍ,no,Torso sin camisa OK · No genitales visibles · Ropa interior en zona pélvica si aparece,vista frontal del cuello y garganta,Tablas Holoacademia (Lavín) - Sección Cabeza,Manual Biomagnetismo Mod.2 - Cabeza/Cuello,⏳ PENDIENTE - GENERAR,444,444_Paratiroides_Rinon_Contralateral.png,
2,CUELLO,Cabeza,Cuello,Garganta Baja,MUÑECA IZQUIERDA - Tiroides,MUÑECA IZQUIERDA,Tiroides,Especial/Disfunción,,,Par normal (dos puntos distintos),SÍ,no,Torso sin camisa OK · No genitales visibles · Ropa interior en zona pélvica si aparece,vista frontal del cuello y garganta,Tablas Holoacademia (Lavín) - Sección Cabeza,Manual Biomagnetismo Mod.2 - Cabeza/Cuello,⏳ PENDIENTE - GENERAR,445,445_MUNECA_IZQUIERDA_Tiroides.png,
2,CUELLO,Cabeza,Cuello,Garganta Baja,Cuello de Fémur - Cuello,Cuello de Fémur,Cuello,Hongo,Cándida,,Par normal (dos puntos distintos),no,no,Torso sin camisa OK · No genitales visibles · Ropa interior en zona pélvica si aparece,vista frontal del cuello y garganta,Tablas Holoacademia (Lavín) - Sección Cabeza,Manual Biomagnetismo Mod.2 - Cabeza/Cuello,⏳ PENDIENTE - GENERAR,446,446_Cuello_de_Femur_Cuello.png,
2,CUELLO,Cabeza,Cuello,Garganta Lateral,Nervio Vago - Nervio Vago,Nervio Vago,Nervio Vago,Especial/Disfunción,,,Mismo punto simple (un marcador),no,no,Torso sin camisa OK · No genitales visibles · Ropa interior en zona pélvica si aparece,vista frontal del cuello y garganta,Tablas Holoacademia (Lavín) - Sección Cabeza,Manual Biomagnetismo Mod.2 - Cabeza/Cuello,⏳ PENDIENTE - GENERAR,447,447_Nervio_Vago_Nervio_Vago.png,
2,CUELLO,Cabeza,Cuello,Garganta Lateral,Nervio Vago - Cardias,Nervio Vago,Cardias,Sin clasificar,Disfu nció n,,Par normal (dos puntos distintos),no,no,Torso sin camisa OK · No genitales visibles · Ropa interior en zona pélvica si aparece,vista frontal del cuello y garganta,Tablas Holoacademia (Lavín) - Sección Cabeza,Manual Biomagnetismo Mod.2 - Cabeza/Cuello,⏳ PENDIENTE - GENERAR,448,448_Nervio_Vago_Cardias.png,
2,CUELLO,Cabeza,Cuello,Garganta Lateral,Nervio Vago - Riñón RAS,Nervio Vago,Riñón RAS,,,,Par normal (dos puntos distintos),no,no,Torso sin camisa OK · No genitales visibles · Ropa interior en zona pélvica si aparece,vista frontal del cuello y garganta,Tablas Holoacademia (Lavín) - Sección Cabeza,Manual Biomagnetismo Mod.2 - Cabeza/Cuello,⏳ PENDIENTE - GENERAR,449,449_Nervio_Vago_Rinon_RAS.png,
2,CUELLO,Cabeza,Cuello,Garganta Lateral,Nudo - Nudo,Nudo,Nudo,,,,Mismo punto simple (un marcador),no,no,Torso sin camisa OK · No genitales visibles · Ropa interior en zona pélvica si aparece,vista frontal del cuello y garganta,Tablas Holoacademia (Lavín) - Sección Cabeza,Manual Biomagnetismo Mod.2 - Cabeza/Cuello,⏳ PENDIENTE - GENERAR,450,450_Nudo_Nudo.png,
2,CUELLO,Cabeza,Cuello,Garganta Lateral,Plexo Cervical - Plexo Cervical,Plexo Cervical,Plexo Cervical,Bacteria,Streptococcus faecalis,,Mismo punto simple (un marcador),no,no,Torso sin camisa OK · No genitales visibles · Ropa interior en zona pélvica si aparece,vista frontal del cuello y garganta,Tablas Holoacademia (Lavín) - Sección Cabeza,Manual Biomagnetismo Mod.2 - Cabeza/Cuello,✅ TIENE FICHA APROBADA,47,047_Plexo_cervical_plexo_cervical.png,047_Plexo_cervical_plexo_cervical.png
2,CUELLO,Cabeza,Cuello,Garganta Lateral,Plexo Cervical - Deltoides,Plexo Cervical,Deltoides,Emocional/Psicoemocional,Bala ntadi umTifo,,Par normal (dos puntos distintos),SÍ,no,Torso sin camisa OK · No genitales visibles · Ropa interior en zona pélvica si aparece,vista frontal del cuello y garganta,Tablas Holoacademia (Lavín) - Sección Cabeza,Manual Biomagnetismo Mod.2 - Cabeza/Cuello,⏳ PENDIENTE - GENERAR,451,451_Plexo_Cervical_Deltoides.png,
2,CUELLO,Cabeza,Cuello,Garganta Lateral,Esternocleidomastoideo Derecho - Clavícula,Esternocleidomastoideo Derecho,Clavícula,Virus,Guillain Barre o Polirradiculo RESERVORIO,,Par normal (dos puntos distintos),no,no,Torso sin camisa OK · No genitales visibles · Ropa interior en zona pélvica si aparece,vista frontal del cuello y garganta,Tablas Holoacademia (Lavín) - Sección Cabeza,Manual Biomagnetismo Mod.2 - Cabeza/Cuello,⏳ PENDIENTE - GENERAR,452,452_Esternocleidomastoideo_Derecho_Clavicula.png,
2,CUELLO,Cabeza,Cuello,Garganta Lateral,Esternocleidomastoideo Derecho - Piloro,Esternocleidomastoideo Derecho,Piloro,Sin clasificar,,,Par normal (dos puntos distintos),no,no,Torso sin camisa OK · No genitales visibles · Ropa interior en zona pélvica si aparece,vista frontal del cuello y garganta,Tablas Holoacademia (Lavín) - Sección Cabeza,Manual Biomagnetismo Mod.2 - Cabeza/Cuello,⏳ PENDIENTE - GENERAR,453,453_Esternocleidomastoideo_Derecho_Piloro.png,
2,CUELLO,Cabeza,Cuello,Garganta Lateral,Esternocleidomastoideo Derecho - Timo,Esternocleidomastoideo Derecho,Timo,Sin clasificar,Epstein Barr y Guillian Barre RESERVORIO,,Par normal (dos puntos distintos),no,no,Torso sin camisa OK · No genitales visibles · Ropa interior en zona pélvica si aparece,vista frontal del cuello y garganta,Tablas Holoacademia (Lavín) - Sección Cabeza,Manual Biomagnetismo Mod.2 - Cabeza/Cuello,⏳ PENDIENTE - GENERAR,454,454_Esternocleidomastoideo_Derecho_Timo.png,
2,CUELLO,Cabeza,Cuello,Garganta Lateral,Esternocleidomastoideo Izquierdo - Esternón,Esternocleidomastoideo Izquierdo,Esternón,Virus,Guillain Barre o Polirradiculo RESERVORIO,,Par normal (dos puntos distintos),no,no,Torso sin camisa OK · No genitales visibles · Ropa interior en zona pélvica si aparece,vista frontal del cuello y garganta,Tablas Holoacademia (Lavín) - Sección Cabeza,Manual Biomagnetismo Mod.2 - Cabeza/Cuello,⏳ PENDIENTE - GENERAR,455,455_Esternocleidomastoideo_Izquierdo_Esternon.png,
2,CUELLO,Cabeza,Cuello,Garganta Lateral,Esternocleidomastoideo Izquierdo - Riñón,Esternocleidomastoideo Izquierdo,Riñón,Sin clasificar,,,Par normal (dos puntos distintos),no,no,Torso sin camisa OK · No genitales visibles · Ropa interior en zona pélvica si aparece,vista frontal del cuello y garganta,Tablas Holoacademia (Lavín) - Sección Cabeza,Manual Biomagnetismo Mod.2 - Cabeza/Cuello,⏳ PENDIENTE - GENERAR,456,456_Esternocleidomastoideo_Izquierdo_Rinon.png,
2,CUELLO,Cabeza,Cuello,Garganta Lateral,Esternocleidomastoideo Izquierdo - Clavícula,Esternocleidomastoideo Izquierdo,Clavícula,Virus,Guillain Barre o Polirradiculo RESERVORIO,,Par normal (dos puntos distintos),no,no,Torso sin camisa OK · No genitales visibles · Ropa interior en zona pélvica si aparece,vista frontal del cuello y garganta,Tablas Holoacademia (Lavín) - Sección Cabeza,Manual Biomagnetismo Mod.2 - Cabeza/Cuello,⏳ PENDIENTE - GENERAR,457,457_Esternocleidomastoideo_Izquierdo_Clavicula.png,
2,CUELLO,Cabeza,Cuello,Garganta Lateral,Esófago - Subclavia,Esófago,Subclavia,Bacteria,Bacilo Staphiloccocus A,,Par normal (dos puntos distintos),no,no,Torso sin camisa OK · No genitales visibles · Ropa interior en zona pélvica si aparece,vista frontal del cuello y garganta,Tablas Holoacademia (Lavín) - Sección Cabeza,Manual Biomagnetismo Mod.2 - Cabeza/Cuello,⏳ PENDIENTE - GENERAR,458,458_Esofago_Subclavia.png,
2,CUELLO,Cabeza,Cuello,Garganta Lateral,Estómago - Subclavia Derecha,Estómago,Subclavia Derecha,Bacteria,Chiostrycium Perfringens,,Par normal (dos puntos distintos),SÍ,no,Torso sin camisa OK · No genitales visibles · Ropa interior en zona pélvica si aparece,vista frontal del cuello y garganta,Tablas Holoacademia (Lavín) - Sección Cabeza,Manual Biomagnetismo Mod.2 - Cabeza/Cuello,⏳ PENDIENTE - GENERAR,459,459_Estomago_Subclavia_Derecha.png,
2,CUELLO,Cabeza,Cuello,Garganta Lateral,Subclavia - Bacilo Difteroide,Subclavia,Bacilo Difteroide,,,,Par normal (dos puntos distintos),no,no,Torso sin camisa OK · No genitales visibles · Ropa interior en zona pélvica si aparece,vista frontal del cuello y garganta,Tablas Holoacademia (Lavín) - Sección Cabeza,Manual Biomagnetismo Mod.2 - Cabeza/Cuello,⏳ PENDIENTE - GENERAR,460,460_Subclavia_Bacilo_Difteroide.png,
2,CUELLO,Cabeza,Cuello,Garganta Lateral,Esternocleidomastoideo Derecho - Mastoides,Esternocleidomastoideo Derecho,Mastoides,Virus,Guillain Barre o Polirradiculo RESERVORIO,,Par normal (dos puntos distintos),no,no,Torso sin camisa OK · No genitales visibles · Ropa interior en zona pélvica si aparece,vista frontal del cuello y garganta,Tablas Holoacademia (Lavín) - Sección Cabeza,Manual Biomagnetismo Mod.2 - Cabeza/Cuello,⏳ PENDIENTE - GENERAR,461,461_Esternocleidomastoideo_Derecho_Mastoides.png,
2,CUELLO,Cabeza,Cuello,Garganta Lateral,Esternocleidomastoideo Izquierdo - Hipófisis,Esternocleidomastoideo Izquierdo,Hipófisis,Emocional/Psicoemocional,,,Par normal (dos puntos distintos),no,no,Torso sin camisa OK · No genitales visibles · Ropa interior en zona pélvica si aparece,vista frontal del cuello y garganta,Tablas Holoacademia (Lavín) - Sección Cabeza,Manual Biomagnetismo Mod.2 - Cabeza/Cuello,⏳ PENDIENTE - GENERAR,462,462_Esternocleidomastoideo_Izquierdo_Hipofisis.png,
2,CUELLO,Cabeza,Cuello,Garganta Lateral,Carótica Yugular - Streptococcus Pneumoniae,Carótica Yugular,Streptococcus Pneumoniae,,,,Par normal (dos puntos distintos),no,no,Torso sin camisa OK · No genitales visibles · Ropa interior en zona pélvica si aparece,vista frontal del cuello y garganta,Tablas Holoacademia (Lavín) - Sección Cabeza,Manual Biomagnetismo Mod.2 - Cabeza/Cuello,⏳ PENDIENTE - GENERAR,463,463_Carotica_Yugular_Streptococcus_Pneumoniae.png,
2,CUELLO,Cabeza,Cuello,Garganta Lateral,ECM Derecho - ECM Izquierdo,ECM Derecho,ECM Izquierdo,,,,Bilateral real (derecho/izquierdo),no,no,Torso sin camisa OK · No genitales visibles · Ropa interior en zona pélvica si aparece,vista frontal del cuello y garganta,Tablas Holoacademia (Lavín) - Sección Cabeza,Manual Biomagnetismo Mod.2 - Cabeza/Cuello,⏳ PENDIENTE - GENERAR,464,464_ECM_Derecho_ECM_Izquierdo.png,
2,CUELLO,Cabeza,Cuello,Garganta Lateral,Yugular - Temporal,Yugular,Temporal,Sin clasificar,,,Par normal (dos puntos distintos),no,no,Torso sin camisa OK · No genitales visibles · Ropa interior en zona pélvica si aparece,vista frontal del cuello y garganta,Tablas Holoacademia (Lavín) - Sección Cabeza,Manual Biomagnetismo Mod.2 - Cabeza/Cuello,⏳ PENDIENTE - GENERAR,465,465_Yugular_Temporal.png,
2,CUELLO,Cabeza,Cuello,Garganta Lateral,Yugular - Carótida,Yugular,Carótida,,,,Par normal (dos puntos distintos),no,no,Torso sin camisa OK · No genitales visibles · Ropa interior en zona pélvica si aparece,vista frontal del cuello y garganta,Tablas Holoacademia (Lavín) - Sección Cabeza,Manual Biomagnetismo Mod.2 - Cabeza/Cuello,⏳ PENDIENTE - GENERAR,466,466_Yugular_Carotida.png,
2,CUELLO,Cabeza,Cuello,Garganta Lateral,Yugular - Yugular,Yugular,Yugular,,,,Mismo punto simple (un marcador),no,no,Torso sin camisa OK · No genitales visibles · Ropa interior en zona pélvica si aparece,vista frontal del cuello y garganta,Tablas Holoacademia (Lavín) - Sección Cabeza,Manual Biomagnetismo Mod.2 - Cabeza/Cuello,⏳ PENDIENTE - GENERAR,467,467_Yugular_Yugular.png,
2,CUELLO,Cabeza,Cuello,Garganta Lateral,Plexo Cervical - Bulbo Raquídeo,Plexo Cervical,Bulbo Raquídeo,Bacteria,Serra tiafonti cola,,Par normal (dos puntos distintos),no,no,Torso sin camisa OK · No genitales visibles · Ropa interior en zona pélvica si aparece,vista frontal del cuello y garganta,Tablas Holoacademia (Lavín) - Sección Cabeza,Manual Biomagnetismo Mod.2 - Cabeza/Cuello,⏳ PENDIENTE - GENERAR,468,468_Plexo_Cervical_Bulbo_Raquideo.png,
2,CUELLO,Cabeza,Cuello,Garganta Lateral,Plexo Cervical - Entre Clavícula y Cuello,Plexo Cervical,Entre Clavícula y Cuello,,,,Par normal (dos puntos distintos),no,no,Torso sin camisa OK · No genitales visibles · Ropa interior en zona pélvica si aparece,vista frontal del cuello y garganta,Tablas Holoacademia (Lavín) - Sección Cabeza,Manual Biomagnetismo Mod.2 - Cabeza/Cuello,⏳ PENDIENTE - GENERAR,469,469_Plexo_Cervical_Entre_Clavicula_y_Cuello.png,
2,CUELLO,Cabeza,Cuello,Garganta Lateral,Subclavia - Esófago,Subclavia,Esófago,Bacteria,Bacilo Staphiloccocus A,,Par normal (dos puntos distintos),no,no,Torso sin camisa OK · No genitales visibles · Ropa interior en zona pélvica si aparece,vista frontal del cuello y garganta,Tablas Holoacademia (Lavín) - Sección Cabeza,Manual Biomagnetismo Mod.2 - Cabeza/Cuello,⏳ PENDIENTE - GENERAR,470,470_Subclavia_Esofago.png,
2,CUELLO,Cabeza,Cuello,Garganta Lateral,Cervicales - Plexo Cervical,Cervicales,Plexo Cervical,Sin clasificar,,,Par normal (dos puntos distintos),no,no,Torso sin camisa OK · No genitales visibles · Ropa interior en zona pélvica si aparece,vista frontal del cuello y garganta,Tablas Holoacademia (Lavín) - Sección Cabeza,Manual Biomagnetismo Mod.2 - Cabeza/Cuello,⏳ PENDIENTE - GENERAR,471,471_Cervicales_Plexo_Cervical.png,
2,CUELLO,Cabeza,Cuello,Garganta Lateral,Plexo Cervical - Supraespinoso,Plexo Cervical,Supraespinoso,Bacteria,Myco bacte rium Aviu m,,Par normal (dos puntos distintos),SÍ,no,Torso sin camisa OK · No genitales visibles · Ropa interior en zona pélvica si aparece,vista frontal del cuello y garganta,Tablas Holoacademia (Lavín) - Sección Cabeza,Manual Biomagnetismo Mod.2 - Cabeza/Cuello,⏳ PENDIENTE - GENERAR,472,472_Plexo_Cervical_Supraespinoso.png,
2,CUELLO,Cabeza,Cuello,Garganta Lateral,Plexo Cervical - PLEXO,Plexo Cervical,PLEXO,Bacteria,Streptococcus,,Par normal (dos puntos distintos),no,no,Torso sin camisa OK · No genitales visibles · Ropa interior en zona pélvica si aparece,vista frontal del cuello y garganta,Tablas Holoacademia (Lavín) - Sección Cabeza,Manual Biomagnetismo Mod.2 - Cabeza/Cuello,⏳ PENDIENTE - GENERAR,473,473_Plexo_Cervical_PLEXO.png,
2,CUELLO,Cabeza,Cuello,Nuca,Atlas - Atlas,Atlas,Atlas,Especial/Disfunción,,,Mismo punto simple (un marcador),no,no,Torso sin camisa OK · No genitales visibles · Ropa interior en zona pélvica si aparece,vista frontal del cuello y garganta,Tablas Holoacademia (Lavín) - Sección Cabeza,Manual Biomagnetismo Mod.2 - Cabeza/Cuello,⏳ PENDIENTE - GENERAR,474,474_Atlas_Atlas.png,
2,CUELLO,Cabeza,Cuello,Nuca,Atlas IZQ - Útero,Atlas IZQ,Útero,,,,Par normal (dos puntos distintos),SÍ,SÍ,Licra negra ajustada + top negro si aplica · Sin desnudez · Estilo médico sobrio,vista frontal del cuello y garganta,Tablas Holoacademia (Lavín) - Sección Cabeza,Manual Biomagnetismo Mod.2 - Cabeza/Cuello,⏳ PENDIENTE - GENERAR,475,475_Atlas_IZQ_Utero.png,
2,CUELLO,Cabeza,Cuello,Nuca,Cervical 3-4 - Suprarrenal,Cervical 3,4,,,,Par normal (dos puntos distintos),no,no,Torso sin camisa OK · No genitales visibles · Ropa interior en zona pélvica si aparece,vista frontal del cuello y garganta,Tablas Holoacademia (Lavín) - Sección Cabeza,Manual Biomagnetismo Mod.2 - Cabeza/Cuello,⏳ PENDIENTE - GENERAR,476,476_Cervical_3_4_Suprarrenal.png,
2,CUELLO,Cabeza,Cuello,Nuca,Cervical 3 - Sacro 2,Cervical 3,Sacro 2,,,,Par normal (dos puntos distintos),SÍ,SÍ,Licra negra ajustada + top negro si aplica · Sin desnudez · Estilo médico sobrio,vista frontal del cuello y garganta,Tablas Holoacademia (Lavín) - Sección Cabeza,Manual Biomagnetismo Mod.2 - Cabeza/Cuello,⏳ PENDIENTE - GENERAR,477,477_Cervical_3_Sacro_2.png,
2,CUELLO,Cabeza,Cuello,Nuca,Cervical 7 - Dorsal 1,Cervical 7,Dorsal 1,Especial/Disfunción,,,Par normal (dos puntos distintos),SÍ,no,Torso sin camisa OK · No genitales visibles · Ropa interior en zona pélvica si aparece,vista frontal del cuello y garganta,Tablas Holoacademia (Lavín) - Sección Cabeza,Manual Biomagnetismo Mod.2 - Cabeza/Cuello,⏳ PENDIENTE - GENERAR,478,478_Cervical_7_Dorsal_1.png,
2,CUELLO,Cabeza,Cuello,Nuca,Supraespinoso - Supraespinoso,Supraespinoso,Supraespinoso,Complejo,Mycobacterium tuberculosis,,Mismo punto simple (un marcador),no,no,Torso sin camisa OK · No genitales visibles · Ropa interior en zona pélvica si aparece,vista frontal del cuello y garganta,Tablas Holoacademia (Lavín) - Sección Cabeza,Manual Biomagnetismo Mod.2 - Cabeza/Cuello,✅ TIENE FICHA APROBADA,100,100_Supraespinoso_supraespinoso.png,100_Supraespinoso_supraespinoso.png
2,CUELLO,Cabeza,Cuello,Nuca,Cervical 1 - Esternocleidomastoideo Derecho,Cervical 1,Esternocleidomastoideo Derecho,,,,Par normal (dos puntos distintos),no,no,Torso sin camisa OK · No genitales visibles · Ropa interior en zona pélvica si aparece,vista frontal del cuello y garganta,Tablas Holoacademia (Lavín) - Sección Cabeza,Manual Biomagnetismo Mod.2 - Cabeza/Cuello,⏳ PENDIENTE - GENERAR,479,479_Cervical_1_Esternocleidomastoideo_Derecho.png,
2,CUELLO,Cabeza,Cuello,Nuca,Hueco Garganta - Glúteo Izquierdo,Hueco Garganta,Glúteo Izquierdo,Reservorio,UNIVERSAL,,Par normal (dos puntos distintos),SÍ,SÍ,Licra negra ajustada + top negro si aplica · Sin desnudez · Estilo médico sobrio,vista frontal del cuello y garganta,Tablas Holoacademia (Lavín) - Sección Cabeza,Manual Biomagnetismo Mod.2 - Cabeza/Cuello,⏳ PENDIENTE - GENERAR,480,480_Hueco_Garganta_Gluteo_Izquierdo.png,
2,CUELLO,Cabeza,Cuello,Nuca,Cervical - Cisura Media,Cervical,Cisura Media,Sin clasificar,,,Par normal (dos puntos distintos),no,no,Torso sin camisa OK · No genitales visibles · Ropa interior en zona pélvica si aparece,vista frontal del cuello y garganta,Tablas Holoacademia (Lavín) - Sección Cabeza,Manual Biomagnetismo Mod.2 - Cabeza/Cuello,⏳ PENDIENTE - GENERAR,481,481_Cervical_Cisura_Media.png,
2,CUELLO,Cabeza,Cuello,Nuca,Clavícula Media Derecha - Submaxilar Izquierdo,Clavícula Media Derecha,Submaxilar Izquierdo,Bacteria,Bordetella Pertussis,,Par normal (dos puntos distintos),no,no,Torso sin camisa OK · No genitales visibles · Ropa interior en zona pélvica si aparece,vista frontal del cuello y garganta,Tablas Holoacademia (Lavín) - Sección Cabeza,Manual Biomagnetismo Mod.2 - Cabeza/Cuello,⏳ PENDIENTE - GENERAR,482,482_Clavicula_Media_Derecha_Submaxilar_Izquierdo.png,
2,CUELLO,Cabeza,Cuello,Nuca,Clavícula Media Izquierda - Submaxilar Derecho,Clavícula Media Izquierda,Submaxilar Derecho,Bacteria,Bordetella Pertussis,,Par normal (dos puntos distintos),no,no,Torso sin camisa OK · No genitales visibles · Ropa interior en zona pélvica si aparece,vista frontal del cuello y garganta,Tablas Holoacademia (Lavín) - Sección Cabeza,Manual Biomagnetismo Mod.2 - Cabeza/Cuello,⏳ PENDIENTE - GENERAR,483,483_Clavicula_Media_Izquierda_Submaxilar_Derecho.png,
2,CUELLO,Cabeza,Cuello,Nuca,Plexo Cervical - Sacro,Plexo Cervical,Sacro,,,,Par normal (dos puntos distintos),SÍ,SÍ,Licra negra ajustada + top negro si aplica · Sin desnudez · Estilo médico sobrio,vista frontal del cuello y garganta,Tablas Holoacademia (Lavín) - Sección Cabeza,Manual Biomagnetismo Mod.2 - Cabeza/Cuello,✅ TIENE FICHA APROBADA,60,060_SACRO_Plexo_cervical.png,060_SACRO_Plexo_cervical.png
2,CUELLO,Cabeza,Cuello,Nuca,Plexo Cervical - Útero,Plexo Cervical,Útero,Especial/Disfunción,,,Par normal (dos puntos distintos),SÍ,SÍ,Licra negra ajustada + top negro si aplica · Sin desnudez · Estilo médico sobrio,vista frontal del cuello y garganta,Tablas Holoacademia (Lavín) - Sección Cabeza,Manual Biomagnetismo Mod.2 - Cabeza/Cuello,⏳ PENDIENTE - GENERAR,484,484_Plexo_Cervical_Utero.png,
2,CUELLO,Cabeza,Cuello,Nuca,Primera Cervical - Útero,Primera Cervical,Útero,,,,Par normal (dos puntos distintos),SÍ,SÍ,Licra negra ajustada + top negro si aplica · Sin desnudez · Estilo médico sobrio,vista frontal del cuello y garganta,Tablas Holoacademia (Lavín) - Sección Cabeza,Manual Biomagnetismo Mod.2 - Cabeza/Cuello,⏳ PENDIENTE - GENERAR,485,485_Primera_Cervical_Utero.png,
2,CUELLO,Cabeza,Cuello,Nuca,Cervical 5 - Sacro,Cervical 5,Sacro,Disfunción,,,Par normal (dos puntos distintos),SÍ,SÍ,Licra negra ajustada + top negro si aplica · Sin desnudez · Estilo médico sobrio,vista frontal del cuello y garganta,Tablas Holoacademia (Lavín) - Sección Cabeza,Manual Biomagnetismo Mod.2 - Cabeza/Cuello,⏳ PENDIENTE - GENERAR,486,486_Cervical_5_Sacro.png,
2,CUELLO,Cabeza,Cuello,Nuca,Cervical 5 - Cervical 5,Cervical 5,Cervical 5,Bacteria,,,Mismo punto simple (un marcador),no,no,Torso sin camisa OK · No genitales visibles · Ropa interior en zona pélvica si aparece,vista frontal del cuello y garganta,Tablas Holoacademia (Lavín) - Sección Cabeza,Manual Biomagnetismo Mod.2 - Cabeza/Cuello,⏳ PENDIENTE - GENERAR,487,487_Cervical_5_Cervical_5.png,
2,CUELLO,Cabeza,Cuello,Nuca,Cervical 7 - Cervical 7,Cervical 7,Cervical 7,Sin clasificar,Stap hyloc occu sCapit is,,Mismo punto simple (un marcador),no,no,Torso sin camisa OK · No genitales visibles · Ropa interior en zona pélvica si aparece,vista frontal del cuello y garganta,Tablas Holoacademia (Lavín) - Sección Cabeza,Manual Biomagnetismo Mod.2 - Cabeza/Cuello,⏳ PENDIENTE - GENERAR,488,488_Cervical_7_Cervical_7.png,
2,CUELLO,Cabeza,Cuello,Nuca,Dorsal 1 - Dorsal 1,Dorsal 1,Dorsal 1,Sin clasificar,Blast ocisti s homi nis o Prote us Vulg aris,,Mismo punto simple (un marcador),no,no,Torso sin camisa OK · No genitales visibles · Ropa interior en zona pélvica si aparece,vista frontal del cuello y garganta,Tablas Holoacademia (Lavín) - Sección Cabeza,Manual Biomagnetismo Mod.2 - Cabeza/Cuello,⏳ PENDIENTE - GENERAR,489,489_Dorsal_1_Dorsal_1.png,
3,TÓRAX,Tronco,Tórax,Collar,Mango del Esternón - Mango del Esternón,Mango del Esternón,Mango del Esternón,Virus,Coxsackie,,Mismo punto simple (un marcador),no,no,Torso sin camisa OK · No genitales visibles · Ropa interior en zona pélvica si aparece,vista frontal del torso masculino (sin camisa) mostrando tórax,Manual Biomagnetismo - Tórax/Abdomen/Espalda,Tablas Holoacademia - Tronco,⏳ PENDIENTE - GENERAR,490,490_Mango_del_Esternon_Mango_del_Esternon.png,
3,TÓRAX,Tronco,Tórax,Collar,Costilla 1 - Costilla 1,Costilla 1,Costilla 1,,,,Mismo punto simple (un marcador),no,no,Torso sin camisa OK · No genitales visibles · Ropa interior en zona pélvica si aparece,vista frontal del torso masculino (sin camisa) mostrando tórax,Manual Biomagnetismo - Tórax/Abdomen/Espalda,Tablas Holoacademia - Tronco,⏳ PENDIENTE - GENERAR,491,491_Costilla_1_Costilla_1.png,
3,TÓRAX,Tronco,Tórax,Collar,Subclavia - Subclavia,Subclavia,Subclavia,Bacteria,Bacilo difteroide,,Mismo punto simple (un marcador),no,no,Torso sin camisa OK · No genitales visibles · Ropa interior en zona pélvica si aparece,vista frontal del torso masculino (sin camisa) mostrando tórax,Manual Biomagnetismo - Tórax/Abdomen/Espalda,Tablas Holoacademia - Tronco,✅ TIENE FICHA APROBADA,62,062_Subclavia_Subclavia.png,062_Subclavia_Subclavia.png
3,TÓRAX,Tronco,Tórax,Collar,Epiclavio - Epiclavio,Epiclavio,Epiclavio,Especial/Disfunción,Espe cial,,Mismo punto simple (un marcador),no,no,Torso sin camisa OK · No genitales visibles · Ropa interior en zona pélvica si aparece,vista frontal del torso masculino (sin camisa) mostrando tórax,Manual Biomagnetismo - Tórax/Abdomen/Espalda,Tablas Holoacademia - Tronco,⏳ PENDIENTE - GENERAR,492,492_Epiclavio_Epiclavio.png,
3,TÓRAX,Tronco,Tórax,Collar,Mediastino - Mediastino,Mediastino,Mediastino,Bacteria,Proteus Mirabilis,,Mismo punto simple (un marcador),no,no,Torso sin camisa OK · No genitales visibles · Ropa interior en zona pélvica si aparece,vista frontal del torso masculino (sin camisa) mostrando tórax,Manual Biomagnetismo - Tórax/Abdomen/Espalda,Tablas Holoacademia - Tronco,✅ TIENE FICHA APROBADA,23,023_Mediastino_Mediastino.png,023_Mediastino_Mediastino.png
3,TÓRAX,Tronco,Tórax,Collar,Mediastino - Cerebelo,Mediastino,Cerebelo,Emocional/Psicoemocional,,,Par normal (dos puntos distintos),SÍ,no,Torso sin camisa OK · No genitales visibles · Ropa interior en zona pélvica si aparece,vista frontal del torso masculino (sin camisa) mostrando tórax,Manual Biomagnetismo - Tórax/Abdomen/Espalda,Tablas Holoacademia - Tronco,⏳ PENDIENTE - GENERAR,493,493_Mediastino_Cerebelo.png,
3,TÓRAX,Tronco,Tórax,Collar,Costillas 1 al 12 - Riñón,Costillas 1 al 12,Riñón,,,,Par normal (dos puntos distintos),SÍ,no,Torso sin camisa OK · No genitales visibles · Ropa interior en zona pélvica si aparece,vista frontal del torso masculino (sin camisa) mostrando tórax,Manual Biomagnetismo - Tórax/Abdomen/Espalda,Tablas Holoacademia - Tronco,⏳ PENDIENTE - GENERAR,494,494_Costillas_1_al_12_Rinon.png,
3,TÓRAX,Tronco,Tórax,Collar,Esternocleidomastoideo Derecho - Esternón,Esternocleidomastoideo Derecho,Esternón,Virus,Guillain Barre o Polirradiculo RESERVORIO,,Par normal (dos puntos distintos),no,no,Torso sin camisa OK · No genitales visibles · Ropa interior en zona pélvica si aparece,vista frontal del torso masculino (sin camisa) mostrando tórax,Manual Biomagnetismo - Tórax/Abdomen/Espalda,Tablas Holoacademia - Tronco,⏳ PENDIENTE - GENERAR,495,495_Esternocleidomastoideo_Derecho_Esternon.png,
3,TÓRAX,Tronco,Tórax,Collar,Esternón - Suprarrenales,Esternón,Suprarrenales,Especial/Disfunción,Poliglobulia (Lucio),,Par normal (dos puntos distintos),SÍ,no,Torso sin camisa OK · No genitales visibles · Ropa interior en zona pélvica si aparece,vista frontal del torso masculino (sin camisa) mostrando tórax,Manual Biomagnetismo - Tórax/Abdomen/Espalda,Tablas Holoacademia - Tronco,⏳ PENDIENTE - GENERAR,496,496_Esternon_Suprarrenales.png,
3,TÓRAX,Tronco,Tórax,Collar,Esternón - Timo,Esternón,Timo,Emocional/Psicoemocional,Eritr ocito s,,Par normal (dos puntos distintos),no,no,Torso sin camisa OK · No genitales visibles · Ropa interior en zona pélvica si aparece,vista frontal del torso masculino (sin camisa) mostrando tórax,Manual Biomagnetismo - Tórax/Abdomen/Espalda,Tablas Holoacademia - Tronco,✅ TIENE FICHA APROBADA,0,000_Timo_Esternon_plantilla_aprobada.png,000_Timo_Esternon_plantilla_aprobada.png
3,TÓRAX,Tronco,Tórax,Collar,1a Costilla - 1a Costilla,1a Costilla,1a Costilla,,Trycophyto,,Mismo punto simple (un marcador),no,no,Torso sin camisa OK · No genitales visibles · Ropa interior en zona pélvica si aparece,vista frontal del torso masculino (sin camisa) mostrando tórax,Manual Biomagnetismo - Tórax/Abdomen/Espalda,Tablas Holoacademia - Tronco,⏳ PENDIENTE - GENERAR,497,497_1a_Costilla_1a_Costilla.png,
3,TÓRAX,Tronco,Tórax,Collar,7a Costilla - 7a Costilla,7a Costilla,7a Costilla,Hongo,Trycophyto,,Mismo punto simple (un marcador),no,no,Torso sin camisa OK · No genitales visibles · Ropa interior en zona pélvica si aparece,vista frontal del torso masculino (sin camisa) mostrando tórax,Manual Biomagnetismo - Tórax/Abdomen/Espalda,Tablas Holoacademia - Tronco,⏳ PENDIENTE - GENERAR,498,498_7a_Costilla_7a_Costilla.png,
3,TÓRAX,Tronco,Tórax,Collar,1a Costilla - Vejiga,1a Costilla,Vejiga,,,,Par normal (dos puntos distintos),SÍ,no,Torso sin camisa OK · No genitales visibles · Ropa interior en zona pélvica si aparece,vista frontal del torso masculino (sin camisa) mostrando tórax,Manual Biomagnetismo - Tórax/Abdomen/Espalda,Tablas Holoacademia - Tronco,⏳ PENDIENTE - GENERAR,499,499_1a_Costilla_Vejiga.png,
3,TÓRAX,Tronco,Tórax,Collar,Costilla del Mismo Lado - Punta Baja del Corazón,Costilla del Mismo Lado,Punta Baja del Corazón,,,,Par normal (dos puntos distintos),no,no,Torso sin camisa OK · No genitales visibles · Ropa interior en zona pélvica si aparece,vista frontal del torso masculino (sin camisa) mostrando tórax,Manual Biomagnetismo - Tórax/Abdomen/Espalda,Tablas Holoacademia - Tronco,⏳ PENDIENTE - GENERAR,500,500_Costilla_del_Mismo_Lado_Punta_Baja_del_Corazon.png,
3,TÓRAX,Tronco,Tórax,Collar,Costillas 1 a 12 - Riñón,Costillas 1 a 12,Riñón,,,,Par normal (dos puntos distintos),SÍ,no,Torso sin camisa OK · No genitales visibles · Ropa interior en zona pélvica si aparece,vista frontal del torso masculino (sin camisa) mostrando tórax,Manual Biomagnetismo - Tórax/Abdomen/Espalda,Tablas Holoacademia - Tronco,⏳ PENDIENTE - GENERAR,501,501_Costillas_1_a_12_Rinon.png,
3,TÓRAX,Tronco,Tórax,Collar,Mediastino Superior - Mediastino Inferior,Mediastino Superior,Mediastino Inferior,Bacteria,Proteus Mirabillis,,Par normal (dos puntos distintos),no,no,Torso sin camisa OK · No genitales visibles · Ropa interior en zona pélvica si aparece,vista frontal del torso masculino (sin camisa) mostrando tórax,Manual Biomagnetismo - Tórax/Abdomen/Espalda,Tablas Holoacademia - Tronco,⏳ PENDIENTE - GENERAR,502,502_Mediastino_Superior_Mediastino_Inferior.png,
3,TÓRAX,Tronco,Tórax,Collar,Mediastino Superior - Hipotálamo,Mediastino Superior,Hipotálamo,Disfunción,,,Par normal (dos puntos distintos),SÍ,no,Torso sin camisa OK · No genitales visibles · Ropa interior en zona pélvica si aparece,vista frontal del torso masculino (sin camisa) mostrando tórax,Manual Biomagnetismo - Tórax/Abdomen/Espalda,Tablas Holoacademia - Tronco,⏳ PENDIENTE - GENERAR,503,503_Mediastino_Superior_Hipotalamo.png,
3,TÓRAX,Tronco,Tórax,Collar,Mediastino - Pericardio,Mediastino,Pericardio,Hongo,Aspe rguill us,,Par normal (dos puntos distintos),no,no,Torso sin camisa OK · No genitales visibles · Ropa interior en zona pélvica si aparece,vista frontal del torso masculino (sin camisa) mostrando tórax,Manual Biomagnetismo - Tórax/Abdomen/Espalda,Tablas Holoacademia - Tronco,⏳ PENDIENTE - GENERAR,504,504_Mediastino_Pericardio.png,
3,TÓRAX,Tronco,Tórax,Collar,Mediastino - Suprarrenales,Mediastino,Suprarrenales,Sin clasificar,Enterobacter Pneumoniae,,Par normal (dos puntos distintos),SÍ,no,Torso sin camisa OK · No genitales visibles · Ropa interior en zona pélvica si aparece,vista frontal del torso masculino (sin camisa) mostrando tórax,Manual Biomagnetismo - Tórax/Abdomen/Espalda,Tablas Holoacademia - Tronco,⏳ PENDIENTE - GENERAR,505,505_Mediastino_Suprarrenales.png,
3,TÓRAX,Tronco,Tórax,Collar,Mango - Mango,Mango,Mango,,,,Mismo punto simple (un marcador),no,no,Torso sin camisa OK · No genitales visibles · Ropa interior en zona pélvica si aparece,vista frontal del torso masculino (sin camisa) mostrando tórax,Manual Biomagnetismo - Tórax/Abdomen/Espalda,Tablas Holoacademia - Tronco,⏳ PENDIENTE - GENERAR,506,506_Mango_Mango.png,
3,TÓRAX,Tronco,Tórax,Collar,Mango del - Mango del,Mango del,Mango del,,,,Mismo punto simple (un marcador),no,no,Torso sin camisa OK · No genitales visibles · Ropa interior en zona pélvica si aparece,vista frontal del torso masculino (sin camisa) mostrando tórax,Manual Biomagnetismo - Tórax/Abdomen/Espalda,Tablas Holoacademia - Tronco,⏳ PENDIENTE - GENERAR,507,507_Mango_del_Mango_del.png,
3,TÓRAX,Tronco,Tórax,Collar,Mediastino Superior - Mediastino,Mediastino Superior,Mediastino,Bacteria,Prote usmira billis,,Par normal (dos puntos distintos),no,no,Torso sin camisa OK · No genitales visibles · Ropa interior en zona pélvica si aparece,vista frontal del torso masculino (sin camisa) mostrando tórax,Manual Biomagnetismo - Tórax/Abdomen/Espalda,Tablas Holoacademia - Tronco,⏳ PENDIENTE - GENERAR,508,508_Mediastino_Superior_Mediastino.png,
3,TÓRAX,Tronco,Tórax,Collar,Mediastino - Riñón Derecho,Mediastino,Riñón Derecho,Disfunción,,,Par normal (dos puntos distintos),SÍ,no,Torso sin camisa OK · No genitales visibles · Ropa interior en zona pélvica si aparece,vista frontal del torso masculino (sin camisa) mostrando tórax,Manual Biomagnetismo - Tórax/Abdomen/Espalda,Tablas Holoacademia - Tronco,⏳ PENDIENTE - GENERAR,509,509_Mediastino_Rinon_Derecho.png,
3,TÓRAX,Tronco,Tórax,Collar,Suprarrenales - Todo El Frente,Suprarrenales,Todo El Frente,Disfunción,,,Par normal (dos puntos distintos),no,no,Torso sin camisa OK · No genitales visibles · Ropa interior en zona pélvica si aparece,vista frontal del torso masculino (sin camisa) mostrando tórax,Manual Biomagnetismo - Tórax/Abdomen/Espalda,Tablas Holoacademia - Tronco,⏳ PENDIENTE - GENERAR,510,510_Suprarrenales_Todo_El_Frente.png,
3,TÓRAX,Tronco,Tórax,Timo,Timo - Timo,Timo,Timo,Disfunción,Disfu nció nGlan dular,,Mismo punto simple (un marcador),no,no,Torso sin camisa OK · No genitales visibles · Ropa interior en zona pélvica si aparece,vista frontal del torso masculino (sin camisa) mostrando tórax,Manual Biomagnetismo - Tórax/Abdomen/Espalda,Tablas Holoacademia - Tronco,⏳ PENDIENTE - GENERAR,511,511_Timo_Timo.png,
3,TÓRAX,Tronco,Tórax,Timo,Timo - Hipófisis,Timo,Hipófisis,Emocional/Psicoemocional,,,Par normal (dos puntos distintos),SÍ,no,Torso sin camisa OK · No genitales visibles · Ropa interior en zona pélvica si aparece,vista frontal del torso masculino (sin camisa) mostrando tórax,Manual Biomagnetismo - Tórax/Abdomen/Espalda,Tablas Holoacademia - Tronco,⏳ PENDIENTE - GENERAR,512,512_Timo_Hipofisis.png,
3,TÓRAX,Tronco,Tórax,Timo,Timo - Parietal,Timo,Parietal,Virus,Rubéola,,Par normal (dos puntos distintos),SÍ,no,Torso sin camisa OK · No genitales visibles · Ropa interior en zona pélvica si aparece,vista frontal del torso masculino (sin camisa) mostrando tórax,Manual Biomagnetismo - Tórax/Abdomen/Espalda,Tablas Holoacademia - Tronco,✅ TIENE FICHA APROBADA,14,014_Timo_Parietal.png,014_Timo_Parietal.png
3,TÓRAX,Tronco,Tórax,Timo,Timo - Testículo RAS,Timo,Testículo RAS,,,,Par normal (dos puntos distintos),SÍ,SÍ,Licra negra ajustada + top negro si aplica · Sin desnudez · Estilo médico sobrio,vista frontal del torso masculino (sin camisa) mostrando tórax,Manual Biomagnetismo - Tórax/Abdomen/Espalda,Tablas Holoacademia - Tronco,⏳ PENDIENTE - GENERAR,513,513_Timo_Testiculo_RAS.png,
3,TÓRAX,Tronco,Tórax,Timo,Timo - Ovario RAS,Timo,Ovario RAS,,,,Par normal (dos puntos distintos),SÍ,SÍ,Licra negra ajustada + top negro si aplica · Sin desnudez · Estilo médico sobrio,vista frontal del torso masculino (sin camisa) mostrando tórax,Manual Biomagnetismo - Tórax/Abdomen/Espalda,Tablas Holoacademia - Tronco,⏳ PENDIENTE - GENERAR,514,514_Timo_Ovario_RAS.png,
3,TÓRAX,Tronco,Tórax,Timo,Timo - Recto,Timo,Recto,Virus,VIH 1 (SID A),,Par normal (dos puntos distintos),SÍ,SÍ,Licra negra ajustada + top negro si aplica · Sin desnudez · Estilo médico sobrio,vista frontal del torso masculino (sin camisa) mostrando tórax,Manual Biomagnetismo - Tórax/Abdomen/Espalda,Tablas Holoacademia - Tronco,✅ TIENE FICHA APROBADA,99,099_Recto_Timo.png,099_Recto_Timo.png
3,TÓRAX,Tronco,Tórax,Timo,Axila - Timo,Axila,Timo,Especial/Disfunción,Espe cial,,Par normal (dos puntos distintos),no,no,Torso sin camisa OK · No genitales visibles · Ropa interior en zona pélvica si aparece,vista frontal del torso masculino (sin camisa) mostrando tórax,Manual Biomagnetismo - Tórax/Abdomen/Espalda,Tablas Holoacademia - Tronco,✅ TIENE FICHA APROBADA,75,075_Axila_Timo.png,075_Axila_Timo.png
3,TÓRAX,Tronco,Tórax,Timo,Bazo - Timo,Bazo,Timo,Especial/Disfunción,Polig lobul ina,,Par normal (dos puntos distintos),SÍ,no,Torso sin camisa OK · No genitales visibles · Ropa interior en zona pélvica si aparece,vista frontal del torso masculino (sin camisa) mostrando tórax,Manual Biomagnetismo - Tórax/Abdomen/Espalda,Tablas Holoacademia - Tronco,⏳ PENDIENTE - GENERAR,515,515_Bazo_Timo.png,
3,TÓRAX,Tronco,Tórax,Timo,Cava - Timo,Cava,Timo,Emocional/Psicoemocional,,,Par normal (dos puntos distintos),no,no,Torso sin camisa OK · No genitales visibles · Ropa interior en zona pélvica si aparece,vista frontal del torso masculino (sin camisa) mostrando tórax,Manual Biomagnetismo - Tórax/Abdomen/Espalda,Tablas Holoacademia - Tronco,⏳ PENDIENTE - GENERAR,516,516_Cava_Timo.png,
3,TÓRAX,Tronco,Tórax,Timo,Clítoris - Timo,Clítoris,Timo,Disfunción,DEPAT XI,,Par normal (dos puntos distintos),SÍ,SÍ,Licra negra ajustada + top negro si aplica · Sin desnudez · Estilo médico sobrio,vista frontal del torso masculino (sin camisa) mostrando tórax,Manual Biomagnetismo - Tórax/Abdomen/Espalda,Tablas Holoacademia - Tronco,⏳ PENDIENTE - GENERAR,517,517_Clitoris_Timo.png,
3,TÓRAX,Tronco,Tórax,Timo,ECM - Timo,ECM,Timo,Sin clasificar,Eipst einBarr,,Par normal (dos puntos distintos),no,no,Torso sin camisa OK · No genitales visibles · Ropa interior en zona pélvica si aparece,vista frontal del torso masculino (sin camisa) mostrando tórax,Manual Biomagnetismo - Tórax/Abdomen/Espalda,Tablas Holoacademia - Tronco,⏳ PENDIENTE - GENERAR,518,518_ECM_Timo.png,
3,TÓRAX,Tronco,Tórax,Timo,Estómago - Timo,Estómago,Timo,Sin clasificar,Escherichia Transgénica,,Par normal (dos puntos distintos),SÍ,no,Torso sin camisa OK · No genitales visibles · Ropa interior en zona pélvica si aparece,vista frontal del torso masculino (sin camisa) mostrando tórax,Manual Biomagnetismo - Tórax/Abdomen/Espalda,Tablas Holoacademia - Tronco,⏳ PENDIENTE - GENERAR,519,519_Estomago_Timo.png,
3,TÓRAX,Tronco,Tórax,Timo,Timo - Axila,Timo,Axila,Especial/Disfunción,Espe cial,,Par normal (dos puntos distintos),no,no,Torso sin camisa OK · No genitales visibles · Ropa interior en zona pélvica si aparece,vista frontal del torso masculino (sin camisa) mostrando tórax,Manual Biomagnetismo - Tórax/Abdomen/Espalda,Tablas Holoacademia - Tronco,⏳ PENDIENTE - GENERAR,520,520_Timo_Axila.png,
3,TÓRAX,Tronco,Tórax,Timo,Timo - Suprarrenales,Timo,Suprarrenales,Especial/Disfunción,Álvaro,,Par normal (dos puntos distintos),SÍ,no,Torso sin camisa OK · No genitales visibles · Ropa interior en zona pélvica si aparece,vista frontal del torso masculino (sin camisa) mostrando tórax,Manual Biomagnetismo - Tórax/Abdomen/Espalda,Tablas Holoacademia - Tronco,⏳ PENDIENTE - GENERAR,521,521_Timo_Suprarrenales.png,
3,TÓRAX,Tronco,Tórax,Timo,Timo - Apéndice,Timo,Apéndice,Especial/Disfunción,Ángeles,,Par normal (dos puntos distintos),SÍ,no,Torso sin camisa OK · No genitales visibles · Ropa interior en zona pélvica si aparece,vista frontal del torso masculino (sin camisa) mostrando tórax,Manual Biomagnetismo - Tórax/Abdomen/Espalda,Tablas Holoacademia - Tronco,⏳ PENDIENTE - GENERAR,522,522_Timo_Apendice.png,
3,TÓRAX,Tronco,Tórax,Timo,Timo - Cardias,Timo,Cardias,Bacteria,Legi onell a,,Par normal (dos puntos distintos),no,no,Torso sin camisa OK · No genitales visibles · Ropa interior en zona pélvica si aparece,vista frontal del torso masculino (sin camisa) mostrando tórax,Manual Biomagnetismo - Tórax/Abdomen/Espalda,Tablas Holoacademia - Tronco,⏳ PENDIENTE - GENERAR,523,523_Timo_Cardias.png,
3,TÓRAX,Tronco,Tórax,Timo,Timo - Bazo,Timo,Bazo,Especial/Disfunción,Polig lobul ina,,Par normal (dos puntos distintos),SÍ,no,Torso sin camisa OK · No genitales visibles · Ropa interior en zona pélvica si aparece,vista frontal del torso masculino (sin camisa) mostrando tórax,Manual Biomagnetismo - Tórax/Abdomen/Espalda,Tablas Holoacademia - Tronco,⏳ PENDIENTE - GENERAR,524,524_Timo_Bazo.png,
3,TÓRAX,Tronco,Tórax,Timo,Pulmón - Timo,Pulmón,Timo,Sin clasificar,Disfu ncio n yEspe cial,,Par normal (dos puntos distintos),no,no,Torso sin camisa OK · No genitales visibles · Ropa interior en zona pélvica si aparece,vista frontal del torso masculino (sin camisa) mostrando tórax,Manual Biomagnetismo - Tórax/Abdomen/Espalda,Tablas Holoacademia - Tronco,⏳ PENDIENTE - GENERAR,525,525_Pulmon_Timo.png,
3,TÓRAX,Tronco,Tórax,Timo,Páncreas - Timo,Páncreas,Timo,Bacteria,Fasci olop sisBusk i,,Par normal (dos puntos distintos),SÍ,no,Torso sin camisa OK · No genitales visibles · Ropa interior en zona pélvica si aparece,vista frontal del torso masculino (sin camisa) mostrando tórax,Manual Biomagnetismo - Tórax/Abdomen/Espalda,Tablas Holoacademia - Tronco,⏳ PENDIENTE - GENERAR,526,526_Pancreas_Timo.png,
3,TÓRAX,Tronco,Tórax,Timo,Suprarrenal - Timo,Suprarrenal,Timo,Especial/Disfunción,Espe cial,,Par normal (dos puntos distintos),SÍ,no,Torso sin camisa OK · No genitales visibles · Ropa interior en zona pélvica si aparece,vista frontal del torso masculino (sin camisa) mostrando tórax,Manual Biomagnetismo - Tórax/Abdomen/Espalda,Tablas Holoacademia - Tronco,⏳ PENDIENTE - GENERAR,527,527_Suprarrenal_Timo.png,
3,TÓRAX,Tronco,Tórax,Timo,Timo - Bulbo,Timo,Bulbo,Virus,Meni ngiti sviral,,Par normal (dos puntos distintos),SÍ,no,Torso sin camisa OK · No genitales visibles · Ropa interior en zona pélvica si aparece,vista frontal del torso masculino (sin camisa) mostrando tórax,Manual Biomagnetismo - Tórax/Abdomen/Espalda,Tablas Holoacademia - Tronco,⏳ PENDIENTE - GENERAR,528,528_Timo_Bulbo.png,
3,TÓRAX,Tronco,Tórax,Timo,Colón Transverso - Timo,Colón Transverso,Timo,Reservorio,BACTERIAS MYCOBATERIUM LEPRAE,,Par normal (dos puntos distintos),SÍ,no,Torso sin camisa OK · No genitales visibles · Ropa interior en zona pélvica si aparece,vista frontal del torso masculino (sin camisa) mostrando tórax,Manual Biomagnetismo - Tórax/Abdomen/Espalda,Tablas Holoacademia - Tronco,⏳ PENDIENTE - GENERAR,529,529_Colon_Transverso_Timo.png,
3,TÓRAX,Tronco,Tórax,Anahata,Esternón - Suprarrenal,Esternón,Suprarrenal,Especial/Disfunción,Hepatitis L,,Par normal (dos puntos distintos),SÍ,no,Torso sin camisa OK · No genitales visibles · Ropa interior en zona pélvica si aparece,vista frontal del torso masculino (sin camisa) mostrando tórax,Manual Biomagnetismo - Tórax/Abdomen/Espalda,Tablas Holoacademia - Tronco,⏳ PENDIENTE - GENERAR,530,530_Esternon_Suprarrenal.png,
3,TÓRAX,Tronco,Tórax,Anahata,Esternón - Bazo,Esternón,Bazo,Especial/Disfunción,,,Par normal (dos puntos distintos),SÍ,no,Torso sin camisa OK · No genitales visibles · Ropa interior en zona pélvica si aparece,vista frontal del torso masculino (sin camisa) mostrando tórax,Manual Biomagnetismo - Tórax/Abdomen/Espalda,Tablas Holoacademia - Tronco,⏳ PENDIENTE - GENERAR,531,531_Esternon_Bazo.png,
3,TÓRAX,Tronco,Tórax,Anahata,Tráquea - Tráquea,Tráquea,Tráquea,Virus,Influenza,,Mismo punto simple (un marcador),no,no,Torso sin camisa OK · No genitales visibles · Ropa interior en zona pélvica si aparece,vista frontal del torso masculino (sin camisa) mostrando tórax,Manual Biomagnetismo - Tórax/Abdomen/Espalda,Tablas Holoacademia - Tronco,✅ TIENE FICHA APROBADA,64,064_Traquea_Traquea.png,064_Traquea_Traquea.png
3,TÓRAX,Tronco,Tórax,Anahata,Tráquea - Corazón,Tráquea,Corazón,Emocional/Psicoemocional,,,Par normal (dos puntos distintos),no,no,Torso sin camisa OK · No genitales visibles · Ropa interior en zona pélvica si aparece,vista frontal del torso masculino (sin camisa) mostrando tórax,Manual Biomagnetismo - Tórax/Abdomen/Espalda,Tablas Holoacademia - Tronco,⏳ PENDIENTE - GENERAR,532,532_Traquea_Corazon.png,
3,TÓRAX,Tronco,Tórax,Anahata,Esófago - Esófago,Esófago,Esófago,Parásito,Fasci olop sisbuski,,Mismo punto simple (un marcador),no,no,Torso sin camisa OK · No genitales visibles · Ropa interior en zona pélvica si aparece,vista frontal del torso masculino (sin camisa) mostrando tórax,Manual Biomagnetismo - Tórax/Abdomen/Espalda,Tablas Holoacademia - Tronco,✅ TIENE FICHA APROBADA,67,067_Esofago_Esofago.png,067_Esofago_Esofago.png
3,TÓRAX,Tronco,Tórax,Anahata,Esófago - Hiato Esofágico,Esófago,Hiato Esofágico,Bacteria,Enterobacter pneumoniae,,Par normal (dos puntos distintos),no,no,Torso sin camisa OK · No genitales visibles · Ropa interior en zona pélvica si aparece,vista frontal del torso masculino (sin camisa) mostrando tórax,Manual Biomagnetismo - Tórax/Abdomen/Espalda,Tablas Holoacademia - Tronco,⏳ PENDIENTE - GENERAR,533,533_Esofago_Hiato_Esofagico.png,
3,TÓRAX,Tronco,Tórax,Anahata,Esófago - Vejiga IZQ,Esófago,Vejiga IZQ,Hongo,hongo directo al,,Par normal (dos puntos distintos),SÍ,no,Torso sin camisa OK · No genitales visibles · Ropa interior en zona pélvica si aparece,vista frontal del torso masculino (sin camisa) mostrando tórax,Manual Biomagnetismo - Tórax/Abdomen/Espalda,Tablas Holoacademia - Tronco,⏳ PENDIENTE - GENERAR,534,534_Esofago_Vejiga_IZQ.png,
3,TÓRAX,Tronco,Tórax,Anahata,Bronquio - Bronquio,Bronquio,Bronquio,,,,Mismo punto simple (un marcador),no,no,Torso sin camisa OK · No genitales visibles · Ropa interior en zona pélvica si aparece,vista frontal del torso masculino (sin camisa) mostrando tórax,Manual Biomagnetismo - Tórax/Abdomen/Espalda,Tablas Holoacademia - Tronco,⏳ PENDIENTE - GENERAR,535,535_Bronquio_Bronquio.png,
3,TÓRAX,Tronco,Tórax,Anahata,Bronquio Derecho - Pericardio,Bronquio Derecho,Pericardio,,,,Par normal (dos puntos distintos),no,no,Torso sin camisa OK · No genitales visibles · Ropa interior en zona pélvica si aparece,vista frontal del torso masculino (sin camisa) mostrando tórax,Manual Biomagnetismo - Tórax/Abdomen/Espalda,Tablas Holoacademia - Tronco,⏳ PENDIENTE - GENERAR,536,536_Bronquio_Derecho_Pericardio.png,
3,TÓRAX,Tronco,Tórax,Anahata,Condral Derecho - Bronquio Derecho,Condral Derecho,Bronquio Derecho,Sin clasificar,,,Par normal (dos puntos distintos),no,no,Torso sin camisa OK · No genitales visibles · Ropa interior en zona pélvica si aparece,vista frontal del torso masculino (sin camisa) mostrando tórax,Manual Biomagnetismo - Tórax/Abdomen/Espalda,Tablas Holoacademia - Tronco,⏳ PENDIENTE - GENERAR,537,537_Condral_Derecho_Bronquio_Derecho.png,
3,TÓRAX,Tronco,Tórax,Anahata,Esófago - Pulmón,Esófago,Pulmón,Sin clasificar,,,Par normal (dos puntos distintos),no,no,Torso sin camisa OK · No genitales visibles · Ropa interior en zona pélvica si aparece,vista frontal del torso masculino (sin camisa) mostrando tórax,Manual Biomagnetismo - Tórax/Abdomen/Espalda,Tablas Holoacademia - Tronco,⏳ PENDIENTE - GENERAR,538,538_Esofago_Pulmon.png,
3,TÓRAX,Tronco,Tórax,Anahata,Esófago - Colon Descendente,Esófago,Colon Descendente,Sin clasificar,Mycoplasma Hominis,,Par normal (dos puntos distintos),SÍ,no,Torso sin camisa OK · No genitales visibles · Ropa interior en zona pélvica si aparece,vista frontal del torso masculino (sin camisa) mostrando tórax,Manual Biomagnetismo - Tórax/Abdomen/Espalda,Tablas Holoacademia - Tronco,⏳ PENDIENTE - GENERAR,539,539_Esofago_Colon_Descendente.png,
3,TÓRAX,Tronco,Tórax,Anahata,Esternón - Esternón,Esternón,Esternón,,,,Mismo punto simple (un marcador),no,no,Torso sin camisa OK · No genitales visibles · Ropa interior en zona pélvica si aparece,vista frontal del torso masculino (sin camisa) mostrando tórax,Manual Biomagnetismo - Tórax/Abdomen/Espalda,Tablas Holoacademia - Tronco,⏳ PENDIENTE - GENERAR,540,540_Esternon_Esternon.png,
3,TÓRAX,Tronco,Tórax,Anahata,Diafragma - Esófago,Diafragma,Esófago,Hongo,virus que lo,,Par normal (dos puntos distintos),no,no,Torso sin camisa OK · No genitales visibles · Ropa interior en zona pélvica si aparece,vista frontal del torso masculino (sin camisa) mostrando tórax,Manual Biomagnetismo - Tórax/Abdomen/Espalda,Tablas Holoacademia - Tronco,⏳ PENDIENTE - GENERAR,541,541_Diafragma_Esofago.png,
3,TÓRAX,Tronco,Tórax,Anahata,Esófago - Bulbo Raquídeo,Esófago,Bulbo Raquídeo,Parásito,Cisticerco,,Par normal (dos puntos distintos),SÍ,no,Torso sin camisa OK · No genitales visibles · Ropa interior en zona pélvica si aparece,vista frontal del torso masculino (sin camisa) mostrando tórax,Manual Biomagnetismo - Tórax/Abdomen/Espalda,Tablas Holoacademia - Tronco,⏳ PENDIENTE - GENERAR,542,542_Esofago_Bulbo_Raquideo.png,
3,TÓRAX,Tronco,Tórax,Anahata,Pleura IZQ - Esternón,Pleura IZQ,Esternón,,,,Par normal (dos puntos distintos),no,no,Torso sin camisa OK · No genitales visibles · Ropa interior en zona pélvica si aparece,vista frontal del torso masculino (sin camisa) mostrando tórax,Manual Biomagnetismo - Tórax/Abdomen/Espalda,Tablas Holoacademia - Tronco,⏳ PENDIENTE - GENERAR,543,543_Pleura_IZQ_Esternon.png,
3,TÓRAX,Tronco,Tórax,Anahata,Esófago - COLON,Esófago,COLON,Bacteria,Mycoplasma,,Par normal (dos puntos distintos),SÍ,no,Torso sin camisa OK · No genitales visibles · Ropa interior en zona pélvica si aparece,vista frontal del torso masculino (sin camisa) mostrando tórax,Manual Biomagnetismo - Tórax/Abdomen/Espalda,Tablas Holoacademia - Tronco,⏳ PENDIENTE - GENERAR,544,544_Esofago_COLON.png,
3,TÓRAX,Tronco,Tórax,Anahata,Esófago - Dorsal,Esófago,Dorsal,Hongo,Cándida,,Par normal (dos puntos distintos),SÍ,no,Torso sin camisa OK · No genitales visibles · Ropa interior en zona pélvica si aparece,vista frontal del torso masculino (sin camisa) mostrando tórax,Manual Biomagnetismo - Tórax/Abdomen/Espalda,Tablas Holoacademia - Tronco,⏳ PENDIENTE - GENERAR,545,545_Esofago_Dorsal.png,
3,TÓRAX,Tronco,Tórax,Pecho Bajo,Carina - Carina,Carina,Carina,Virus,Aftosa,,Mismo punto simple (un marcador),no,no,Torso sin camisa OK · No genitales visibles · Ropa interior en zona pélvica si aparece,vista frontal del torso masculino (sin camisa) mostrando tórax,Manual Biomagnetismo - Tórax/Abdomen/Espalda,Tablas Holoacademia - Tronco,✅ TIENE FICHA APROBADA,53,053_Carina_Carina.png,053_Carina_Carina.png
3,TÓRAX,Tronco,Tórax,Pecho Bajo,Hiato Esofágico - Lengua,Hiato Esofágico,Lengua,,Triquinosis,,Par normal (dos puntos distintos),no,no,Torso sin camisa OK · No genitales visibles · Ropa interior en zona pélvica si aparece,vista frontal del torso masculino (sin camisa) mostrando tórax,Manual Biomagnetismo - Tórax/Abdomen/Espalda,Tablas Holoacademia - Tronco,⏳ PENDIENTE - GENERAR,546,546_Hiato_Esofagico_Lengua.png,
3,TÓRAX,Tronco,Tórax,Pecho Bajo,Hiato Esofágico - Esófago,Hiato Esofágico,Esófago,Bacteria,Enterobacter pneumoniae,,Par normal (dos puntos distintos),no,no,Torso sin camisa OK · No genitales visibles · Ropa interior en zona pélvica si aparece,vista frontal del torso masculino (sin camisa) mostrando tórax,Manual Biomagnetismo - Tórax/Abdomen/Espalda,Tablas Holoacademia - Tronco,⏳ PENDIENTE - GENERAR,547,547_Hiato_Esofagico_Esofago.png,
3,TÓRAX,Tronco,Tórax,Pecho Bajo,Hiato Esofágico - Testículo DER,Hiato Esofágico,Testículo DER,,,,Par normal (dos puntos distintos),SÍ,SÍ,Licra negra ajustada + top negro si aplica · Sin desnudez · Estilo médico sobrio,vista frontal del torso masculino (sin camisa) mostrando tórax,Manual Biomagnetismo - Tórax/Abdomen/Espalda,Tablas Holoacademia - Tronco,⏳ PENDIENTE - GENERAR,548,548_Hiato_Esofagico_Testiculo_DER.png,
3,TÓRAX,Tronco,Tórax,Pecho Bajo,Hiato Esofágico - Ovario DER,Hiato Esofágico,Ovario DER,,,,Par normal (dos puntos distintos),SÍ,SÍ,Licra negra ajustada + top negro si aplica · Sin desnudez · Estilo médico sobrio,vista frontal del torso masculino (sin camisa) mostrando tórax,Manual Biomagnetismo - Tórax/Abdomen/Espalda,Tablas Holoacademia - Tronco,⏳ PENDIENTE - GENERAR,549,549_Hiato_Esofagico_Ovario_DER.png,
3,TÓRAX,Tronco,Tórax,Pecho Bajo,Cardias - Suprarrenal,Cardias,Suprarrenal,Bacteria,Streptococcus beta,,Par normal (dos puntos distintos),SÍ,no,Torso sin camisa OK · No genitales visibles · Ropa interior en zona pélvica si aparece,vista frontal del torso masculino (sin camisa) mostrando tórax,Manual Biomagnetismo - Tórax/Abdomen/Espalda,Tablas Holoacademia - Tronco,⏳ PENDIENTE - GENERAR,550,550_Cardias_Suprarrenal.png,
3,TÓRAX,Tronco,Tórax,Pecho Bajo,Cardias - Corazón,Cardias,Corazón,Bacteria,Strep toco ccus beta Hem olitic o,,Par normal (dos puntos distintos),no,no,Torso sin camisa OK · No genitales visibles · Ropa interior en zona pélvica si aparece,vista frontal del torso masculino (sin camisa) mostrando tórax,Manual Biomagnetismo - Tórax/Abdomen/Espalda,Tablas Holoacademia - Tronco,⏳ PENDIENTE - GENERAR,551,551_Cardias_Corazon.png,
3,TÓRAX,Tronco,Tórax,Pecho Bajo,Cardias - Píloro,Cardias,Píloro,Bacteria,Strep toco ccus S Borta de la Pertu sis,,Par normal (dos puntos distintos),SÍ,no,Torso sin camisa OK · No genitales visibles · Ropa interior en zona pélvica si aparece,vista frontal del torso masculino (sin camisa) mostrando tórax,Manual Biomagnetismo - Tórax/Abdomen/Espalda,Tablas Holoacademia - Tronco,⏳ PENDIENTE - GENERAR,552,552_Cardias_Piloro.png,
3,TÓRAX,Tronco,Tórax,Pecho Bajo,Cardias - Testículo,Cardias,Testículo,,Helic obac ter Pylor i,,Par normal (dos puntos distintos),SÍ,SÍ,Licra negra ajustada + top negro si aplica · Sin desnudez · Estilo médico sobrio,vista frontal del torso masculino (sin camisa) mostrando tórax,Manual Biomagnetismo - Tórax/Abdomen/Espalda,Tablas Holoacademia - Tronco,⏳ PENDIENTE - GENERAR,553,553_Cardias_Testiculo.png,
3,TÓRAX,Tronco,Tórax,Pecho Bajo,Cardias - Testículo Derecho,Cardias,Testículo Derecho,,,,Par normal (dos puntos distintos),SÍ,SÍ,Licra negra ajustada + top negro si aplica · Sin desnudez · Estilo médico sobrio,vista frontal del torso masculino (sin camisa) mostrando tórax,Manual Biomagnetismo - Tórax/Abdomen/Espalda,Tablas Holoacademia - Tronco,⏳ PENDIENTE - GENERAR,554,554_Cardias_Testiculo_Derecho.png,
3,TÓRAX,Tronco,Tórax,Pecho Bajo,Cardias - Apéndice,Cardias,Apéndice,Sin clasificar,Bortonella Henselae,,Par normal (dos puntos distintos),SÍ,no,Torso sin camisa OK · No genitales visibles · Ropa interior en zona pélvica si aparece,vista frontal del torso masculino (sin camisa) mostrando tórax,Manual Biomagnetismo - Tórax/Abdomen/Espalda,Tablas Holoacademia - Tronco,⏳ PENDIENTE - GENERAR,555,555_Cardias_Apendice.png,
3,TÓRAX,Tronco,Tórax,Pecho Bajo,Cardias - Coronarias,Cardias,Coronarias,Especial/Disfunción,Espe cial,,Par normal (dos puntos distintos),SÍ,no,Torso sin camisa OK · No genitales visibles · Ropa interior en zona pélvica si aparece,vista frontal del torso masculino (sin camisa) mostrando tórax,Manual Biomagnetismo - Tórax/Abdomen/Espalda,Tablas Holoacademia - Tronco,⏳ PENDIENTE - GENERAR,556,556_Cardias_Coronarias.png,
3,TÓRAX,Tronco,Tórax,Pecho Bajo,Cardias - Esófago Disfunción,Cardias,Esófago Disfunción,,,,Par normal (dos puntos distintos),no,no,Torso sin camisa OK · No genitales visibles · Ropa interior en zona pélvica si aparece,vista frontal del torso masculino (sin camisa) mostrando tórax,Manual Biomagnetismo - Tórax/Abdomen/Espalda,Tablas Holoacademia - Tronco,⏳ PENDIENTE - GENERAR,557,557_Cardias_Esofago_Disfuncion.png,
3,TÓRAX,Tronco,Tórax,Pecho Bajo,Cardias - Suprarrenales Bacteria,Cardias,Suprarrenales Bacteria,,,,Par normal (dos puntos distintos),SÍ,no,Torso sin camisa OK · No genitales visibles · Ropa interior en zona pélvica si aparece,vista frontal del torso masculino (sin camisa) mostrando tórax,Manual Biomagnetismo - Tórax/Abdomen/Espalda,Tablas Holoacademia - Tronco,⏳ PENDIENTE - GENERAR,558,558_Cardias_Suprarrenales_Bacteria.png,
3,TÓRAX,Tronco,Tórax,Pecho Bajo,Cardias - Testículo Derecho Izquierdo,Cardias,Testículo Derecho Izquierdo,,,,Par normal (dos puntos distintos),SÍ,SÍ,Licra negra ajustada + top negro si aplica · Sin desnudez · Estilo médico sobrio,vista frontal del torso masculino (sin camisa) mostrando tórax,Manual Biomagnetismo - Tórax/Abdomen/Espalda,Tablas Holoacademia - Tronco,⏳ PENDIENTE - GENERAR,559,559_Cardias_Testiculo_Derecho_Izquierdo.png,
3,TÓRAX,Tronco,Tórax,Pecho Bajo,Cardias - Vagina,Cardias,Vagina,Disfunción,,,Par normal (dos puntos distintos),SÍ,SÍ,Licra negra ajustada + top negro si aplica · Sin desnudez · Estilo médico sobrio,vista frontal del torso masculino (sin camisa) mostrando tórax,Manual Biomagnetismo - Tórax/Abdomen/Espalda,Tablas Holoacademia - Tronco,⏳ PENDIENTE - GENERAR,560,560_Cardias_Vagina.png,
3,TÓRAX,Tronco,Tórax,Pecho Bajo,Cardias - Vejiga Derecha,Cardias,Vejiga Derecha,Bacteria,Hlico bacte rPylor i,,Par normal (dos puntos distintos),SÍ,no,Torso sin camisa OK · No genitales visibles · Ropa interior en zona pélvica si aparece,vista frontal del torso masculino (sin camisa) mostrando tórax,Manual Biomagnetismo - Tórax/Abdomen/Espalda,Tablas Holoacademia - Tronco,⏳ PENDIENTE - GENERAR,561,561_Cardias_Vejiga_Derecha.png,
3,TÓRAX,Tronco,Tórax,Pecho Bajo,Cardias - Suprarrenales Streptococcus,Cardias,Suprarrenales Streptococcus,,,,Par normal (dos puntos distintos),SÍ,no,Torso sin camisa OK · No genitales visibles · Ropa interior en zona pélvica si aparece,vista frontal del torso masculino (sin camisa) mostrando tórax,Manual Biomagnetismo - Tórax/Abdomen/Espalda,Tablas Holoacademia - Tronco,⏳ PENDIENTE - GENERAR,562,562_Cardias_Suprarrenales_Streptococcus.png,
3,TÓRAX,Tronco,Tórax,Pecho Bajo,Peritoneo - Pleura Derecha,Peritoneo,Pleura Derecha,Bacteria,RESERVORIO DE MENINGOCOCCUS,,Par normal (dos puntos distintos),no,no,Torso sin camisa OK · No genitales visibles · Ropa interior en zona pélvica si aparece,vista frontal del torso masculino (sin camisa) mostrando tórax,Manual Biomagnetismo - Tórax/Abdomen/Espalda,Tablas Holoacademia - Tronco,⏳ PENDIENTE - GENERAR,563,563_Peritoneo_Pleura_Derecha.png,
3,TÓRAX,Tronco,Tórax,Pecho Bajo,Cardias - Carina,Cardias,Carina,,,,Par normal (dos puntos distintos),no,no,Torso sin camisa OK · No genitales visibles · Ropa interior en zona pélvica si aparece,vista frontal del torso masculino (sin camisa) mostrando tórax,Manual Biomagnetismo - Tórax/Abdomen/Espalda,Tablas Holoacademia - Tronco,⏳ PENDIENTE - GENERAR,564,564_Cardias_Carina.png,
3,TÓRAX,Tronco,Tórax,Pecho Bajo,Cardias - Suprarrenales,Cardias,Suprarrenales,Bacteria,Estreptococo Beta hemolitico,,Par normal (dos puntos distintos),SÍ,no,Torso sin camisa OK · No genitales visibles · Ropa interior en zona pélvica si aparece,vista frontal del torso masculino (sin camisa) mostrando tórax,Manual Biomagnetismo - Tórax/Abdomen/Espalda,Tablas Holoacademia - Tronco,✅ TIENE FICHA APROBADA,27,027_Cardias_suprarrenales.png,027_Cardias_suprarrenales.png
3,TÓRAX,Tronco,Tórax,Pecho Bajo,Hiato - Cardias,Hiato,Cardias,Especial/Disfunción,,,Par normal (dos puntos distintos),no,no,Torso sin camisa OK · No genitales visibles · Ropa interior en zona pélvica si aparece,vista frontal del torso masculino (sin camisa) mostrando tórax,Manual Biomagnetismo - Tórax/Abdomen/Espalda,Tablas Holoacademia - Tronco,⏳ PENDIENTE - GENERAR,565,565_Hiato_Cardias.png,
3,TÓRAX,Tronco,Tórax,Cavidad,Cardias - Esófago,Cardias,Esófago,Disfunción,Enter obac ter Pneu moni ae,,Par normal (dos puntos distintos),no,no,Torso sin camisa OK · No genitales visibles · Ropa interior en zona pélvica si aparece,vista frontal del torso masculino (sin camisa) mostrando tórax,Manual Biomagnetismo - Tórax/Abdomen/Espalda,Tablas Holoacademia - Tronco,⏳ PENDIENTE - GENERAR,566,566_Cardias_Esofago.png,
3,TÓRAX,Tronco,Tórax,Cavidad,Cardias - Testículo DER,Cardias,Testículo DER,Bacteria,Helic obac ter Pylor i,,Par normal (dos puntos distintos),SÍ,SÍ,Licra negra ajustada + top negro si aplica · Sin desnudez · Estilo médico sobrio,vista frontal del torso masculino (sin camisa) mostrando tórax,Manual Biomagnetismo - Tórax/Abdomen/Espalda,Tablas Holoacademia - Tronco,⏳ PENDIENTE - GENERAR,567,567_Cardias_Testiculo_DER.png,
3,TÓRAX,Tronco,Tórax,Cavidad,Cardias - Ovario DER,Cardias,Ovario DER,,,,Par normal (dos puntos distintos),SÍ,SÍ,Licra negra ajustada + top negro si aplica · Sin desnudez · Estilo médico sobrio,vista frontal del torso masculino (sin camisa) mostrando tórax,Manual Biomagnetismo - Tórax/Abdomen/Espalda,Tablas Holoacademia - Tronco,⏳ PENDIENTE - GENERAR,568,568_Cardias_Ovario_DER.png,
3,TÓRAX,Tronco,Tórax,Cavidad,Condral - Condral,Condral,Condral,Hongo,Proteus Mirabilis,,Mismo punto simple (un marcador),no,no,Torso sin camisa OK · No genitales visibles · Ropa interior en zona pélvica si aparece,vista frontal del torso masculino (sin camisa) mostrando tórax,Manual Biomagnetismo - Tórax/Abdomen/Espalda,Tablas Holoacademia - Tronco,⏳ PENDIENTE - GENERAR,569,569_Condral_Condral.png,
3,TÓRAX,Tronco,Tórax,Diafragma,Diafragma - Diafragma,Diafragma,Diafragma,Hongo,Candía albicans,,Mismo punto simple (un marcador),no,no,Torso sin camisa OK · No genitales visibles · Ropa interior en zona pélvica si aparece,vista frontal del torso masculino (sin camisa) mostrando tórax,Manual Biomagnetismo - Tórax/Abdomen/Espalda,Tablas Holoacademia - Tronco,⏳ PENDIENTE - GENERAR,570,570_Diafragma_Diafragma.png,
3,TÓRAX,Tronco,Tórax,Diafragma,Diafragma - Riñón IZQ,Diafragma,Riñón IZQ,,,,Par normal (dos puntos distintos),SÍ,no,Torso sin camisa OK · No genitales visibles · Ropa interior en zona pélvica si aparece,vista frontal del torso masculino (sin camisa) mostrando tórax,Manual Biomagnetismo - Tórax/Abdomen/Espalda,Tablas Holoacademia - Tronco,⏳ PENDIENTE - GENERAR,571,571_Diafragma_Rinon_IZQ.png,
3,TÓRAX,Tronco,Tórax,Diafragma,Costilla 7 - Costilla 7,Costilla 7,Costilla 7,,,,Mismo punto simple (un marcador),no,no,Torso sin camisa OK · No genitales visibles · Ropa interior en zona pélvica si aparece,vista frontal del torso masculino (sin camisa) mostrando tórax,Manual Biomagnetismo - Tórax/Abdomen/Espalda,Tablas Holoacademia - Tronco,⏳ PENDIENTE - GENERAR,572,572_Costilla_7_Costilla_7.png,
3,TÓRAX,Tronco,Tórax,Diafragma,Peritoneo - Peritoneo,Peritoneo,Peritoneo,Reservorio,DE BACTERIAS GENERALES,,Mismo punto simple (un marcador),no,no,Torso sin camisa OK · No genitales visibles · Ropa interior en zona pélvica si aparece,vista frontal del torso masculino (sin camisa) mostrando tórax,Manual Biomagnetismo - Tórax/Abdomen/Espalda,Tablas Holoacademia - Tronco,⏳ PENDIENTE - GENERAR,573,573_Peritoneo_Peritoneo.png,
3,TÓRAX,Tronco,Tórax,Diafragma,Diafragma - Riñón Ipsilateral,Diafragma,Riñón Ipsilateral,Bacteria,Brucella abortus,,Par normal (dos puntos distintos),SÍ,no,Torso sin camisa OK · No genitales visibles · Ropa interior en zona pélvica si aparece,vista frontal del torso masculino (sin camisa) mostrando tórax,Manual Biomagnetismo - Tórax/Abdomen/Espalda,Tablas Holoacademia - Tronco,⏳ PENDIENTE - GENERAR,574,574_Diafragma_Rinon_Ipsilateral.png,
3,TÓRAX,Tronco,Tórax,Diafragma,Diafragma - Riñón Mismo Lado,Diafragma,Riñón Mismo Lado,Bacteria,Bruc elaabort us,,Par normal (dos puntos distintos),SÍ,no,Torso sin camisa OK · No genitales visibles · Ropa interior en zona pélvica si aparece,vista frontal del torso masculino (sin camisa) mostrando tórax,Manual Biomagnetismo - Tórax/Abdomen/Espalda,Tablas Holoacademia - Tronco,⏳ PENDIENTE - GENERAR,575,575_Diafragma_Rinon_Mismo_Lado.png,
3,TÓRAX,Tronco,Tórax,Corazón,Coronarias - Pulmón IZQ,Coronarias,Pulmón IZQ,,,,Par normal (dos puntos distintos),SÍ,no,Torso sin camisa OK · No genitales visibles · Ropa interior en zona pélvica si aparece,vista frontal del torso masculino (sin camisa) mostrando tórax,Manual Biomagnetismo - Tórax/Abdomen/Espalda,Tablas Holoacademia - Tronco,⏳ PENDIENTE - GENERAR,576,576_Coronarias_Pulmon_IZQ.png,
3,TÓRAX,Tronco,Tórax,Corazón,Seno Auriculoventricular - Riñón IZQ,Seno Auriculoventricular,Riñón IZQ,,,,Par normal (dos puntos distintos),no,no,Torso sin camisa OK · No genitales visibles · Ropa interior en zona pélvica si aparece,vista frontal del torso masculino (sin camisa) mostrando tórax,Manual Biomagnetismo - Tórax/Abdomen/Espalda,Tablas Holoacademia - Tronco,⏳ PENDIENTE - GENERAR,577,577_Seno_Auriculoventricular_Rinon_IZQ.png,
3,TÓRAX,Tronco,Tórax,Corazón,Corazón - Corazón,Corazón,Corazón,Emocional/Psicoemocional,,,Mismo punto simple (un marcador),no,no,Torso sin camisa OK · No genitales visibles · Ropa interior en zona pélvica si aparece,vista frontal del torso masculino (sin camisa) mostrando tórax,Manual Biomagnetismo - Tórax/Abdomen/Espalda,Tablas Holoacademia - Tronco,⏳ PENDIENTE - GENERAR,578,578_Corazon_Corazon.png,
3,TÓRAX,Tronco,Tórax,Corazón,Corazón - Páncreas,Corazón,Páncreas,Emocional/Psicoemocional,,,Par normal (dos puntos distintos),SÍ,no,Torso sin camisa OK · No genitales visibles · Ropa interior en zona pélvica si aparece,vista frontal del torso masculino (sin camisa) mostrando tórax,Manual Biomagnetismo - Tórax/Abdomen/Espalda,Tablas Holoacademia - Tronco,⏳ PENDIENTE - GENERAR,579,579_Corazon_Pancreas.png,
3,TÓRAX,Tronco,Tórax,Corazón,Corazón - Vejiga,Corazón,Vejiga,Emocional/Psicoemocional,Resentimiento,,Par normal (dos puntos distintos),SÍ,no,Torso sin camisa OK · No genitales visibles · Ropa interior en zona pélvica si aparece,vista frontal del torso masculino (sin camisa) mostrando tórax,Manual Biomagnetismo - Tórax/Abdomen/Espalda,Tablas Holoacademia - Tronco,⏳ PENDIENTE - GENERAR,580,580_Corazon_Vejiga.png,
3,TÓRAX,Tronco,Tórax,Corazón,Pericardio - Pericardio,Pericardio,Pericardio,Bacteria,Estafilococo aureus,,Mismo punto simple (un marcador),no,no,Torso sin camisa OK · No genitales visibles · Ropa interior en zona pélvica si aparece,vista frontal del torso masculino (sin camisa) mostrando tórax,Manual Biomagnetismo - Tórax/Abdomen/Espalda,Tablas Holoacademia - Tronco,✅ TIENE FICHA APROBADA,16,016_Pericardio_pericardio.png,016_Pericardio_pericardio.png
3,TÓRAX,Tronco,Tórax,Corazón,Corazón - Costilla Falsa Izquierda,Corazón,Costilla Falsa Izquierda,Disfunción,,,Par normal (dos puntos distintos),no,no,Torso sin camisa OK · No genitales visibles · Ropa interior en zona pélvica si aparece,vista frontal del torso masculino (sin camisa) mostrando tórax,Manual Biomagnetismo - Tórax/Abdomen/Espalda,Tablas Holoacademia - Tronco,⏳ PENDIENTE - GENERAR,581,581_Corazon_Costilla_Falsa_Izquierda.png,
3,TÓRAX,Tronco,Tórax,Corazón,Corazón - Estómago,Corazón,Estómago,Bacteria,Moraxella Catarrhalis,,Par normal (dos puntos distintos),SÍ,no,Torso sin camisa OK · No genitales visibles · Ropa interior en zona pélvica si aparece,vista frontal del torso masculino (sin camisa) mostrando tórax,Manual Biomagnetismo - Tórax/Abdomen/Espalda,Tablas Holoacademia - Tronco,⏳ PENDIENTE - GENERAR,582,582_Corazon_Estomago.png,
3,TÓRAX,Tronco,Tórax,Corazón,Corazón - Hígado,Corazón,Hígado,Disfunción,,,Par normal (dos puntos distintos),SÍ,no,Torso sin camisa OK · No genitales visibles · Ropa interior en zona pélvica si aparece,vista frontal del torso masculino (sin camisa) mostrando tórax,Manual Biomagnetismo - Tórax/Abdomen/Espalda,Tablas Holoacademia - Tronco,⏳ PENDIENTE - GENERAR,583,583_Corazon_Higado.png,
3,TÓRAX,Tronco,Tórax,Corazón,Corazón - Riñón,Corazón,Riñón,Sin clasificar,,,Par normal (dos puntos distintos),SÍ,no,Torso sin camisa OK · No genitales visibles · Ropa interior en zona pélvica si aparece,vista frontal del torso masculino (sin camisa) mostrando tórax,Manual Biomagnetismo - Tórax/Abdomen/Espalda,Tablas Holoacademia - Tronco,⏳ PENDIENTE - GENERAR,584,584_Corazon_Rinon.png,
3,TÓRAX,Tronco,Tórax,Corazón,Corazón - Suprapópleo,Corazón,Suprapópleo,,,,Par normal (dos puntos distintos),no,no,Torso sin camisa OK · No genitales visibles · Ropa interior en zona pélvica si aparece,vista frontal del torso masculino (sin camisa) mostrando tórax,Manual Biomagnetismo - Tórax/Abdomen/Espalda,Tablas Holoacademia - Tronco,⏳ PENDIENTE - GENERAR,585,585_Corazon_Suprapopleo.png,
3,TÓRAX,Tronco,Tórax,Corazón,Corazón - Afín Izquierdo,Corazón,Afín Izquierdo,Emocional/Psicoemocional,,,Par normal (dos puntos distintos),no,no,Torso sin camisa OK · No genitales visibles · Ropa interior en zona pélvica si aparece,vista frontal del torso masculino (sin camisa) mostrando tórax,Manual Biomagnetismo - Tórax/Abdomen/Espalda,Tablas Holoacademia - Tronco,⏳ PENDIENTE - GENERAR,586,586_Corazon_Afin_Izquierdo.png,
3,TÓRAX,Tronco,Tórax,Corazón,Corazón - Esternón,Corazón,Esternón,Virus,,,Par normal (dos puntos distintos),no,no,Torso sin camisa OK · No genitales visibles · Ropa interior en zona pélvica si aparece,vista frontal del torso masculino (sin camisa) mostrando tórax,Manual Biomagnetismo - Tórax/Abdomen/Espalda,Tablas Holoacademia - Tronco,⏳ PENDIENTE - GENERAR,587,587_Corazon_Esternon.png,
3,TÓRAX,Tronco,Tórax,Corazón,Corazón - Corazón Negatividad,Corazón,Corazón Negatividad,Emocional/Psicoemocional,,,Par normal (dos puntos distintos),no,no,Torso sin camisa OK · No genitales visibles · Ropa interior en zona pélvica si aparece,vista frontal del torso masculino (sin camisa) mostrando tórax,Manual Biomagnetismo - Tórax/Abdomen/Espalda,Tablas Holoacademia - Tronco,⏳ PENDIENTE - GENERAR,588,588_Corazon_Corazon_Negatividad.png,
3,TÓRAX,Tronco,Tórax,Corazón,Corazón - Escápula Izquierda,Corazón,Escápula Izquierda,,,,Par normal (dos puntos distintos),SÍ,no,Torso sin camisa OK · No genitales visibles · Ropa interior en zona pélvica si aparece,vista frontal del torso masculino (sin camisa) mostrando tórax,Manual Biomagnetismo - Tórax/Abdomen/Espalda,Tablas Holoacademia - Tronco,⏳ PENDIENTE - GENERAR,589,589_Corazon_Escapula_Izquierda.png,
3,TÓRAX,Tronco,Tórax,Corazón,Corazón - Ira Explosiva,Corazón,Ira Explosiva,,,,Par normal (dos puntos distintos),no,no,Torso sin camisa OK · No genitales visibles · Ropa interior en zona pélvica si aparece,vista frontal del torso masculino (sin camisa) mostrando tórax,Manual Biomagnetismo - Tórax/Abdomen/Espalda,Tablas Holoacademia - Tronco,⏳ PENDIENTE - GENERAR,590,590_Corazon_Ira_Explosiva.png,
3,TÓRAX,Tronco,Tórax,Corazón,Botón Aórtico - Pericardio,Botón Aórtico,Pericardio,Especial/Disfunción,,,Par normal (dos puntos distintos),no,no,Torso sin camisa OK · No genitales visibles · Ropa interior en zona pélvica si aparece,vista frontal del torso masculino (sin camisa) mostrando tórax,Manual Biomagnetismo - Tórax/Abdomen/Espalda,Tablas Holoacademia - Tronco,⏳ PENDIENTE - GENERAR,591,591_Boton_Aortico_Pericardio.png,
3,TÓRAX,Tronco,Tórax,Corazón,Bulbo Raquídeo - Corazón,Bulbo Raquídeo,Corazón,Especial/Disfunción,Espe cial,,Par normal (dos puntos distintos),SÍ,no,Torso sin camisa OK · No genitales visibles · Ropa interior en zona pélvica si aparece,vista frontal del torso masculino (sin camisa) mostrando tórax,Manual Biomagnetismo - Tórax/Abdomen/Espalda,Tablas Holoacademia - Tronco,⏳ PENDIENTE - GENERAR,592,592_Bulbo_Raquideo_Corazon.png,
3,TÓRAX,Tronco,Tórax,Corazón,Bulbo Raquídeo - Corazón Crueldad,Bulbo Raquídeo,Corazón Crueldad,,,,Par normal (dos puntos distintos),SÍ,no,Torso sin camisa OK · No genitales visibles · Ropa interior en zona pélvica si aparece,vista frontal del torso masculino (sin camisa) mostrando tórax,Manual Biomagnetismo - Tórax/Abdomen/Espalda,Tablas Holoacademia - Tronco,⏳ PENDIENTE - GENERAR,593,593_Bulbo_Raquideo_Corazon_Crueldad.png,
3,TÓRAX,Tronco,Tórax,Corazón,Carótida - Aorta,Carótida,Aorta,,,,Par normal (dos puntos distintos),no,no,Torso sin camisa OK · No genitales visibles · Ropa interior en zona pélvica si aparece,vista frontal del torso masculino (sin camisa) mostrando tórax,Manual Biomagnetismo - Tórax/Abdomen/Espalda,Tablas Holoacademia - Tronco,✅ TIENE FICHA APROBADA,79,079_Carotida_Aorta.png,079_Carotida_Aorta.png
3,TÓRAX,Tronco,Tórax,Corazón,Cava - Cava Ansiedad,Cava,Cava Ansiedad,,,,Par normal (dos puntos distintos),no,no,Torso sin camisa OK · No genitales visibles · Ropa interior en zona pélvica si aparece,vista frontal del torso masculino (sin camisa) mostrando tórax,Manual Biomagnetismo - Tórax/Abdomen/Espalda,Tablas Holoacademia - Tronco,⏳ PENDIENTE - GENERAR,594,594_Cava_Cava_Ansiedad.png,
3,TÓRAX,Tronco,Tórax,Corazón,Cava Derecha - Plexo Cervical Izquierdo,Cava Derecha,Plexo Cervical Izquierdo,Especial/Disfunción,,,Par normal (dos puntos distintos),no,no,Torso sin camisa OK · No genitales visibles · Ropa interior en zona pélvica si aparece,vista frontal del torso masculino (sin camisa) mostrando tórax,Manual Biomagnetismo - Tórax/Abdomen/Espalda,Tablas Holoacademia - Tronco,⏳ PENDIENTE - GENERAR,595,595_Cava_Derecha_Plexo_Cervical_Izquierdo.png,
3,TÓRAX,Tronco,Tórax,Corazón,Cava Izquierda - Plexo Cervical Derecho,Cava Izquierda,Plexo Cervical Derecho,Especial/Disfunción,,,Par normal (dos puntos distintos),no,no,Torso sin camisa OK · No genitales visibles · Ropa interior en zona pélvica si aparece,vista frontal del torso masculino (sin camisa) mostrando tórax,Manual Biomagnetismo - Tórax/Abdomen/Espalda,Tablas Holoacademia - Tronco,⏳ PENDIENTE - GENERAR,596,596_Cava_Izquierda_Plexo_Cervical_Derecho.png,
3,TÓRAX,Tronco,Tórax,Corazón,Coronaria - Pulmón,Coronaria,Pulmón,Bacteria,Streptococcus,,Par normal (dos puntos distintos),SÍ,no,Torso sin camisa OK · No genitales visibles · Ropa interior en zona pélvica si aparece,vista frontal del torso masculino (sin camisa) mostrando tórax,Manual Biomagnetismo - Tórax/Abdomen/Espalda,Tablas Holoacademia - Tronco,⏳ PENDIENTE - GENERAR,597,597_Coronaria_Pulmon.png,
3,TÓRAX,Tronco,Tórax,Corazón,Coronaria - Tendón Pectoral,Coronaria,Tendón Pectoral,Sin clasificar,,,Par normal (dos puntos distintos),SÍ,no,Torso sin camisa OK · No genitales visibles · Ropa interior en zona pélvica si aparece,vista frontal del torso masculino (sin camisa) mostrando tórax,Manual Biomagnetismo - Tórax/Abdomen/Espalda,Tablas Holoacademia - Tronco,⏳ PENDIENTE - GENERAR,598,598_Coronaria_Tendon_Pectoral.png,
3,TÓRAX,Tronco,Tórax,Corazón,Coronarias - Pulmón,Coronarias,Pulmón,Bacteria,Estreptococo alfa,,Par normal (dos puntos distintos),SÍ,no,Torso sin camisa OK · No genitales visibles · Ropa interior en zona pélvica si aparece,vista frontal del torso masculino (sin camisa) mostrando tórax,Manual Biomagnetismo - Tórax/Abdomen/Espalda,Tablas Holoacademia - Tronco,⏳ PENDIENTE - GENERAR,599,599_Coronarias_Pulmon.png,
3,TÓRAX,Tronco,Tórax,Corazón,Coronarias - Pulmón Streptococcus,Coronarias,Pulmón Streptococcus,,,,Par normal (dos puntos distintos),SÍ,no,Torso sin camisa OK · No genitales visibles · Ropa interior en zona pélvica si aparece,vista frontal del torso masculino (sin camisa) mostrando tórax,Manual Biomagnetismo - Tórax/Abdomen/Espalda,Tablas Holoacademia - Tronco,⏳ PENDIENTE - GENERAR,600,600_Coronarias_Pulmon_Streptococcus.png,
3,TÓRAX,Tronco,Tórax,Corazón,Coronarias Pulmón - Streptococcus Alfa,Coronarias Pulmón,Streptococcus Alfa,Bacteria,,,Par normal (dos puntos distintos),no,no,Torso sin camisa OK · No genitales visibles · Ropa interior en zona pélvica si aparece,vista frontal del torso masculino (sin camisa) mostrando tórax,Manual Biomagnetismo - Tórax/Abdomen/Espalda,Tablas Holoacademia - Tronco,⏳ PENDIENTE - GENERAR,601,601_Coronarias_Pulmon_Streptococcus_Alfa.png,
3,TÓRAX,Tronco,Tórax,Corazón,Cuerpo de Páncreas - Corazón,Cuerpo de Páncreas,Corazón,Sin clasificar,,,Par normal (dos puntos distintos),SÍ,no,Torso sin camisa OK · No genitales visibles · Ropa interior en zona pélvica si aparece,vista frontal del torso masculino (sin camisa) mostrando tórax,Manual Biomagnetismo - Tórax/Abdomen/Espalda,Tablas Holoacademia - Tronco,⏳ PENDIENTE - GENERAR,602,602_Cuerpo_de_Pancreas_Corazon.png,
3,TÓRAX,Tronco,Tórax,Corazón,Aorta - Aorta,Aorta,Aorta,Especial/Disfunción,Espe cial,,Mismo punto simple (un marcador),no,no,Torso sin camisa OK · No genitales visibles · Ropa interior en zona pélvica si aparece,vista frontal del torso masculino (sin camisa) mostrando tórax,Manual Biomagnetismo - Tórax/Abdomen/Espalda,Tablas Holoacademia - Tronco,⏳ PENDIENTE - GENERAR,603,603_Aorta_Aorta.png,
3,TÓRAX,Tronco,Tórax,Corazón,Corazón - Corazón Amargura,Corazón,Corazón Amargura,,,,Par normal (dos puntos distintos),no,no,Torso sin camisa OK · No genitales visibles · Ropa interior en zona pélvica si aparece,vista frontal del torso masculino (sin camisa) mostrando tórax,Manual Biomagnetismo - Tórax/Abdomen/Espalda,Tablas Holoacademia - Tronco,⏳ PENDIENTE - GENERAR,604,604_Corazon_Corazon_Amargura.png,
3,TÓRAX,Tronco,Tórax,Corazón,Corazón - Paratiroides Derecho,Corazón,Paratiroides Derecho,Emocional/Psicoemocional,,,Par normal (dos puntos distintos),SÍ,no,Torso sin camisa OK · No genitales visibles · Ropa interior en zona pélvica si aparece,vista frontal del torso masculino (sin camisa) mostrando tórax,Manual Biomagnetismo - Tórax/Abdomen/Espalda,Tablas Holoacademia - Tronco,⏳ PENDIENTE - GENERAR,605,605_Corazon_Paratiroides_Derecho.png,
3,TÓRAX,Tronco,Tórax,Corazón,Pericardio - Mastoides,Pericardio,Mastoides,Sin clasificar,,,Par normal (dos puntos distintos),no,no,Torso sin camisa OK · No genitales visibles · Ropa interior en zona pélvica si aparece,vista frontal del torso masculino (sin camisa) mostrando tórax,Manual Biomagnetismo - Tórax/Abdomen/Espalda,Tablas Holoacademia - Tronco,⏳ PENDIENTE - GENERAR,606,606_Pericardio_Mastoides.png,
3,TÓRAX,Tronco,Tórax,Corazón,Pericardio - Temporal Derecho,Pericardio,Temporal Derecho,Disfunción,,,Par normal (dos puntos distintos),no,no,Torso sin camisa OK · No genitales visibles · Ropa interior en zona pélvica si aparece,vista frontal del torso masculino (sin camisa) mostrando tórax,Manual Biomagnetismo - Tórax/Abdomen/Espalda,Tablas Holoacademia - Tronco,⏳ PENDIENTE - GENERAR,607,607_Pericardio_Temporal_Derecho.png,
3,TÓRAX,Tronco,Tórax,Corazón,Pulmón Derecho - Corazón,Pulmón Derecho,Corazón,,,,Par normal (dos puntos distintos),no,no,Torso sin camisa OK · No genitales visibles · Ropa interior en zona pélvica si aparece,vista frontal del torso masculino (sin camisa) mostrando tórax,Manual Biomagnetismo - Tórax/Abdomen/Espalda,Tablas Holoacademia - Tronco,⏳ PENDIENTE - GENERAR,608,608_Pulmon_Derecho_Corazon.png,
3,TÓRAX,Tronco,Tórax,Corazón,Pulmón Izquierdo - Corazón,Pulmón Izquierdo,Corazón,Emocional/Psicoemocional,,,Par normal (dos puntos distintos),no,no,Torso sin camisa OK · No genitales visibles · Ropa interior en zona pélvica si aparece,vista frontal del torso masculino (sin camisa) mostrando tórax,Manual Biomagnetismo - Tórax/Abdomen/Espalda,Tablas Holoacademia - Tronco,⏳ PENDIENTE - GENERAR,609,609_Pulmon_Izquierdo_Corazon.png,
3,TÓRAX,Tronco,Tórax,Corazón,Aurículo Ventricular - Riñón Izquierdo,Aurículo Ventricular,Riñón Izquierdo,Virus,,,Par normal (dos puntos distintos),no,no,Torso sin camisa OK · No genitales visibles · Ropa interior en zona pélvica si aparece,vista frontal del torso masculino (sin camisa) mostrando tórax,Manual Biomagnetismo - Tórax/Abdomen/Espalda,Tablas Holoacademia - Tronco,⏳ PENDIENTE - GENERAR,610,610_Auriculo_Ventricular_Rinon_Izquierdo.png,
3,TÓRAX,Tronco,Tórax,Corazón,Seno Aurículo Ventricular - Riñón Izquierdo,Seno Aurículo Ventricular,Riñón Izquierdo,Virus,Togaviridae del genero Rubivirus (Rubeola),,Par normal (dos puntos distintos),no,no,Torso sin camisa OK · No genitales visibles · Ropa interior en zona pélvica si aparece,vista frontal del torso masculino (sin camisa) mostrando tórax,Manual Biomagnetismo - Tórax/Abdomen/Espalda,Tablas Holoacademia - Tronco,⏳ PENDIENTE - GENERAR,611,611_Seno_Auriculo_Ventricular_Rinon_Izquierdo.png,
3,TÓRAX,Tronco,Tórax,Corazón,Seno Auriculo - Riñón IZQ,Seno Auriculo,Riñón IZQ,,,,Par normal (dos puntos distintos),no,no,Torso sin camisa OK · No genitales visibles · Ropa interior en zona pélvica si aparece,vista frontal del torso masculino (sin camisa) mostrando tórax,Manual Biomagnetismo - Tórax/Abdomen/Espalda,Tablas Holoacademia - Tronco,⏳ PENDIENTE - GENERAR,612,612_Seno_Auriculo_Rinon_IZQ.png,
3,TÓRAX,Tronco,Tórax,Corazón,Coronaria - Pulmón IZQ,Coronaria,Pulmón IZQ,Bacteria,streptococo ayuda,,Par normal (dos puntos distintos),SÍ,no,Torso sin camisa OK · No genitales visibles · Ropa interior en zona pélvica si aparece,vista frontal del torso masculino (sin camisa) mostrando tórax,Manual Biomagnetismo - Tórax/Abdomen/Espalda,Tablas Holoacademia - Tronco,⏳ PENDIENTE - GENERAR,613,613_Coronaria_Pulmon_IZQ.png,
3,TÓRAX,Tronco,Tórax,Corazón,Cuerpo de Páncreas - Glúteo Derecho,Cuerpo de Páncreas,Glúteo Derecho,Sin clasificar,,,Par normal (dos puntos distintos),no,SÍ,Licra negra ajustada + top negro si aplica · Sin desnudez · Estilo médico sobrio,vista frontal del torso masculino (sin camisa) mostrando tórax,Manual Biomagnetismo - Tórax/Abdomen/Espalda,Tablas Holoacademia - Tronco,⏳ PENDIENTE - GENERAR,614,614_Cuerpo_de_Pancreas_Gluteo_Derecho.png,
3,TÓRAX,Tronco,Tórax,Corazón,Mastoides derecha - Corazón,Mastoides derecha,Corazón,Emocional/Psicoemocional,,,Par normal (dos puntos distintos),SÍ,no,Torso sin camisa OK · No genitales visibles · Ropa interior en zona pélvica si aparece,vista frontal del torso masculino (sin camisa) mostrando tórax,Manual Biomagnetismo - Tórax/Abdomen/Espalda,Tablas Holoacademia - Tronco,⏳ PENDIENTE - GENERAR,615,615_Mastoides_derecha_Corazon.png,
3,TÓRAX,Tronco,Tórax,Corazón,Pericardio - Mastoides IZQ,Pericardio,Mastoides IZQ,,,,Par normal (dos puntos distintos),no,no,Torso sin camisa OK · No genitales visibles · Ropa interior en zona pélvica si aparece,vista frontal del torso masculino (sin camisa) mostrando tórax,Manual Biomagnetismo - Tórax/Abdomen/Espalda,Tablas Holoacademia - Tronco,⏳ PENDIENTE - GENERAR,616,616_Pericardio_Mastoides_IZQ.png,
3,TÓRAX,Tronco,Tórax,Corazón,Pulmón - Corazón,Pulmón,Corazón,Emocional/Psicoemocional,Kado,,Par normal (dos puntos distintos),no,no,Torso sin camisa OK · No genitales visibles · Ropa interior en zona pélvica si aparece,vista frontal del torso masculino (sin camisa) mostrando tórax,Manual Biomagnetismo - Tórax/Abdomen/Espalda,Tablas Holoacademia - Tronco,⏳ PENDIENTE - GENERAR,617,617_Pulmon_Corazon.png,
3,TÓRAX,Tronco,Tórax,Corazón,Seno Aurículo Ventricular - Corazón,Seno Aurículo Ventricular,Corazón,Especial/Disfunción,,,Par normal (dos puntos distintos),no,no,Torso sin camisa OK · No genitales visibles · Ropa interior en zona pélvica si aparece,vista frontal del torso masculino (sin camisa) mostrando tórax,Manual Biomagnetismo - Tórax/Abdomen/Espalda,Tablas Holoacademia - Tronco,⏳ PENDIENTE - GENERAR,618,618_Seno_Auriculo_Ventricular_Corazon.png,
3,TÓRAX,Tronco,Tórax,Pecho Lateral,Pectoral Interior - Pectoral Interior,Pectoral Interior,Pectoral Interior,,,,Mismo punto simple (un marcador),no,no,Torso sin camisa OK · No genitales visibles · Ropa interior en zona pélvica si aparece,vista frontal del torso masculino (sin camisa) mostrando tórax,Manual Biomagnetismo - Tórax/Abdomen/Espalda,Tablas Holoacademia - Tronco,⏳ PENDIENTE - GENERAR,619,619_Pectoral_Interior_Pectoral_Interior.png,
3,TÓRAX,Tronco,Tórax,Pecho Lateral,Pectoral - Pectoral,Pectoral,Pectoral,,,,Mismo punto simple (un marcador),no,no,Torso sin camisa OK · No genitales visibles · Ropa interior en zona pélvica si aparece,vista frontal del torso masculino (sin camisa) mostrando tórax,Manual Biomagnetismo - Tórax/Abdomen/Espalda,Tablas Holoacademia - Tronco,⏳ PENDIENTE - GENERAR,620,620_Pectoral_Pectoral.png,
3,TÓRAX,Tronco,Tórax,Pecho Lateral,Pezón DER - Gemelos IZQ,Pezón DER,Gemelos IZQ,,,,Par normal (dos puntos distintos),no,no,Torso sin camisa OK · No genitales visibles · Ropa interior en zona pélvica si aparece,vista frontal del torso masculino (sin camisa) mostrando tórax,Manual Biomagnetismo - Tórax/Abdomen/Espalda,Tablas Holoacademia - Tronco,⏳ PENDIENTE - GENERAR,621,621_Pezon_DER_Gemelos_IZQ.png,
3,TÓRAX,Tronco,Tórax,Pecho Lateral,Axila - Axila,Axila,Axila,Complejo,Rabia,,Mismo punto simple (un marcador),no,no,Torso sin camisa OK · No genitales visibles · Ropa interior en zona pélvica si aparece,vista frontal del torso masculino (sin camisa) mostrando tórax,Manual Biomagnetismo - Tórax/Abdomen/Espalda,Tablas Holoacademia - Tronco,⏳ PENDIENTE - GENERAR,622,622_Axila_Axila.png,
3,TÓRAX,Tronco,Tórax,Pecho Lateral,Arteria Axilar - Arteria Axilar,Arteria Axilar,Arteria Axilar,Bacteria,Streptococcus G RESERVORIO,,Mismo punto simple (un marcador),no,no,Torso sin camisa OK · No genitales visibles · Ropa interior en zona pélvica si aparece,vista frontal del torso masculino (sin camisa) mostrando tórax,Manual Biomagnetismo - Tórax/Abdomen/Espalda,Tablas Holoacademia - Tronco,⏳ PENDIENTE - GENERAR,623,623_Arteria_Axilar_Arteria_Axilar.png,
3,TÓRAX,Tronco,Tórax,Pecho Lateral,Arteria Axilar Derecha - Arteria Axilar Izquierda,Arteria Axilar Derecha,Arteria Axilar Izquierda,,,,Bilateral real (derecho/izquierdo),no,no,Torso sin camisa OK · No genitales visibles · Ropa interior en zona pélvica si aparece,vista frontal del torso masculino (sin camisa) mostrando tórax,Manual Biomagnetismo - Tórax/Abdomen/Espalda,Tablas Holoacademia - Tronco,⏳ PENDIENTE - GENERAR,624,624_Arteria_Axilar_Derecha_Arteria_Axilar_Izquierda.png,
3,TÓRAX,Tronco,Tórax,Pecho Lateral,Escápula Derecha - Pulmón,Escápula Derecha,Pulmón,Sin clasificar,,,Par normal (dos puntos distintos),SÍ,no,Torso sin camisa OK · No genitales visibles · Ropa interior en zona pélvica si aparece,vista frontal del torso masculino (sin camisa) mostrando tórax,Manual Biomagnetismo - Tórax/Abdomen/Espalda,Tablas Holoacademia - Tronco,⏳ PENDIENTE - GENERAR,625,625_Escapula_Derecha_Pulmon.png,
3,TÓRAX,Tronco,Tórax,Pecho Lateral,Escápula - Pulmón,Escápula,Pulmón,Sin clasificar,,,Par normal (dos puntos distintos),SÍ,no,Torso sin camisa OK · No genitales visibles · Ropa interior en zona pélvica si aparece,vista frontal del torso masculino (sin camisa) mostrando tórax,Manual Biomagnetismo - Tórax/Abdomen/Espalda,Tablas Holoacademia - Tronco,⏳ PENDIENTE - GENERAR,626,626_Escapula_Pulmon.png,
3,TÓRAX,Tronco,Tórax,Pecho Lateral,Pecho - Pecho,Pecho,Pecho,Bacteria,Pneu mococo,,Mismo punto simple (un marcador),no,no,Torso sin camisa OK · No genitales visibles · Ropa interior en zona pélvica si aparece,vista frontal del torso masculino (sin camisa) mostrando tórax,Manual Biomagnetismo - Tórax/Abdomen/Espalda,Tablas Holoacademia - Tronco,⏳ PENDIENTE - GENERAR,627,627_Pecho_Pecho.png,
3,TÓRAX,Tronco,Tórax,Pecho Lateral,Pectoral Mayor - Pectoral Mayor,Pectoral Mayor,Pectoral Mayor,Bacteria,Myco plas ma pneu moni ae 2 y/o Strep toco cus A Pyog enes,,Mismo punto simple (un marcador),no,no,Torso sin camisa OK · No genitales visibles · Ropa interior en zona pélvica si aparece,vista frontal del torso masculino (sin camisa) mostrando tórax,Manual Biomagnetismo - Tórax/Abdomen/Espalda,Tablas Holoacademia - Tronco,⏳ PENDIENTE - GENERAR,628,628_Pectoral_Mayor_Pectoral_Mayor.png,
3,TÓRAX,Tronco,Tórax,Pecho Lateral,Pectoral Mayor - Pulmón Contralateral,Pectoral Mayor,Pulmón Contralateral,,,,Par normal (dos puntos distintos),no,no,Torso sin camisa OK · No genitales visibles · Ropa interior en zona pélvica si aparece,vista frontal del torso masculino (sin camisa) mostrando tórax,Manual Biomagnetismo - Tórax/Abdomen/Espalda,Tablas Holoacademia - Tronco,⏳ PENDIENTE - GENERAR,629,629_Pectoral_Mayor_Pulmon_Contralateral.png,
3,TÓRAX,Tronco,Tórax,Pecho Lateral,Plexo Axilar - Supraespinoso,Plexo Axilar,Supraespinoso,,,,Par normal (dos puntos distintos),SÍ,no,Torso sin camisa OK · No genitales visibles · Ropa interior en zona pélvica si aparece,vista frontal del torso masculino (sin camisa) mostrando tórax,Manual Biomagnetismo - Tórax/Abdomen/Espalda,Tablas Holoacademia - Tronco,⏳ PENDIENTE - GENERAR,630,630_Plexo_Axilar_Supraespinoso.png,
3,TÓRAX,Tronco,Tórax,Pecho Lateral,Infraaxilar - Infraaxilar,Infraaxilar,Infraaxilar,Emocional/Psicoemocional,,,Mismo punto simple (un marcador),no,no,Torso sin camisa OK · No genitales visibles · Ropa interior en zona pélvica si aparece,vista frontal del torso masculino (sin camisa) mostrando tórax,Manual Biomagnetismo - Tórax/Abdomen/Espalda,Tablas Holoacademia - Tronco,⏳ PENDIENTE - GENERAR,631,631_Infraaxilar_Infraaxilar.png,
3,TÓRAX,Tronco,Tórax,Pecho Lateral,Pectoral Izquierdo - Tendón Cuádriceps Izquierdo,Pectoral Izquierdo,Tendón Cuádriceps Izquierdo,Especial/Disfunción,,,Par normal (dos puntos distintos),SÍ,no,Torso sin camisa OK · No genitales visibles · Ropa interior en zona pélvica si aparece,vista frontal del torso masculino (sin camisa) mostrando tórax,Manual Biomagnetismo - Tórax/Abdomen/Espalda,Tablas Holoacademia - Tronco,⏳ PENDIENTE - GENERAR,632,632_Pectoral_Izquierdo_Tendon_Cuadriceps_Izquierdo.png,
3,TÓRAX,Tronco,Tórax,Pecho Lateral,Pectoral DER - Gemelos IZQ,Pectoral DER,Gemelos IZQ,,,,Par normal (dos puntos distintos),SÍ,no,Torso sin camisa OK · No genitales visibles · Ropa interior en zona pélvica si aparece,vista frontal del torso masculino (sin camisa) mostrando tórax,Manual Biomagnetismo - Tórax/Abdomen/Espalda,Tablas Holoacademia - Tronco,⏳ PENDIENTE - GENERAR,633,633_Pectoral_DER_Gemelos_IZQ.png,
3,TÓRAX,Tronco,Tórax,Pecho Lateral,Plexo Axilar - Plexo Axilar,Plexo Axilar,Plexo Axilar,Virus,Virus Verruga,,Mismo punto simple (un marcador),no,no,Torso sin camisa OK · No genitales visibles · Ropa interior en zona pélvica si aparece,vista frontal del torso masculino (sin camisa) mostrando tórax,Manual Biomagnetismo - Tórax/Abdomen/Espalda,Tablas Holoacademia - Tronco,⏳ PENDIENTE - GENERAR,634,634_Plexo_Axilar_Plexo_Axilar.png,
3,TÓRAX,Tronco,Tórax,Pleura,Pleura - Pleura,Pleura,Pleura,Bacteria,Pleuritis,,Mismo punto simple (un marcador),no,no,Torso sin camisa OK · No genitales visibles · Ropa interior en zona pélvica si aparece,vista frontal del torso masculino (sin camisa) mostrando tórax,Manual Biomagnetismo - Tórax/Abdomen/Espalda,Tablas Holoacademia - Tronco,✅ TIENE FICHA APROBADA,2,002_Pleura_Pleura_corregida.png,002_Pleura_Pleura_corregida.png
3,TÓRAX,Tronco,Tórax,Pleura,Pleura DER - Pleura DER,Pleura DER,Pleura DER,,,,Bilateral real (derecho/izquierdo),no,no,Torso sin camisa OK · No genitales visibles · Ropa interior en zona pélvica si aparece,vista frontal del torso masculino (sin camisa) mostrando tórax,Manual Biomagnetismo - Tórax/Abdomen/Espalda,Tablas Holoacademia - Tronco,⏳ PENDIENTE - GENERAR,635,635_Pleura_DER_Pleura_DER.png,
3,TÓRAX,Tronco,Tórax,Pleura,Pleura - Peritoneo,Pleura,Peritoneo,Bacterias,Reservorio (Moisés),,Par normal (dos puntos distintos),no,no,Torso sin camisa OK · No genitales visibles · Ropa interior en zona pélvica si aparece,vista frontal del torso masculino (sin camisa) mostrando tórax,Manual Biomagnetismo - Tórax/Abdomen/Espalda,Tablas Holoacademia - Tronco,⏳ PENDIENTE - GENERAR,636,636_Pleura_Peritoneo.png,
3,TÓRAX,Tronco,Tórax,Pleura,Pleura - Apéndice,Pleura,Apéndice,Bacteria,Estafilococo aureus,,Par normal (dos puntos distintos),SÍ,no,Torso sin camisa OK · No genitales visibles · Ropa interior en zona pélvica si aparece,vista frontal del torso masculino (sin camisa) mostrando tórax,Manual Biomagnetismo - Tórax/Abdomen/Espalda,Tablas Holoacademia - Tronco,✅ TIENE FICHA APROBADA,25,025_Apendice_Pleura.png,025_Apendice_Pleura.png
3,TÓRAX,Tronco,Tórax,Pleura,Bazo - Pulmón,Bazo,Pulmón,Bacteria,Rubé n,,Par normal (dos puntos distintos),SÍ,no,Torso sin camisa OK · No genitales visibles · Ropa interior en zona pélvica si aparece,vista frontal del torso masculino (sin camisa) mostrando tórax,Manual Biomagnetismo - Tórax/Abdomen/Espalda,Tablas Holoacademia - Tronco,⏳ PENDIENTE - GENERAR,637,637_Bazo_Pulmon.png,
3,TÓRAX,Tronco,Tórax,Pleura,Colón Descendente - Pulmón Izquierdo,Colón Descendente,Pulmón Izquierdo,Bacteria,,,Par normal (dos puntos distintos),SÍ,no,Torso sin camisa OK · No genitales visibles · Ropa interior en zona pélvica si aparece,vista frontal del torso masculino (sin camisa) mostrando tórax,Manual Biomagnetismo - Tórax/Abdomen/Espalda,Tablas Holoacademia - Tronco,⏳ PENDIENTE - GENERAR,638,638_Colon_Descendente_Pulmon_Izquierdo.png,
3,TÓRAX,Tronco,Tórax,Pleura,Apéndice - Pleura,Apéndice,Pleura,Bacteria,Estafilococo aureus,,Par normal (dos puntos distintos),SÍ,no,Torso sin camisa OK · No genitales visibles · Ropa interior en zona pélvica si aparece,vista frontal del torso masculino (sin camisa) mostrando tórax,Manual Biomagnetismo - Tórax/Abdomen/Espalda,Tablas Holoacademia - Tronco,⏳ PENDIENTE - GENERAR,639,639_Apendice_Pleura.png,
3,TÓRAX,Tronco,Tórax,Pleura,Apéndice - Pleura Complejo,Apéndice,Pleura Complejo,,,,Par normal (dos puntos distintos),SÍ,no,Torso sin camisa OK · No genitales visibles · Ropa interior en zona pélvica si aparece,vista frontal del torso masculino (sin camisa) mostrando tórax,Manual Biomagnetismo - Tórax/Abdomen/Espalda,Tablas Holoacademia - Tronco,⏳ PENDIENTE - GENERAR,640,640_Apendice_Pleura_Complejo.png,
3,TÓRAX,Tronco,Tórax,Pleura,Apéndice Pleura - Staphylococcus Aureus,Apéndice Pleura,Staphylococcus Aureus,Bacteria,,,Par normal (dos puntos distintos),no,no,Torso sin camisa OK · No genitales visibles · Ropa interior en zona pélvica si aparece,vista frontal del torso masculino (sin camisa) mostrando tórax,Manual Biomagnetismo - Tórax/Abdomen/Espalda,Tablas Holoacademia - Tronco,⏳ PENDIENTE - GENERAR,641,641_Apendice_Pleura_Staphylococcus_Aureus.png,
3,TÓRAX,Tronco,Tórax,Pleura,Pleura - Hígado,Pleura,Hígado,Virus,Hepa titis B,,Par normal (dos puntos distintos),SÍ,no,Torso sin camisa OK · No genitales visibles · Ropa interior en zona pélvica si aparece,vista frontal del torso masculino (sin camisa) mostrando tórax,Manual Biomagnetismo - Tórax/Abdomen/Espalda,Tablas Holoacademia - Tronco,✅ TIENE FICHA APROBADA,15,015_Higado_Pleura.png,015_Higado_Pleura.png
3,TÓRAX,Tronco,Tórax,Pleura,Pleura Derecha - Apéndice,Pleura Derecha,Apéndice,Bacteria,Staphylococcus Aureus Coagulasa,,Par normal (dos puntos distintos),SÍ,no,Torso sin camisa OK · No genitales visibles · Ropa interior en zona pélvica si aparece,vista frontal del torso masculino (sin camisa) mostrando tórax,Manual Biomagnetismo - Tórax/Abdomen/Espalda,Tablas Holoacademia - Tronco,⏳ PENDIENTE - GENERAR,642,642_Pleura_Derecha_Apendice.png,
3,TÓRAX,Tronco,Tórax,Pleura,Pleura Derecha - Pulmón Derecho,Pleura Derecha,Pulmón Derecho,Virus,Epstein Bar RESERVORIO,,Par normal (dos puntos distintos),no,no,Torso sin camisa OK · No genitales visibles · Ropa interior en zona pélvica si aparece,vista frontal del torso masculino (sin camisa) mostrando tórax,Manual Biomagnetismo - Tórax/Abdomen/Espalda,Tablas Holoacademia - Tronco,⏳ PENDIENTE - GENERAR,643,643_Pleura_Derecha_Pulmon_Derecho.png,
3,TÓRAX,Tronco,Tórax,Pleura,Pleura Derecha - Peritoneo,Pleura Derecha,Peritoneo,Bacteria,RESERVORIO DE MENINGOCOCCUS,,Par normal (dos puntos distintos),no,no,Torso sin camisa OK · No genitales visibles · Ropa interior en zona pélvica si aparece,vista frontal del torso masculino (sin camisa) mostrando tórax,Manual Biomagnetismo - Tórax/Abdomen/Espalda,Tablas Holoacademia - Tronco,⏳ PENDIENTE - GENERAR,644,644_Pleura_Derecha_Peritoneo.png,
3,TÓRAX,Tronco,Tórax,Pleura,Pulmón - Riñón Izquierdo,Pulmón,Riñón Izquierdo,Sin clasificar,Pueb la,,Par normal (dos puntos distintos),SÍ,no,Torso sin camisa OK · No genitales visibles · Ropa interior en zona pélvica si aparece,vista frontal del torso masculino (sin camisa) mostrando tórax,Manual Biomagnetismo - Tórax/Abdomen/Espalda,Tablas Holoacademia - Tronco,⏳ PENDIENTE - GENERAR,645,645_Pulmon_Rinon_Izquierdo.png,
3,TÓRAX,Tronco,Tórax,Pleura,Pulmón Derecho - Bulbo Raquídeo,Pulmón Derecho,Bulbo Raquídeo,Emocional/Psicoemocional,,,Par normal (dos puntos distintos),SÍ,no,Torso sin camisa OK · No genitales visibles · Ropa interior en zona pélvica si aparece,vista frontal del torso masculino (sin camisa) mostrando tórax,Manual Biomagnetismo - Tórax/Abdomen/Espalda,Tablas Holoacademia - Tronco,⏳ PENDIENTE - GENERAR,646,646_Pulmon_Derecho_Bulbo_Raquideo.png,
3,TÓRAX,Tronco,Tórax,Pleura,Pleura - Pleura IZQ,Pleura,Pleura IZQ,,,,Bilateral real (derecho/izquierdo),no,no,Torso sin camisa OK · No genitales visibles · Ropa interior en zona pélvica si aparece,vista frontal del torso masculino (sin camisa) mostrando tórax,Manual Biomagnetismo - Tórax/Abdomen/Espalda,Tablas Holoacademia - Tronco,⏳ PENDIENTE - GENERAR,647,647_Pleura_Pleura_IZQ.png,
3,TÓRAX,Tronco,Tórax,Pleura,Pleura - Escápula Derecha,Pleura,Escápula Derecha,Emocional/Psicoemocional,,,Par normal (dos puntos distintos),SÍ,no,Torso sin camisa OK · No genitales visibles · Ropa interior en zona pélvica si aparece,vista frontal del torso masculino (sin camisa) mostrando tórax,Manual Biomagnetismo - Tórax/Abdomen/Espalda,Tablas Holoacademia - Tronco,⏳ PENDIENTE - GENERAR,648,648_Pleura_Escapula_Derecha.png,
3,TÓRAX,Tronco,Tórax,Pleura,Pleura - Esternón,Pleura,Esternón,Bacteria,Strep toco ccus Muta ns o angis,,Par normal (dos puntos distintos),no,no,Torso sin camisa OK · No genitales visibles · Ropa interior en zona pélvica si aparece,vista frontal del torso masculino (sin camisa) mostrando tórax,Manual Biomagnetismo - Tórax/Abdomen/Espalda,Tablas Holoacademia - Tronco,⏳ PENDIENTE - GENERAR,649,649_Pleura_Esternon.png,
3,TÓRAX,Tronco,Tórax,Pleura,Pleura - Pulmón Derecho,Pleura,Pulmón Derecho,Emocional/Psicoemocional,Eipst einBarr,,Par normal (dos puntos distintos),no,no,Torso sin camisa OK · No genitales visibles · Ropa interior en zona pélvica si aparece,vista frontal del torso masculino (sin camisa) mostrando tórax,Manual Biomagnetismo - Tórax/Abdomen/Espalda,Tablas Holoacademia - Tronco,✅ TIENE FICHA APROBADA,46,046_Pleura_Pulmon_derecho.png,046_Pleura_Pulmon_derecho.png
4,ABDOMEN,Tronco,Abdomen,Estómago,Estómago - Estómago,Estómago,Estómago,Disfunción,Sarampión,,Mismo punto simple (un marcador),no,no,Torso sin camisa OK · No genitales visibles · Ropa interior en zona pélvica si aparece,vista frontal del abdomen mostrando órganos viscerales superpuestos,Manual Biomagnetismo - Tórax/Abdomen/Espalda,Tablas Holoacademia - Tronco,⏳ PENDIENTE - GENERAR,650,650_Estomago_Estomago.png,
4,ABDOMEN,Tronco,Abdomen,Estómago,Estómago - Corazón,Estómago,Corazón,Bacteria,Moraxella Catarrhalis,,Par normal (dos puntos distintos),SÍ,no,Torso sin camisa OK · No genitales visibles · Ropa interior en zona pélvica si aparece,vista frontal del abdomen mostrando órganos viscerales superpuestos,Manual Biomagnetismo - Tórax/Abdomen/Espalda,Tablas Holoacademia - Tronco,⏳ PENDIENTE - GENERAR,651,651_Estomago_Corazon.png,
4,ABDOMEN,Tronco,Abdomen,Estómago,Estómago - Píloro,Estómago,Píloro,Bacteria,Clostridium perfringes,,Par normal (dos puntos distintos),no,no,Torso sin camisa OK · No genitales visibles · Ropa interior en zona pélvica si aparece,vista frontal del abdomen mostrando órganos viscerales superpuestos,Manual Biomagnetismo - Tórax/Abdomen/Espalda,Tablas Holoacademia - Tronco,✅ TIENE FICHA APROBADA,35,035_Estomago_piloro.png,035_Estomago_piloro.png
4,ABDOMEN,Tronco,Abdomen,Estómago,Estómago - Suprarrenal,Estómago,Suprarrenal,Virus,"Cory neba cteri um, Dipht erae ó Dere cho mnat itis.",,Par normal (dos puntos distintos),SÍ,no,Torso sin camisa OK · No genitales visibles · Ropa interior en zona pélvica si aparece,vista frontal del abdomen mostrando órganos viscerales superpuestos,Manual Biomagnetismo - Tórax/Abdomen/Espalda,Tablas Holoacademia - Tronco,⏳ PENDIENTE - GENERAR,652,652_Estomago_Suprarrenal.png,
4,ABDOMEN,Tronco,Abdomen,Estómago,Cardias - Temporal Derecho,Cardias,Temporal Derecho,Reservorio,UNIVERSAL,,Par normal (dos puntos distintos),SÍ,no,Torso sin camisa OK · No genitales visibles · Ropa interior en zona pélvica si aparece,vista frontal del abdomen mostrando órganos viscerales superpuestos,Manual Biomagnetismo - Tórax/Abdomen/Espalda,Tablas Holoacademia - Tronco,⏳ PENDIENTE - GENERAR,653,653_Cardias_Temporal_Derecho.png,
4,ABDOMEN,Tronco,Abdomen,Estómago,Estómago - Próstata,Estómago,Próstata,Disfunción,,,Par normal (dos puntos distintos),no,SÍ,Licra negra ajustada + top negro si aplica · Sin desnudez · Estilo médico sobrio,vista frontal del abdomen mostrando órganos viscerales superpuestos,Manual Biomagnetismo - Tórax/Abdomen/Espalda,Tablas Holoacademia - Tronco,⏳ PENDIENTE - GENERAR,654,654_Estomago_Prostata.png,
4,ABDOMEN,Tronco,Abdomen,Estómago,Estómago - Hígado,Estómago,Hígado,Bacteria,Hepatitis M,,Par normal (dos puntos distintos),no,no,Torso sin camisa OK · No genitales visibles · Ropa interior en zona pélvica si aparece,vista frontal del abdomen mostrando órganos viscerales superpuestos,Manual Biomagnetismo - Tórax/Abdomen/Espalda,Tablas Holoacademia - Tronco,⏳ PENDIENTE - GENERAR,655,655_Estomago_Higado.png,
4,ABDOMEN,Tronco,Abdomen,Estómago,Estómago - Duodeno,Estómago,Duodeno,Reservorio,Zoster ysu reservorio,,Par normal (dos puntos distintos),no,no,Torso sin camisa OK · No genitales visibles · Ropa interior en zona pélvica si aparece,vista frontal del abdomen mostrando órganos viscerales superpuestos,Manual Biomagnetismo - Tórax/Abdomen/Espalda,Tablas Holoacademia - Tronco,⏳ PENDIENTE - GENERAR,656,656_Estomago_Duodeno.png,
4,ABDOMEN,Tronco,Abdomen,Estómago,Estómago - Suprarrenales,Estómago,Suprarrenales,Complejo,Estómago – Suprarrenales,,Par normal (dos puntos distintos),SÍ,no,Torso sin camisa OK · No genitales visibles · Ropa interior en zona pélvica si aparece,vista frontal del abdomen mostrando órganos viscerales superpuestos,Manual Biomagnetismo - Tórax/Abdomen/Espalda,Tablas Holoacademia - Tronco,✅ TIENE FICHA APROBADA,42,042_Estomago_Suprarrenales.png,042_Estomago_Suprarrenales.png
4,ABDOMEN,Tronco,Abdomen,Estómago,Estómago - Cola de Páncreas,Estómago,Cola de Páncreas,Disfunción,,,Par normal (dos puntos distintos),no,no,Torso sin camisa OK · No genitales visibles · Ropa interior en zona pélvica si aparece,vista frontal del abdomen mostrando órganos viscerales superpuestos,Manual Biomagnetismo - Tórax/Abdomen/Espalda,Tablas Holoacademia - Tronco,⏳ PENDIENTE - GENERAR,657,657_Estomago_Cola_de_Pancreas.png,
4,ABDOMEN,Tronco,Abdomen,Estómago,Estómago - Vejiga,Estómago,Vejiga,Parásito,Entamoeba Histolytica,,Par normal (dos puntos distintos),no,no,Torso sin camisa OK · No genitales visibles · Ropa interior en zona pélvica si aparece,vista frontal del abdomen mostrando órganos viscerales superpuestos,Manual Biomagnetismo - Tórax/Abdomen/Espalda,Tablas Holoacademia - Tronco,⏳ PENDIENTE - GENERAR,658,658_Estomago_Vejiga.png,
4,ABDOMEN,Tronco,Abdomen,Estómago,Cardias - Cardias,Cardias,Cardias,,,,Mismo punto simple (un marcador),no,no,Torso sin camisa OK · No genitales visibles · Ropa interior en zona pélvica si aparece,vista frontal del abdomen mostrando órganos viscerales superpuestos,Manual Biomagnetismo - Tórax/Abdomen/Espalda,Tablas Holoacademia - Tronco,⏳ PENDIENTE - GENERAR,659,659_Cardias_Cardias.png,
4,ABDOMEN,Tronco,Abdomen,Estómago,Cardias - Nervio Vago,Cardias,Nervio Vago,Sin clasificar,Disfu nció n,,Par normal (dos puntos distintos),no,no,Torso sin camisa OK · No genitales visibles · Ropa interior en zona pélvica si aparece,vista frontal del abdomen mostrando órganos viscerales superpuestos,Manual Biomagnetismo - Tórax/Abdomen/Espalda,Tablas Holoacademia - Tronco,⏳ PENDIENTE - GENERAR,660,660_Cardias_Nervio_Vago.png,
4,ABDOMEN,Tronco,Abdomen,Estómago,Estómago - Colon Ascendente,Estómago,Colon Ascendente,Reservorio,,,Par normal (dos puntos distintos),no,no,Torso sin camisa OK · No genitales visibles · Ropa interior en zona pélvica si aparece,vista frontal del abdomen mostrando órganos viscerales superpuestos,Manual Biomagnetismo - Tórax/Abdomen/Espalda,Tablas Holoacademia - Tronco,⏳ PENDIENTE - GENERAR,661,661_Estomago_Colon_Ascendente.png,
4,ABDOMEN,Tronco,Abdomen,Estómago,Estómago - Riñón Izquierdo,Estómago,Riñón Izquierdo,Disfunción,,,Par normal (dos puntos distintos),SÍ,no,Torso sin camisa OK · No genitales visibles · Ropa interior en zona pélvica si aparece,vista frontal del abdomen mostrando órganos viscerales superpuestos,Manual Biomagnetismo - Tórax/Abdomen/Espalda,Tablas Holoacademia - Tronco,⏳ PENDIENTE - GENERAR,662,662_Estomago_Rinon_Izquierdo.png,
4,ABDOMEN,Tronco,Abdomen,Estómago,Estómago - Sacro,Estómago,Sacro,Bacteria,Chlamydia intestinalis,,Par normal (dos puntos distintos),no,SÍ,Licra negra ajustada + top negro si aplica · Sin desnudez · Estilo médico sobrio,vista frontal del abdomen mostrando órganos viscerales superpuestos,Manual Biomagnetismo - Tórax/Abdomen/Espalda,Tablas Holoacademia - Tronco,⏳ PENDIENTE - GENERAR,663,663_Estomago_Sacro.png,
4,ABDOMEN,Tronco,Abdomen,Estómago,Estómago - Bulbo,Estómago,Bulbo,Sin clasificar,,,Par normal (dos puntos distintos),SÍ,no,Torso sin camisa OK · No genitales visibles · Ropa interior en zona pélvica si aparece,vista frontal del abdomen mostrando órganos viscerales superpuestos,Manual Biomagnetismo - Tórax/Abdomen/Espalda,Tablas Holoacademia - Tronco,⏳ PENDIENTE - GENERAR,664,664_Estomago_Bulbo.png,
4,ABDOMEN,Tronco,Abdomen,Estómago,Estómago - Cava,Estómago,Cava,Sin clasificar,,,Par normal (dos puntos distintos),no,no,Torso sin camisa OK · No genitales visibles · Ropa interior en zona pélvica si aparece,vista frontal del abdomen mostrando órganos viscerales superpuestos,Manual Biomagnetismo - Tórax/Abdomen/Espalda,Tablas Holoacademia - Tronco,⏳ PENDIENTE - GENERAR,665,665_Estomago_Cava.png,
4,ABDOMEN,Tronco,Abdomen,Píloro,Píloro - Píloro,Píloro,Píloro,Disfunción,Disfu nció n,,Mismo punto simple (un marcador),no,no,Torso sin camisa OK · No genitales visibles · Ropa interior en zona pélvica si aparece,vista frontal del abdomen mostrando órganos viscerales superpuestos,Manual Biomagnetismo - Tórax/Abdomen/Espalda,Tablas Holoacademia - Tronco,⏳ PENDIENTE - GENERAR,666,666_Piloro_Piloro.png,
4,ABDOMEN,Tronco,Abdomen,Píloro,Píloro - Lengua IZQ,Píloro,Lengua IZQ,,,,Par normal (dos puntos distintos),no,no,Torso sin camisa OK · No genitales visibles · Ropa interior en zona pélvica si aparece,vista frontal del abdomen mostrando órganos viscerales superpuestos,Manual Biomagnetismo - Tórax/Abdomen/Espalda,Tablas Holoacademia - Tronco,⏳ PENDIENTE - GENERAR,667,667_Piloro_Lengua_IZQ.png,
4,ABDOMEN,Tronco,Abdomen,Píloro,Píloro - Riñón IZQ,Píloro,Riñón IZQ,,,,Par normal (dos puntos distintos),SÍ,no,Torso sin camisa OK · No genitales visibles · Ropa interior en zona pélvica si aparece,vista frontal del abdomen mostrando órganos viscerales superpuestos,Manual Biomagnetismo - Tórax/Abdomen/Espalda,Tablas Holoacademia - Tronco,⏳ PENDIENTE - GENERAR,668,668_Piloro_Rinon_IZQ.png,
4,ABDOMEN,Tronco,Abdomen,Píloro,Píloro - Uretero RAS,Píloro,Uretero RAS,,,,Par normal (dos puntos distintos),no,no,Torso sin camisa OK · No genitales visibles · Ropa interior en zona pélvica si aparece,vista frontal del abdomen mostrando órganos viscerales superpuestos,Manual Biomagnetismo - Tórax/Abdomen/Espalda,Tablas Holoacademia - Tronco,⏳ PENDIENTE - GENERAR,669,669_Piloro_Uretero_RAS.png,
4,ABDOMEN,Tronco,Abdomen,Píloro,Píloro - Glúteo IZQ,Píloro,Glúteo IZQ,,,,Par normal (dos puntos distintos),no,SÍ,Licra negra ajustada + top negro si aplica · Sin desnudez · Estilo médico sobrio,vista frontal del abdomen mostrando órganos viscerales superpuestos,Manual Biomagnetismo - Tórax/Abdomen/Espalda,Tablas Holoacademia - Tronco,⏳ PENDIENTE - GENERAR,670,670_Piloro_Gluteo_IZQ.png,
4,ABDOMEN,Tronco,Abdomen,Píloro,Cápsula Glisson - Píloro,Cápsula Glisson,Píloro,Bacteria,Listeria,,Par normal (dos puntos distintos),no,no,Torso sin camisa OK · No genitales visibles · Ropa interior en zona pélvica si aparece,vista frontal del abdomen mostrando órganos viscerales superpuestos,Manual Biomagnetismo - Tórax/Abdomen/Espalda,Tablas Holoacademia - Tronco,⏳ PENDIENTE - GENERAR,671,671_Capsula_Glisson_Piloro.png,
4,ABDOMEN,Tronco,Abdomen,Píloro,Ano - Píloro,Ano,Píloro,Virus,Amor fo entre levad ura y hong o,,Par normal (dos puntos distintos),no,SÍ,Licra negra ajustada + top negro si aplica · Sin desnudez · Estilo médico sobrio,vista frontal del abdomen mostrando órganos viscerales superpuestos,Manual Biomagnetismo - Tórax/Abdomen/Espalda,Tablas Holoacademia - Tronco,✅ TIENE FICHA APROBADA,73,073_Ano_Piloro.png,073_Ano_Piloro.png
4,ABDOMEN,Tronco,Abdomen,Píloro,Atlas - Píloro,Atlas,Píloro,Parásito,Plasmodium,,Par normal (dos puntos distintos),SÍ,no,Torso sin camisa OK · No genitales visibles · Ropa interior en zona pélvica si aparece,vista frontal del abdomen mostrando órganos viscerales superpuestos,Manual Biomagnetismo - Tórax/Abdomen/Espalda,Tablas Holoacademia - Tronco,⏳ PENDIENTE - GENERAR,672,672_Atlas_Piloro.png,
4,ABDOMEN,Tronco,Abdomen,Píloro,Atlas Píloro - Plasmodium Falciparum,Atlas Píloro,Plasmodium Falciparum,Parásito,,,Par normal (dos puntos distintos),no,no,Torso sin camisa OK · No genitales visibles · Ropa interior en zona pélvica si aparece,vista frontal del abdomen mostrando órganos viscerales superpuestos,Manual Biomagnetismo - Tórax/Abdomen/Espalda,Tablas Holoacademia - Tronco,⏳ PENDIENTE - GENERAR,673,673_Atlas_Piloro_Plasmodium_Falciparum.png,
4,ABDOMEN,Tronco,Abdomen,Píloro,Cabeza de Páncreas - Estómago,Cabeza de Páncreas,Estómago,,,,Par normal (dos puntos distintos),no,no,Torso sin camisa OK · No genitales visibles · Ropa interior en zona pélvica si aparece,vista frontal del abdomen mostrando órganos viscerales superpuestos,Manual Biomagnetismo - Tórax/Abdomen/Espalda,Tablas Holoacademia - Tronco,⏳ PENDIENTE - GENERAR,674,674_Cabeza_de_Pancreas_Estomago.png,
4,ABDOMEN,Tronco,Abdomen,Píloro,Cabeza de Páncreas - Píloro,Cabeza de Páncreas,Píloro,Bacteria,Clostridium Difícil,,Par normal (dos puntos distintos),no,no,Torso sin camisa OK · No genitales visibles · Ropa interior en zona pélvica si aparece,vista frontal del abdomen mostrando órganos viscerales superpuestos,Manual Biomagnetismo - Tórax/Abdomen/Espalda,Tablas Holoacademia - Tronco,⏳ PENDIENTE - GENERAR,675,675_Cabeza_de_Pancreas_Piloro.png,
4,ABDOMEN,Tronco,Abdomen,Píloro,Cervical 1 - Píloro,Cervical 1,Píloro,Parásito,,,Par normal (dos puntos distintos),SÍ,no,Torso sin camisa OK · No genitales visibles · Ropa interior en zona pélvica si aparece,vista frontal del abdomen mostrando órganos viscerales superpuestos,Manual Biomagnetismo - Tórax/Abdomen/Espalda,Tablas Holoacademia - Tronco,⏳ PENDIENTE - GENERAR,676,676_Cervical_1_Piloro.png,
4,ABDOMEN,Tronco,Abdomen,Píloro,Cervical 1 - Píloro Plasmodium,Cervical 1,Píloro Plasmodium,Parásito,Falciparum,,Par normal (dos puntos distintos),SÍ,no,Torso sin camisa OK · No genitales visibles · Ropa interior en zona pélvica si aparece,vista frontal del abdomen mostrando órganos viscerales superpuestos,Manual Biomagnetismo - Tórax/Abdomen/Espalda,Tablas Holoacademia - Tronco,⏳ PENDIENTE - GENERAR,677,677_Cervical_1_Piloro_Plasmodium.png,
4,ABDOMEN,Tronco,Abdomen,Píloro,Esófago - Píloro,Esófago,Píloro,Bacteria,Clost ridiu mperfri nges,,Par normal (dos puntos distintos),SÍ,no,Torso sin camisa OK · No genitales visibles · Ropa interior en zona pélvica si aparece,vista frontal del abdomen mostrando órganos viscerales superpuestos,Manual Biomagnetismo - Tórax/Abdomen/Espalda,Tablas Holoacademia - Tronco,⏳ PENDIENTE - GENERAR,678,678_Esofago_Piloro.png,
4,ABDOMEN,Tronco,Abdomen,Píloro,Piloro - Estómago,Piloro,Estómago,Bacteria,Clostridium perfringes,,Par normal (dos puntos distintos),no,no,Torso sin camisa OK · No genitales visibles · Ropa interior en zona pélvica si aparece,vista frontal del abdomen mostrando órganos viscerales superpuestos,Manual Biomagnetismo - Tórax/Abdomen/Espalda,Tablas Holoacademia - Tronco,⏳ PENDIENTE - GENERAR,679,679_Piloro_Estomago.png,
4,ABDOMEN,Tronco,Abdomen,Píloro,Piloro - Ano,Piloro,Ano,Virus,Amor fo entre levad ura y hong o,,Par normal (dos puntos distintos),no,SÍ,Licra negra ajustada + top negro si aplica · Sin desnudez · Estilo médico sobrio,vista frontal del abdomen mostrando órganos viscerales superpuestos,Manual Biomagnetismo - Tórax/Abdomen/Espalda,Tablas Holoacademia - Tronco,⏳ PENDIENTE - GENERAR,680,680_Piloro_Ano.png,
4,ABDOMEN,Tronco,Abdomen,Píloro,Piloro - Riñones,Piloro,Riñones,Parásito,Amibiasis Intestinal,,Par normal (dos puntos distintos),SÍ,no,Torso sin camisa OK · No genitales visibles · Ropa interior en zona pélvica si aparece,vista frontal del abdomen mostrando órganos viscerales superpuestos,Manual Biomagnetismo - Tórax/Abdomen/Espalda,Tablas Holoacademia - Tronco,⏳ PENDIENTE - GENERAR,681,681_Piloro_Rinones.png,
4,ABDOMEN,Tronco,Abdomen,Píloro,Piloro - Colon Ascendente,Piloro,Colon Ascendente,Especial/Disfunción,Endilomax Nana,,Par normal (dos puntos distintos),no,no,Torso sin camisa OK · No genitales visibles · Ropa interior en zona pélvica si aparece,vista frontal del abdomen mostrando órganos viscerales superpuestos,Manual Biomagnetismo - Tórax/Abdomen/Espalda,Tablas Holoacademia - Tronco,⏳ PENDIENTE - GENERAR,682,682_Piloro_Colon_Ascendente.png,
4,ABDOMEN,Tronco,Abdomen,Píloro,Piloro - Ureteros,Piloro,Ureteros,,,,Par normal (dos puntos distintos),no,no,Torso sin camisa OK · No genitales visibles · Ropa interior en zona pélvica si aparece,vista frontal del abdomen mostrando órganos viscerales superpuestos,Manual Biomagnetismo - Tórax/Abdomen/Espalda,Tablas Holoacademia - Tronco,⏳ PENDIENTE - GENERAR,683,683_Piloro_Ureteros.png,
4,ABDOMEN,Tronco,Abdomen,Píloro,Piloro - Lengua Contralateral,Piloro,Lengua Contralateral,,,,Par normal (dos puntos distintos),no,no,Torso sin camisa OK · No genitales visibles · Ropa interior en zona pélvica si aparece,vista frontal del abdomen mostrando órganos viscerales superpuestos,Manual Biomagnetismo - Tórax/Abdomen/Espalda,Tablas Holoacademia - Tronco,⏳ PENDIENTE - GENERAR,684,684_Piloro_Lengua_Contralateral.png,
4,ABDOMEN,Tronco,Abdomen,Píloro,Piloro - Colon Transverso,Piloro,Colon Transverso,Sin clasificar,CHACHIT A,,Par normal (dos puntos distintos),no,no,Torso sin camisa OK · No genitales visibles · Ropa interior en zona pélvica si aparece,vista frontal del abdomen mostrando órganos viscerales superpuestos,Manual Biomagnetismo - Tórax/Abdomen/Espalda,Tablas Holoacademia - Tronco,⏳ PENDIENTE - GENERAR,685,685_Piloro_Colon_Transverso.png,
4,ABDOMEN,Tronco,Abdomen,Píloro,Piloro - Cardias,Piloro,Cardias,Bacteria,Strep toco ccus S Borta de la Pertu sis,,Par normal (dos puntos distintos),SÍ,no,Torso sin camisa OK · No genitales visibles · Ropa interior en zona pélvica si aparece,vista frontal del abdomen mostrando órganos viscerales superpuestos,Manual Biomagnetismo - Tórax/Abdomen/Espalda,Tablas Holoacademia - Tronco,⏳ PENDIENTE - GENERAR,686,686_Piloro_Cardias.png,
4,ABDOMEN,Tronco,Abdomen,Píloro,Piloro - Glúteo,Piloro,Glúteo,Bacteria,Vello nella Oste omye litis,,Par normal (dos puntos distintos),no,SÍ,Licra negra ajustada + top negro si aplica · Sin desnudez · Estilo médico sobrio,vista frontal del abdomen mostrando órganos viscerales superpuestos,Manual Biomagnetismo - Tórax/Abdomen/Espalda,Tablas Holoacademia - Tronco,⏳ PENDIENTE - GENERAR,687,687_Piloro_Gluteo.png,
4,ABDOMEN,Tronco,Abdomen,Píloro,Piloro - Riñón Izquierdo,Piloro,Riñón Izquierdo,Parásito,Amibiasis intestinal,,Par normal (dos puntos distintos),SÍ,no,Torso sin camisa OK · No genitales visibles · Ropa interior en zona pélvica si aparece,vista frontal del abdomen mostrando órganos viscerales superpuestos,Manual Biomagnetismo - Tórax/Abdomen/Espalda,Tablas Holoacademia - Tronco,⏳ PENDIENTE - GENERAR,688,688_Piloro_Rinon_Izquierdo.png,
4,ABDOMEN,Tronco,Abdomen,Píloro,Diafragma - Píloro,Diafragma,Píloro,Virus,Astro virus,,Par normal (dos puntos distintos),SÍ,no,Torso sin camisa OK · No genitales visibles · Ropa interior en zona pélvica si aparece,vista frontal del abdomen mostrando órganos viscerales superpuestos,Manual Biomagnetismo - Tórax/Abdomen/Espalda,Tablas Holoacademia - Tronco,⏳ PENDIENTE - GENERAR,689,689_Diafragma_Piloro.png,
4,ABDOMEN,Tronco,Abdomen,Píloro,Glúteo Derecho - Píloro,Glúteo Derecho,Píloro,Bacteria,Vellonella,,Par normal (dos puntos distintos),no,SÍ,Licra negra ajustada + top negro si aplica · Sin desnudez · Estilo médico sobrio,vista frontal del abdomen mostrando órganos viscerales superpuestos,Manual Biomagnetismo - Tórax/Abdomen/Espalda,Tablas Holoacademia - Tronco,⏳ PENDIENTE - GENERAR,690,690_Gluteo_Derecho_Piloro.png,
4,ABDOMEN,Tronco,Abdomen,Píloro,Ojo - Píloro,Ojo,Píloro,Bacteria,Chlamydia trachomatis,,Par normal (dos puntos distintos),SÍ,no,Torso sin camisa OK · No genitales visibles · Ropa interior en zona pélvica si aparece,vista frontal del abdomen mostrando órganos viscerales superpuestos,Manual Biomagnetismo - Tórax/Abdomen/Espalda,Tablas Holoacademia - Tronco,⏳ PENDIENTE - GENERAR,691,691_Ojo_Piloro.png,
4,ABDOMEN,Tronco,Abdomen,Píloro,Primera Cervical - Píloro,Primera Cervical,Píloro,Sin clasificar,Plasmodium Vivax Falciporum,,Par normal (dos puntos distintos),SÍ,no,Torso sin camisa OK · No genitales visibles · Ropa interior en zona pélvica si aparece,vista frontal del abdomen mostrando órganos viscerales superpuestos,Manual Biomagnetismo - Tórax/Abdomen/Espalda,Tablas Holoacademia - Tronco,⏳ PENDIENTE - GENERAR,692,692_Primera_Cervical_Piloro.png,
4,ABDOMEN,Tronco,Abdomen,Píloro,Píloro - Lengua,Píloro,Lengua,Parásito,Cisticerco,,Par normal (dos puntos distintos),no,no,Torso sin camisa OK · No genitales visibles · Ropa interior en zona pélvica si aparece,vista frontal del abdomen mostrando órganos viscerales superpuestos,Manual Biomagnetismo - Tórax/Abdomen/Espalda,Tablas Holoacademia - Tronco,⏳ PENDIENTE - GENERAR,693,693_Piloro_Lengua.png,
4,ABDOMEN,Tronco,Abdomen,Píloro,Píloro - Útero,Píloro,Útero,Virus,Hantavirus,,Par normal (dos puntos distintos),no,SÍ,Licra negra ajustada + top negro si aplica · Sin desnudez · Estilo médico sobrio,vista frontal del abdomen mostrando órganos viscerales superpuestos,Manual Biomagnetismo - Tórax/Abdomen/Espalda,Tablas Holoacademia - Tronco,⏳ PENDIENTE - GENERAR,694,694_Piloro_Utero.png,
4,ABDOMEN,Tronco,Abdomen,Píloro,Recto - Píloro,Recto,Píloro,Hongo,Amorfo entre levadura y,,Par normal (dos puntos distintos),no,SÍ,Licra negra ajustada + top negro si aplica · Sin desnudez · Estilo médico sobrio,vista frontal del abdomen mostrando órganos viscerales superpuestos,Manual Biomagnetismo - Tórax/Abdomen/Espalda,Tablas Holoacademia - Tronco,⏳ PENDIENTE - GENERAR,695,695_Recto_Piloro.png,
4,ABDOMEN,Tronco,Abdomen,Píloro,Riñón Derecho - Píloro,Riñón Derecho,Píloro,Parásito,Plasmodium,,Par normal (dos puntos distintos),SÍ,no,Torso sin camisa OK · No genitales visibles · Ropa interior en zona pélvica si aparece,vista frontal del abdomen mostrando órganos viscerales superpuestos,Manual Biomagnetismo - Tórax/Abdomen/Espalda,Tablas Holoacademia - Tronco,⏳ PENDIENTE - GENERAR,696,696_Rinon_Derecho_Piloro.png,
4,ABDOMEN,Tronco,Abdomen,Hígado,Hígado - Corazón,Hígado,Corazón,Disfunción,,,Par normal (dos puntos distintos),SÍ,no,Torso sin camisa OK · No genitales visibles · Ropa interior en zona pélvica si aparece,vista frontal del abdomen mostrando órganos viscerales superpuestos,Manual Biomagnetismo - Tórax/Abdomen/Espalda,Tablas Holoacademia - Tronco,⏳ PENDIENTE - GENERAR,697,697_Higado_Corazon.png,
4,ABDOMEN,Tronco,Abdomen,Hígado,Hígado - Páncreas,Hígado,Páncreas,Especial/Disfunción,,,Par normal (dos puntos distintos),no,no,Torso sin camisa OK · No genitales visibles · Ropa interior en zona pélvica si aparece,vista frontal del abdomen mostrando órganos viscerales superpuestos,Manual Biomagnetismo - Tórax/Abdomen/Espalda,Tablas Holoacademia - Tronco,⏳ PENDIENTE - GENERAR,698,698_Higado_Pancreas.png,
4,ABDOMEN,Tronco,Abdomen,Hígado,Hígado - Píloro,Hígado,Píloro,Bacteria,Listeria y,,Par normal (dos puntos distintos),no,no,Torso sin camisa OK · No genitales visibles · Ropa interior en zona pélvica si aparece,vista frontal del abdomen mostrando órganos viscerales superpuestos,Manual Biomagnetismo - Tórax/Abdomen/Espalda,Tablas Holoacademia - Tronco,⏳ PENDIENTE - GENERAR,699,699_Higado_Piloro.png,
4,ABDOMEN,Tronco,Abdomen,Hígado,Hígado - Riñón IZQ,Hígado,Riñón IZQ,,,,Par normal (dos puntos distintos),SÍ,no,Torso sin camisa OK · No genitales visibles · Ropa interior en zona pélvica si aparece,vista frontal del abdomen mostrando órganos viscerales superpuestos,Manual Biomagnetismo - Tórax/Abdomen/Espalda,Tablas Holoacademia - Tronco,⏳ PENDIENTE - GENERAR,700,700_Higado_Rinon_IZQ.png,
4,ABDOMEN,Tronco,Abdomen,Hígado,Borde Costal - Hígado,Borde Costal,Hígado,Bacteria,Borrelia,,Par normal (dos puntos distintos),no,no,Torso sin camisa OK · No genitales visibles · Ropa interior en zona pélvica si aparece,vista frontal del abdomen mostrando órganos viscerales superpuestos,Manual Biomagnetismo - Tórax/Abdomen/Espalda,Tablas Holoacademia - Tronco,⏳ PENDIENTE - GENERAR,701,701_Borde_Costal_Higado.png,
4,ABDOMEN,Tronco,Abdomen,Hígado,Ciego - Hígado,Ciego,Hígado,,,,Par normal (dos puntos distintos),no,no,Torso sin camisa OK · No genitales visibles · Ropa interior en zona pélvica si aparece,vista frontal del abdomen mostrando órganos viscerales superpuestos,Manual Biomagnetismo - Tórax/Abdomen/Espalda,Tablas Holoacademia - Tronco,⏳ PENDIENTE - GENERAR,702,702_Ciego_Higado.png,
4,ABDOMEN,Tronco,Abdomen,Hígado,Cirrosis Hepática - Hígado Riñón,Cirrosis Hepática,Hígado Riñón,Virus,Derecho,,Par normal (dos puntos distintos),no,no,Torso sin camisa OK · No genitales visibles · Ropa interior en zona pélvica si aparece,vista frontal del abdomen mostrando órganos viscerales superpuestos,Manual Biomagnetismo - Tórax/Abdomen/Espalda,Tablas Holoacademia - Tronco,⏳ PENDIENTE - GENERAR,703,703_Cirrosis_Hepatica_Higado_Rinon.png,
4,ABDOMEN,Tronco,Abdomen,Hígado,Cola de Páncreas - Hígado Hepatitis,Cola de Páncreas,Hígado Hepatitis,,,,Par normal (dos puntos distintos),no,no,Torso sin camisa OK · No genitales visibles · Ropa interior en zona pélvica si aparece,vista frontal del abdomen mostrando órganos viscerales superpuestos,Manual Biomagnetismo - Tórax/Abdomen/Espalda,Tablas Holoacademia - Tronco,⏳ PENDIENTE - GENERAR,704,704_Cola_de_Pancreas_Higado_Hepatitis.png,
4,ABDOMEN,Tronco,Abdomen,Hígado,Cola de Páncreas - Hígado Complejo,Cola de Páncreas,Hígado Complejo,,,,Par normal (dos puntos distintos),no,no,Torso sin camisa OK · No genitales visibles · Ropa interior en zona pélvica si aparece,vista frontal del abdomen mostrando órganos viscerales superpuestos,Manual Biomagnetismo - Tórax/Abdomen/Espalda,Tablas Holoacademia - Tronco,⏳ PENDIENTE - GENERAR,705,705_Cola_de_Pancreas_Higado_Complejo.png,
4,ABDOMEN,Tronco,Abdomen,Hígado,Ascendente - Hígado,Ascendente,Hígado,Complejo,Klebsiella pneumoniae,,Par normal (dos puntos distintos),no,no,Torso sin camisa OK · No genitales visibles · Ropa interior en zona pélvica si aparece,vista frontal del abdomen mostrando órganos viscerales superpuestos,Manual Biomagnetismo - Tórax/Abdomen/Espalda,Tablas Holoacademia - Tronco,⏳ PENDIENTE - GENERAR,706,706_Ascendente_Higado.png,
4,ABDOMEN,Tronco,Abdomen,Hígado,Auriculoventricular - Riñón Izquierdo,Auriculoventricular,Riñón Izquierdo,Virus,,,Par normal (dos puntos distintos),no,no,Torso sin camisa OK · No genitales visibles · Ropa interior en zona pélvica si aparece,vista frontal del abdomen mostrando órganos viscerales superpuestos,Manual Biomagnetismo - Tórax/Abdomen/Espalda,Tablas Holoacademia - Tronco,⏳ PENDIENTE - GENERAR,707,707_Auriculoventricular_Rinon_Izquierdo.png,
4,ABDOMEN,Tronco,Abdomen,Hígado,Cabeza de Páncreas - Hígado Hepatitis,Cabeza de Páncreas,Hígado Hepatitis,,,,Par normal (dos puntos distintos),no,no,Torso sin camisa OK · No genitales visibles · Ropa interior en zona pélvica si aparece,vista frontal del abdomen mostrando órganos viscerales superpuestos,Manual Biomagnetismo - Tórax/Abdomen/Espalda,Tablas Holoacademia - Tronco,⏳ PENDIENTE - GENERAR,708,708_Cabeza_de_Pancreas_Higado_Hepatitis.png,
4,ABDOMEN,Tronco,Abdomen,Hígado,Hígado - Riñón Izquierdo,Hígado,Riñón Izquierdo,Parásito,Ameba hepática,,Par normal (dos puntos distintos),SÍ,no,Torso sin camisa OK · No genitales visibles · Ropa interior en zona pélvica si aparece,vista frontal del abdomen mostrando órganos viscerales superpuestos,Manual Biomagnetismo - Tórax/Abdomen/Espalda,Tablas Holoacademia - Tronco,⏳ PENDIENTE - GENERAR,709,709_Higado_Rinon_Izquierdo.png,
4,ABDOMEN,Tronco,Abdomen,Hígado,Hígado - Suprarrenales,Hígado,Suprarrenales,Virus,Adeno Virus,,Par normal (dos puntos distintos),SÍ,no,Torso sin camisa OK · No genitales visibles · Ropa interior en zona pélvica si aparece,vista frontal del abdomen mostrando órganos viscerales superpuestos,Manual Biomagnetismo - Tórax/Abdomen/Espalda,Tablas Holoacademia - Tronco,⏳ PENDIENTE - GENERAR,710,710_Higado_Suprarrenales.png,
4,ABDOMEN,Tronco,Abdomen,Hígado,Hígado - Cola de Páncreas,Hígado,Cola de Páncreas,Bacteria,Chlostirium botulinum,,Par normal (dos puntos distintos),no,no,Torso sin camisa OK · No genitales visibles · Ropa interior en zona pélvica si aparece,vista frontal del abdomen mostrando órganos viscerales superpuestos,Manual Biomagnetismo - Tórax/Abdomen/Espalda,Tablas Holoacademia - Tronco,⏳ PENDIENTE - GENERAR,711,711_Higado_Cola_de_Pancreas.png,
4,ABDOMEN,Tronco,Abdomen,Hígado,Hígado - Riñón Derecho,Hígado,Riñón Derecho,Especial/Disfunción,Cirrosis hepática,,Par normal (dos puntos distintos),SÍ,no,Torso sin camisa OK · No genitales visibles · Ropa interior en zona pélvica si aparece,vista frontal del abdomen mostrando órganos viscerales superpuestos,Manual Biomagnetismo - Tórax/Abdomen/Espalda,Tablas Holoacademia - Tronco,✅ TIENE FICHA APROBADA,92,092_Higado_Rinon_der.png,092_Higado_Rinon_der.png
4,ABDOMEN,Tronco,Abdomen,Hígado,Hígado Lóbulo Posterior - Riñón Derecho,Hígado Lóbulo Posterior,Riñón Derecho,,,,Par normal (dos puntos distintos),SÍ,no,Torso sin camisa OK · No genitales visibles · Ropa interior en zona pélvica si aparece,vista frontal del abdomen mostrando órganos viscerales superpuestos,Manual Biomagnetismo - Tórax/Abdomen/Espalda,Tablas Holoacademia - Tronco,⏳ PENDIENTE - GENERAR,712,712_Higado_Lobulo_Posterior_Rinon_Derecho.png,
4,ABDOMEN,Tronco,Abdomen,Hígado,Hígado Lóbulo Posterior - Riñón Izquierdo,Hígado Lóbulo Posterior,Riñón Izquierdo,,,,Par normal (dos puntos distintos),SÍ,no,Torso sin camisa OK · No genitales visibles · Ropa interior en zona pélvica si aparece,vista frontal del abdomen mostrando órganos viscerales superpuestos,Manual Biomagnetismo - Tórax/Abdomen/Espalda,Tablas Holoacademia - Tronco,⏳ PENDIENTE - GENERAR,713,713_Higado_Lobulo_Posterior_Rinon_Izquierdo.png,
4,ABDOMEN,Tronco,Abdomen,Hígado,Lóbulo Hepático Izquierdo - Riñón Izquierdo,Lóbulo Hepático Izquierdo,Riñón Izquierdo,,,,Par normal (dos puntos distintos),no,no,Torso sin camisa OK · No genitales visibles · Ropa interior en zona pélvica si aparece,vista frontal del abdomen mostrando órganos viscerales superpuestos,Manual Biomagnetismo - Tórax/Abdomen/Espalda,Tablas Holoacademia - Tronco,⏳ PENDIENTE - GENERAR,714,714_Lobulo_Hepatico_Izquierdo_Rinon_Izquierdo.png,
4,ABDOMEN,Tronco,Abdomen,Hígado,Vena Porta - Colon Transverso,Vena Porta,Colon Transverso,Virus,Papil oma,,Par normal (dos puntos distintos),no,no,Torso sin camisa OK · No genitales visibles · Ropa interior en zona pélvica si aparece,vista frontal del abdomen mostrando órganos viscerales superpuestos,Manual Biomagnetismo - Tórax/Abdomen/Espalda,Tablas Holoacademia - Tronco,⏳ PENDIENTE - GENERAR,715,715_Vena_Porta_Colon_Transverso.png,
4,ABDOMEN,Tronco,Abdomen,Hígado,Vena Porta - Hígado,Vena Porta,Hígado,Virus,Papil oma,,Par normal (dos puntos distintos),no,no,Torso sin camisa OK · No genitales visibles · Ropa interior en zona pélvica si aparece,vista frontal del abdomen mostrando órganos viscerales superpuestos,Manual Biomagnetismo - Tórax/Abdomen/Espalda,Tablas Holoacademia - Tronco,⏳ PENDIENTE - GENERAR,716,716_Vena_Porta_Higado.png,
4,ABDOMEN,Tronco,Abdomen,Hígado,Vena Porta - Tendón Pectoral,Vena Porta,Tendón Pectoral,Bacteria,Stap hiloc occu s aure ous cuag ulasa +,,Par normal (dos puntos distintos),no,no,Torso sin camisa OK · No genitales visibles · Ropa interior en zona pélvica si aparece,vista frontal del abdomen mostrando órganos viscerales superpuestos,Manual Biomagnetismo - Tórax/Abdomen/Espalda,Tablas Holoacademia - Tronco,⏳ PENDIENTE - GENERAR,717,717_Vena_Porta_Tendon_Pectoral.png,
4,ABDOMEN,Tronco,Abdomen,Hígado,Vena Porta - Páncreas,Vena Porta,Páncreas,Virus,Papiloma,,Par normal (dos puntos distintos),no,no,Torso sin camisa OK · No genitales visibles · Ropa interior en zona pélvica si aparece,vista frontal del abdomen mostrando órganos viscerales superpuestos,Manual Biomagnetismo - Tórax/Abdomen/Espalda,Tablas Holoacademia - Tronco,⏳ PENDIENTE - GENERAR,718,718_Vena_Porta_Pancreas.png,
4,ABDOMEN,Tronco,Abdomen,Hígado,Vena Porta - Vena Porta,Vena Porta,Vena Porta,Bacteria,Klep siella Pneu moni ae,,Mismo punto simple (un marcador),no,no,Torso sin camisa OK · No genitales visibles · Ropa interior en zona pélvica si aparece,vista frontal del abdomen mostrando órganos viscerales superpuestos,Manual Biomagnetismo - Tórax/Abdomen/Espalda,Tablas Holoacademia - Tronco,⏳ PENDIENTE - GENERAR,719,719_Vena_Porta_Vena_Porta.png,
4,ABDOMEN,Tronco,Abdomen,Hígado,Hígado - Vejiga,Hígado,Vejiga,,,,Par normal (dos puntos distintos),no,no,Torso sin camisa OK · No genitales visibles · Ropa interior en zona pélvica si aparece,vista frontal del abdomen mostrando órganos viscerales superpuestos,Manual Biomagnetismo - Tórax/Abdomen/Espalda,Tablas Holoacademia - Tronco,⏳ PENDIENTE - GENERAR,720,720_Higado_Vejiga.png,
4,ABDOMEN,Tronco,Abdomen,Hígado,Colon Desc - Hígado,Colon Desc,Hígado,Bacteria,Pasteurella,,Par normal (dos puntos distintos),no,no,Torso sin camisa OK · No genitales visibles · Ropa interior en zona pélvica si aparece,vista frontal del abdomen mostrando órganos viscerales superpuestos,Manual Biomagnetismo - Tórax/Abdomen/Espalda,Tablas Holoacademia - Tronco,⏳ PENDIENTE - GENERAR,721,721_Colon_Desc_Higado.png,
4,ABDOMEN,Tronco,Abdomen,Hígado,Conducto Páncreas - Riñón Izquierdo,Conducto Páncreas,Riñón Izquierdo,Bacteria,Treponema Espiroqueta,,Par normal (dos puntos distintos),SÍ,no,Torso sin camisa OK · No genitales visibles · Ropa interior en zona pélvica si aparece,vista frontal del abdomen mostrando órganos viscerales superpuestos,Manual Biomagnetismo - Tórax/Abdomen/Espalda,Tablas Holoacademia - Tronco,⏳ PENDIENTE - GENERAR,722,722_Conducto_Pancreas_Rinon_Izquierdo.png,
4,ABDOMEN,Tronco,Abdomen,Hígado,Contraciego - Riñón Izquierdo,Contraciego,Riñón Izquierdo,Bacteria,Bordetella pertussis,,Par normal (dos puntos distintos),SÍ,no,Torso sin camisa OK · No genitales visibles · Ropa interior en zona pélvica si aparece,vista frontal del abdomen mostrando órganos viscerales superpuestos,Manual Biomagnetismo - Tórax/Abdomen/Espalda,Tablas Holoacademia - Tronco,⏳ PENDIENTE - GENERAR,723,723_Contraciego_Rinon_Izquierdo.png,
4,ABDOMEN,Tronco,Abdomen,Hígado,Costal - Hígado,Costal,Hígado,Bacteria,Borrelia,,Par normal (dos puntos distintos),no,no,Torso sin camisa OK · No genitales visibles · Ropa interior en zona pélvica si aparece,vista frontal del abdomen mostrando órganos viscerales superpuestos,Manual Biomagnetismo - Tórax/Abdomen/Espalda,Tablas Holoacademia - Tronco,✅ TIENE FICHA APROBADA,40,040_Costal_Higado.png,040_Costal_Higado.png
4,ABDOMEN,Tronco,Abdomen,Hígado,Cuerpo de Páncreas - Hígado,Cuerpo de Páncreas,Hígado,Sin clasificar,Escherichia Colli,,Par normal (dos puntos distintos),no,no,Torso sin camisa OK · No genitales visibles · Ropa interior en zona pélvica si aparece,vista frontal del abdomen mostrando órganos viscerales superpuestos,Manual Biomagnetismo - Tórax/Abdomen/Espalda,Tablas Holoacademia - Tronco,⏳ PENDIENTE - GENERAR,724,724_Cuerpo_de_Pancreas_Higado.png,
4,ABDOMEN,Tronco,Abdomen,Hígado,Deltoides Izquierdo - Riñón Izquierdo,Deltoides Izquierdo,Riñón Izquierdo,Parásito,Leishmania,,Par normal (dos puntos distintos),SÍ,no,Torso sin camisa OK · No genitales visibles · Ropa interior en zona pélvica si aparece,vista frontal del abdomen mostrando órganos viscerales superpuestos,Manual Biomagnetismo - Tórax/Abdomen/Espalda,Tablas Holoacademia - Tronco,⏳ PENDIENTE - GENERAR,725,725_Deltoides_Izquierdo_Rinon_Izquierdo.png,
4,ABDOMEN,Tronco,Abdomen,Hígado,Ganglios Mesentéricos - Riñón Izquierdo,Ganglios Mesentéricos,Riñón Izquierdo,Virus,Zoster,,Par normal (dos puntos distintos),no,no,Torso sin camisa OK · No genitales visibles · Ropa interior en zona pélvica si aparece,vista frontal del abdomen mostrando órganos viscerales superpuestos,Manual Biomagnetismo - Tórax/Abdomen/Espalda,Tablas Holoacademia - Tronco,⏳ PENDIENTE - GENERAR,726,726_Ganglios_Mesentericos_Rinon_Izquierdo.png,
4,ABDOMEN,Tronco,Abdomen,Hígado,Hiato Esofágico - Hígado,Hiato Esofágico,Hígado,Reservorio,Mycobaterium Tuberculosis RESERVORIO,,Par normal (dos puntos distintos),SÍ,no,Torso sin camisa OK · No genitales visibles · Ropa interior en zona pélvica si aparece,vista frontal del abdomen mostrando órganos viscerales superpuestos,Manual Biomagnetismo - Tórax/Abdomen/Espalda,Tablas Holoacademia - Tronco,⏳ PENDIENTE - GENERAR,727,727_Hiato_Esofagico_Higado.png,
4,ABDOMEN,Tronco,Abdomen,Hígado,Hígado - Ligamento Pancreático,Hígado,Ligamento Pancreático,Hongo,Rhizopus,,Par normal (dos puntos distintos),no,no,Torso sin camisa OK · No genitales visibles · Ropa interior en zona pélvica si aparece,vista frontal del abdomen mostrando órganos viscerales superpuestos,Manual Biomagnetismo - Tórax/Abdomen/Espalda,Tablas Holoacademia - Tronco,⏳ PENDIENTE - GENERAR,728,728_Higado_Ligamento_Pancreatico.png,
4,ABDOMEN,Tronco,Abdomen,Hígado,Hígado - Parietal IZQ,Hígado,Parietal IZQ,Especial/Disfunción,Espe cial,,Par normal (dos puntos distintos),SÍ,no,Torso sin camisa OK · No genitales visibles · Ropa interior en zona pélvica si aparece,vista frontal del abdomen mostrando órganos viscerales superpuestos,Manual Biomagnetismo - Tórax/Abdomen/Espalda,Tablas Holoacademia - Tronco,⏳ PENDIENTE - GENERAR,729,729_Higado_Parietal_IZQ.png,
4,ABDOMEN,Tronco,Abdomen,Hígado,Hígado - Prominencia Occipital,Hígado,Prominencia Occipital,Reservorio,Universal,,Par normal (dos puntos distintos),SÍ,no,Torso sin camisa OK · No genitales visibles · Ropa interior en zona pélvica si aparece,vista frontal del abdomen mostrando órganos viscerales superpuestos,Manual Biomagnetismo - Tórax/Abdomen/Espalda,Tablas Holoacademia - Tronco,⏳ PENDIENTE - GENERAR,730,730_Higado_Prominencia_Occipital.png,
4,ABDOMEN,Tronco,Abdomen,Hígado,Hígado - Riñón,Hígado,Riñón,Bacteria,Pasteurella,,Par normal (dos puntos distintos),SÍ,no,Torso sin camisa OK · No genitales visibles · Ropa interior en zona pélvica si aparece,vista frontal del abdomen mostrando órganos viscerales superpuestos,Manual Biomagnetismo - Tórax/Abdomen/Espalda,Tablas Holoacademia - Tronco,⏳ PENDIENTE - GENERAR,731,731_Higado_Rinon.png,
4,ABDOMEN,Tronco,Abdomen,Hígado,Lóbulo posterior Hígado - Riñón Izquierdo,Lóbulo posterior Hígado,Riñón Izquierdo,Parásito,Toxacara,,Par normal (dos puntos distintos),SÍ,no,Torso sin camisa OK · No genitales visibles · Ropa interior en zona pélvica si aparece,vista frontal del abdomen mostrando órganos viscerales superpuestos,Manual Biomagnetismo - Tórax/Abdomen/Espalda,Tablas Holoacademia - Tronco,⏳ PENDIENTE - GENERAR,732,732_Lobulo_posterior_Higado_Rinon_Izquierdo.png,
4,ABDOMEN,Tronco,Abdomen,Hígado,Lumbar 4 - Riñón Izquierdo,Lumbar 4,Riñón Izquierdo,,,,Par normal (dos puntos distintos),no,no,Torso sin camisa OK · No genitales visibles · Ropa interior en zona pélvica si aparece,vista frontal del abdomen mostrando órganos viscerales superpuestos,Manual Biomagnetismo - Tórax/Abdomen/Espalda,Tablas Holoacademia - Tronco,⏳ PENDIENTE - GENERAR,733,733_Lumbar_4_Rinon_Izquierdo.png,
4,ABDOMEN,Tronco,Abdomen,Hígado,Lóbulo Hepático Izquierdo - Vena Mesentérica,Lóbulo Hepático Izquierdo,Vena Mesentérica,Virus,Papiloma,,Par normal (dos puntos distintos),no,no,Torso sin camisa OK · No genitales visibles · Ropa interior en zona pélvica si aparece,vista frontal del abdomen mostrando órganos viscerales superpuestos,Manual Biomagnetismo - Tórax/Abdomen/Espalda,Tablas Holoacademia - Tronco,⏳ PENDIENTE - GENERAR,734,734_Lobulo_Hepatico_Izquierdo_Vena_Mesenterica.png,
4,ABDOMEN,Tronco,Abdomen,Hígado,Muñeca Derecha - Riñón Izquierdo,Muñeca Derecha,Riñón Izquierdo,Disfunción,,,Par normal (dos puntos distintos),SÍ,no,Torso sin camisa OK · No genitales visibles · Ropa interior en zona pélvica si aparece,vista frontal del abdomen mostrando órganos viscerales superpuestos,Manual Biomagnetismo - Tórax/Abdomen/Espalda,Tablas Holoacademia - Tronco,⏳ PENDIENTE - GENERAR,735,735_Muneca_Derecha_Rinon_Izquierdo.png,
4,ABDOMEN,Tronco,Abdomen,Hígado,Ombligo - Hígado,Ombligo,Hígado,Bacteria,Eche richi aColli,,Par normal (dos puntos distintos),no,no,Torso sin camisa OK · No genitales visibles · Ropa interior en zona pélvica si aparece,vista frontal del abdomen mostrando órganos viscerales superpuestos,Manual Biomagnetismo - Tórax/Abdomen/Espalda,Tablas Holoacademia - Tronco,⏳ PENDIENTE - GENERAR,736,736_Ombligo_Higado.png,
4,ABDOMEN,Tronco,Abdomen,Hígado,Ovario Derecho - Riñón Izquierdo,Ovario Derecho,Riñón Izquierdo,Especial/Disfunción,,,Par normal (dos puntos distintos),SÍ,SÍ,Licra negra ajustada + top negro si aplica · Sin desnudez · Estilo médico sobrio,vista frontal del abdomen mostrando órganos viscerales superpuestos,Manual Biomagnetismo - Tórax/Abdomen/Espalda,Tablas Holoacademia - Tronco,⏳ PENDIENTE - GENERAR,737,737_Ovario_Derecho_Rinon_Izquierdo.png,
4,ABDOMEN,Tronco,Abdomen,Hígado,Pómulo DER - Riñón Izquierdo,Pómulo DER,Riñón Izquierdo,,,,Par normal (dos puntos distintos),no,no,Torso sin camisa OK · No genitales visibles · Ropa interior en zona pélvica si aparece,vista frontal del abdomen mostrando órganos viscerales superpuestos,Manual Biomagnetismo - Tórax/Abdomen/Espalda,Tablas Holoacademia - Tronco,⏳ PENDIENTE - GENERAR,738,738_Pomulo_DER_Rinon_Izquierdo.png,
4,ABDOMEN,Tronco,Abdomen,Hígado,Vena Porta - Aquiles Derecho,Vena Porta,Aquiles Derecho,Virus,Cándida,,Par normal (dos puntos distintos),no,no,Torso sin camisa OK · No genitales visibles · Ropa interior en zona pélvica si aparece,vista frontal del abdomen mostrando órganos viscerales superpuestos,Manual Biomagnetismo - Tórax/Abdomen/Espalda,Tablas Holoacademia - Tronco,⏳ PENDIENTE - GENERAR,739,739_Vena_Porta_Aquiles_Derecho.png,
4,ABDOMEN,Tronco,Abdomen,Hígado,Vena Porta - COLON,Vena Porta,COLON,Virus,Papiloma,,Par normal (dos puntos distintos),no,no,Torso sin camisa OK · No genitales visibles · Ropa interior en zona pélvica si aparece,vista frontal del abdomen mostrando órganos viscerales superpuestos,Manual Biomagnetismo - Tórax/Abdomen/Espalda,Tablas Holoacademia - Tronco,⏳ PENDIENTE - GENERAR,740,740_Vena_Porta_COLON.png,
4,ABDOMEN,Tronco,Abdomen,Hígado,Pleura Derecha - Hígado,Pleura Derecha,Hígado,Virus,Única de ADN,,Par normal (dos puntos distintos),SÍ,no,Torso sin camisa OK · No genitales visibles · Ropa interior en zona pélvica si aparece,vista frontal del abdomen mostrando órganos viscerales superpuestos,Manual Biomagnetismo - Tórax/Abdomen/Espalda,Tablas Holoacademia - Tronco,⏳ PENDIENTE - GENERAR,741,741_Pleura_Derecha_Higado.png,
4,ABDOMEN,Tronco,Abdomen,Hígado,Costal derecho - Hígado,Costal derecho,Hígado,Bacteria,Borrelia (Espiroqueta),,Par normal (dos puntos distintos),no,no,Torso sin camisa OK · No genitales visibles · Ropa interior en zona pélvica si aparece,vista frontal del abdomen mostrando órganos viscerales superpuestos,Manual Biomagnetismo - Tórax/Abdomen/Espalda,Tablas Holoacademia - Tronco,⏳ PENDIENTE - GENERAR,742,742_Costal_derecho_Higado.png,
4,ABDOMEN,Tronco,Abdomen,Hígado,Cápsula Renal Izquierda - Riñón Izquierdo,Cápsula Renal Izquierda,Riñón Izquierdo,Reservorio,DEL V.I.H,,Par normal (dos puntos distintos),no,no,Torso sin camisa OK · No genitales visibles · Ropa interior en zona pélvica si aparece,vista frontal del abdomen mostrando órganos viscerales superpuestos,Manual Biomagnetismo - Tórax/Abdomen/Espalda,Tablas Holoacademia - Tronco,⏳ PENDIENTE - GENERAR,743,743_Capsula_Renal_Izquierda_Rinon_Izquierdo.png,
4,ABDOMEN,Tronco,Abdomen,Hígado,Mastoides IZQ - Riñón Izquierdo,Mastoides IZQ,Riñón Izquierdo,,,,Par normal (dos puntos distintos),SÍ,no,Torso sin camisa OK · No genitales visibles · Ropa interior en zona pélvica si aparece,vista frontal del abdomen mostrando órganos viscerales superpuestos,Manual Biomagnetismo - Tórax/Abdomen/Espalda,Tablas Holoacademia - Tronco,⏳ PENDIENTE - GENERAR,744,744_Mastoides_IZQ_Rinon_Izquierdo.png,
4,ABDOMEN,Tronco,Abdomen,Hígado,Vena Porta - VENA,Vena Porta,VENA,Reservorio,,,Par normal (dos puntos distintos),no,no,Torso sin camisa OK · No genitales visibles · Ropa interior en zona pélvica si aparece,vista frontal del abdomen mostrando órganos viscerales superpuestos,Manual Biomagnetismo - Tórax/Abdomen/Espalda,Tablas Holoacademia - Tronco,⏳ PENDIENTE - GENERAR,745,745_Vena_Porta_VENA.png,
4,ABDOMEN,Tronco,Abdomen,Hígado,Hígado - COLON,Hígado,COLON,,,,Par normal (dos puntos distintos),no,no,Torso sin camisa OK · No genitales visibles · Ropa interior en zona pélvica si aparece,vista frontal del abdomen mostrando órganos viscerales superpuestos,Manual Biomagnetismo - Tórax/Abdomen/Espalda,Tablas Holoacademia - Tronco,⏳ PENDIENTE - GENERAR,746,746_Higado_COLON.png,
4,ABDOMEN,Tronco,Abdomen,Zona Hepática,Ligamento Hepático - Riñón DER,Ligamento Hepático,Riñón DER,Virus,Adenovirus,,Par normal (dos puntos distintos),no,no,Torso sin camisa OK · No genitales visibles · Ropa interior en zona pélvica si aparece,vista frontal del abdomen mostrando órganos viscerales superpuestos,Manual Biomagnetismo - Tórax/Abdomen/Espalda,Tablas Holoacademia - Tronco,⏳ PENDIENTE - GENERAR,747,747_Ligamento_Hepatico_Rinon_DER.png,
4,ABDOMEN,Tronco,Abdomen,Zona Hepática,Perihepático - Perihepático,Perihepático,Perihepático,Bacteria,Morganella,,Mismo punto simple (un marcador),no,no,Torso sin camisa OK · No genitales visibles · Ropa interior en zona pélvica si aparece,vista frontal del abdomen mostrando órganos viscerales superpuestos,Manual Biomagnetismo - Tórax/Abdomen/Espalda,Tablas Holoacademia - Tronco,⏳ PENDIENTE - GENERAR,748,748_Perihepatico_Perihepatico.png,
4,ABDOMEN,Tronco,Abdomen,Zona Hepática,Costal - Costal,Costal,Costal,Bacteria,Proteus mirabilis,,Mismo punto simple (un marcador),no,no,Torso sin camisa OK · No genitales visibles · Ropa interior en zona pélvica si aparece,vista frontal del abdomen mostrando órganos viscerales superpuestos,Manual Biomagnetismo - Tórax/Abdomen/Espalda,Tablas Holoacademia - Tronco,⏳ PENDIENTE - GENERAR,749,749_Costal_Costal.png,
4,ABDOMEN,Tronco,Abdomen,Zona Hepática,Conducto Central Hepático - Mucosa del Colon Descendente,Conducto Central Hepático,Mucosa del Colon Descendente,,,,Par normal (dos puntos distintos),no,no,Torso sin camisa OK · No genitales visibles · Ropa interior en zona pélvica si aparece,vista frontal del abdomen mostrando órganos viscerales superpuestos,Manual Biomagnetismo - Tórax/Abdomen/Espalda,Tablas Holoacademia - Tronco,⏳ PENDIENTE - GENERAR,750,750_Conducto_Central_Hepatico_Mucosa_del_Colon_Descendente.png,
4,ABDOMEN,Tronco,Abdomen,Zona Hepática,Ligamento Hepático - Costohepático,Ligamento Hepático,Costohepático,Parásito,,,Par normal (dos puntos distintos),no,no,Torso sin camisa OK · No genitales visibles · Ropa interior en zona pélvica si aparece,vista frontal del abdomen mostrando órganos viscerales superpuestos,Manual Biomagnetismo - Tórax/Abdomen/Espalda,Tablas Holoacademia - Tronco,⏳ PENDIENTE - GENERAR,751,751_Ligamento_Hepatico_Costohepatico.png,
4,ABDOMEN,Tronco,Abdomen,Zona Hepática,Ligamento Hepático - Riñón Derecho,Ligamento Hepático,Riñón Derecho,Virus,Adenovirus,,Par normal (dos puntos distintos),no,no,Torso sin camisa OK · No genitales visibles · Ropa interior en zona pélvica si aparece,vista frontal del abdomen mostrando órganos viscerales superpuestos,Manual Biomagnetismo - Tórax/Abdomen/Espalda,Tablas Holoacademia - Tronco,⏳ PENDIENTE - GENERAR,752,752_Ligamento_Hepatico_Rinon_Derecho.png,
4,ABDOMEN,Tronco,Abdomen,Zona Hepática,Retrohepático - Retrohepático,Retrohepático,Retrohepático,Sin clasificar,DEL HERPES ZOSTER,,Mismo punto simple (un marcador),no,no,Torso sin camisa OK · No genitales visibles · Ropa interior en zona pélvica si aparece,vista frontal del abdomen mostrando órganos viscerales superpuestos,Manual Biomagnetismo - Tórax/Abdomen/Espalda,Tablas Holoacademia - Tronco,⏳ PENDIENTE - GENERAR,753,753_Retrohepatico_Retrohepatico.png,
4,ABDOMEN,Tronco,Abdomen,Zona Hepática,Retrohepático - Riñón Derecho,Retrohepático,Riñón Derecho,Sin clasificar,,,Par normal (dos puntos distintos),no,no,Torso sin camisa OK · No genitales visibles · Ropa interior en zona pélvica si aparece,vista frontal del abdomen mostrando órganos viscerales superpuestos,Manual Biomagnetismo - Tórax/Abdomen/Espalda,Tablas Holoacademia - Tronco,⏳ PENDIENTE - GENERAR,754,754_Retrohepatico_Rinon_Derecho.png,
4,ABDOMEN,Tronco,Abdomen,Zona Hepática,Peripancreático - Peripancreático,Peripancreático,Peripancreático,Virus,Rabla,,Mismo punto simple (un marcador),no,no,Torso sin camisa OK · No genitales visibles · Ropa interior en zona pélvica si aparece,vista frontal del abdomen mostrando órganos viscerales superpuestos,Manual Biomagnetismo - Tórax/Abdomen/Espalda,Tablas Holoacademia - Tronco,⏳ PENDIENTE - GENERAR,755,755_Peripancreatico_Peripancreatico.png,
4,ABDOMEN,Tronco,Abdomen,Zona Hepática,Subdiafragma - Subdiafragma,Subdiafragma,Subdiafragma,Reservorio,Cisticerco,,Mismo punto simple (un marcador),no,no,Torso sin camisa OK · No genitales visibles · Ropa interior en zona pélvica si aparece,vista frontal del abdomen mostrando órganos viscerales superpuestos,Manual Biomagnetismo - Tórax/Abdomen/Espalda,Tablas Holoacademia - Tronco,⏳ PENDIENTE - GENERAR,756,756_Subdiafragma_Subdiafragma.png,
4,ABDOMEN,Tronco,Abdomen,Zona Hepática,Subdiafragma - Riñón Lateral,Subdiafragma,Riñón Lateral,Sin clasificar,,,Par normal (dos puntos distintos),SÍ,no,Torso sin camisa OK · No genitales visibles · Ropa interior en zona pélvica si aparece,vista frontal del abdomen mostrando órganos viscerales superpuestos,Manual Biomagnetismo - Tórax/Abdomen/Espalda,Tablas Holoacademia - Tronco,⏳ PENDIENTE - GENERAR,757,757_Subdiafragma_Rinon_Lateral.png,
4,ABDOMEN,Tronco,Abdomen,Zona Hepática,Suprahepático - Suprahepático,Suprahepático,Suprahepático,Sin clasificar,Chlostrydium Malignum,,Mismo punto simple (un marcador),no,no,Torso sin camisa OK · No genitales visibles · Ropa interior en zona pélvica si aparece,vista frontal del abdomen mostrando órganos viscerales superpuestos,Manual Biomagnetismo - Tórax/Abdomen/Espalda,Tablas Holoacademia - Tronco,⏳ PENDIENTE - GENERAR,758,758_Suprahepatico_Suprahepatico.png,
4,ABDOMEN,Tronco,Abdomen,Zona Hepática,Costal - Costo Hepático,Costal,Costo Hepático,Bacteria,Borrelia (Espiroqueta),,Par normal (dos puntos distintos),no,no,Torso sin camisa OK · No genitales visibles · Ropa interior en zona pélvica si aparece,vista frontal del abdomen mostrando órganos viscerales superpuestos,Manual Biomagnetismo - Tórax/Abdomen/Espalda,Tablas Holoacademia - Tronco,⏳ PENDIENTE - GENERAR,759,759_Costal_Costo_Hepatico.png,
4,ABDOMEN,Tronco,Abdomen,Zona Hepática,Costal - Costo,Costal,Costo,Bacteria,Borrelia,,Par normal (dos puntos distintos),no,no,Torso sin camisa OK · No genitales visibles · Ropa interior en zona pélvica si aparece,vista frontal del abdomen mostrando órganos viscerales superpuestos,Manual Biomagnetismo - Tórax/Abdomen/Espalda,Tablas Holoacademia - Tronco,⏳ PENDIENTE - GENERAR,760,760_Costal_Costo.png,
4,ABDOMEN,Tronco,Abdomen,Vesícula,Vesícula - Vesícula,Vesícula,Vesícula,Reservorio,PRA DA,,Mismo punto simple (un marcador),no,no,Torso sin camisa OK · No genitales visibles · Ropa interior en zona pélvica si aparece,vista frontal del abdomen mostrando órganos viscerales superpuestos,Manual Biomagnetismo - Tórax/Abdomen/Espalda,Tablas Holoacademia - Tronco,✅ TIENE FICHA APROBADA,51,051_Vesicula_Vesicula.png,051_Vesicula_Vesicula.png
4,ABDOMEN,Tronco,Abdomen,Vesícula,Vesícula - Riñón DER,Vesícula,Riñón DER,,,,Par normal (dos puntos distintos),SÍ,no,Torso sin camisa OK · No genitales visibles · Ropa interior en zona pélvica si aparece,vista frontal del abdomen mostrando órganos viscerales superpuestos,Manual Biomagnetismo - Tórax/Abdomen/Espalda,Tablas Holoacademia - Tronco,✅ TIENE FICHA APROBADA,106,106_Vesicula_Rinon_derecho.png,106_Vesicula_Rinon_derecho.png
4,ABDOMEN,Tronco,Abdomen,Vesícula,Conducto de Vesícula - Riñón DER,Conducto de Vesícula,Riñón DER,Bacteria,Espir oque ta,,Par normal (dos puntos distintos),SÍ,no,Torso sin camisa OK · No genitales visibles · Ropa interior en zona pélvica si aparece,vista frontal del abdomen mostrando órganos viscerales superpuestos,Manual Biomagnetismo - Tórax/Abdomen/Espalda,Tablas Holoacademia - Tronco,⏳ PENDIENTE - GENERAR,761,761_Conducto_de_Vesicula_Rinon_DER.png,
4,ABDOMEN,Tronco,Abdomen,Vesícula,Vesícula - Riñón Derecho,Vesícula,Riñón Derecho,Virus,virus obacterias,,Par normal (dos puntos distintos),SÍ,no,Torso sin camisa OK · No genitales visibles · Ropa interior en zona pélvica si aparece,vista frontal del abdomen mostrando órganos viscerales superpuestos,Manual Biomagnetismo - Tórax/Abdomen/Espalda,Tablas Holoacademia - Tronco,⏳ PENDIENTE - GENERAR,762,762_Vesicula_Rinon_Derecho.png,
4,ABDOMEN,Tronco,Abdomen,Vesícula,Vesícula - Riñón,Vesícula,Riñón,Bacteria,Clostridium,,Par normal (dos puntos distintos),SÍ,no,Torso sin camisa OK · No genitales visibles · Ropa interior en zona pélvica si aparece,vista frontal del abdomen mostrando órganos viscerales superpuestos,Manual Biomagnetismo - Tórax/Abdomen/Espalda,Tablas Holoacademia - Tronco,⏳ PENDIENTE - GENERAR,763,763_Vesicula_Rinon.png,
4,ABDOMEN,Tronco,Abdomen,Vesícula,Vesícula - Cápsula Renal,Vesícula,Cápsula Renal,Bacteria,Eche richi aColli,,Par normal (dos puntos distintos),no,no,Torso sin camisa OK · No genitales visibles · Ropa interior en zona pélvica si aparece,vista frontal del abdomen mostrando órganos viscerales superpuestos,Manual Biomagnetismo - Tórax/Abdomen/Espalda,Tablas Holoacademia - Tronco,⏳ PENDIENTE - GENERAR,764,764_Vesicula_Capsula_Renal.png,
4,ABDOMEN,Tronco,Abdomen,Vesícula,Vesícula - Escápula,Vesícula,Escápula,Especial/Disfunción,Espe cial,,Par normal (dos puntos distintos),SÍ,no,Torso sin camisa OK · No genitales visibles · Ropa interior en zona pélvica si aparece,vista frontal del abdomen mostrando órganos viscerales superpuestos,Manual Biomagnetismo - Tórax/Abdomen/Espalda,Tablas Holoacademia - Tronco,⏳ PENDIENTE - GENERAR,765,765_Vesicula_Escapula.png,
4,ABDOMEN,Tronco,Abdomen,Vesícula,Vesícula - Uretra,Vesícula,Uretra,Virus,Papiloma virus,,Par normal (dos puntos distintos),no,SÍ,Licra negra ajustada + top negro si aplica · Sin desnudez · Estilo médico sobrio,vista frontal del abdomen mostrando órganos viscerales superpuestos,Manual Biomagnetismo - Tórax/Abdomen/Espalda,Tablas Holoacademia - Tronco,⏳ PENDIENTE - GENERAR,766,766_Vesicula_Uretra.png,
4,ABDOMEN,Tronco,Abdomen,Vesícula,Vesícula - Páncreas,Vesícula,Páncreas,,,,Par normal (dos puntos distintos),no,no,Torso sin camisa OK · No genitales visibles · Ropa interior en zona pélvica si aparece,vista frontal del abdomen mostrando órganos viscerales superpuestos,Manual Biomagnetismo - Tórax/Abdomen/Espalda,Tablas Holoacademia - Tronco,⏳ PENDIENTE - GENERAR,767,767_Vesicula_Pancreas.png,
4,ABDOMEN,Tronco,Abdomen,Vesícula,Vesícula - Escápula Izquierda,Vesícula,Escápula Izquierda,Disfunción,,,Par normal (dos puntos distintos),SÍ,no,Torso sin camisa OK · No genitales visibles · Ropa interior en zona pélvica si aparece,vista frontal del abdomen mostrando órganos viscerales superpuestos,Manual Biomagnetismo - Tórax/Abdomen/Espalda,Tablas Holoacademia - Tronco,⏳ PENDIENTE - GENERAR,768,768_Vesicula_Escapula_Izquierda.png,
4,ABDOMEN,Tronco,Abdomen,Bazo,Bazo Horizontal - Bazo Horizontal,Bazo Horizontal,Bazo Horizontal,,,,Mismo punto simple (un marcador),no,no,Torso sin camisa OK · No genitales visibles · Ropa interior en zona pélvica si aparece,vista frontal del abdomen mostrando órganos viscerales superpuestos,Manual Biomagnetismo - Tórax/Abdomen/Espalda,Tablas Holoacademia - Tronco,⏳ PENDIENTE - GENERAR,769,769_Bazo_Horizontal_Bazo_Horizontal.png,
4,ABDOMEN,Tronco,Abdomen,Bazo,Bazo Vertical - Bazo Vertical,Bazo Vertical,Bazo Vertical,,,,Mismo punto simple (un marcador),no,no,Torso sin camisa OK · No genitales visibles · Ropa interior en zona pélvica si aparece,vista frontal del abdomen mostrando órganos viscerales superpuestos,Manual Biomagnetismo - Tórax/Abdomen/Espalda,Tablas Holoacademia - Tronco,⏳ PENDIENTE - GENERAR,770,770_Bazo_Vertical_Bazo_Vertical.png,
4,ABDOMEN,Tronco,Abdomen,Bazo,Bazo - Hipotálamo,Bazo,Hipotálamo,Emocional/Psicoemocional,,,Par normal (dos puntos distintos),SÍ,no,Torso sin camisa OK · No genitales visibles · Ropa interior en zona pélvica si aparece,vista frontal del abdomen mostrando órganos viscerales superpuestos,Manual Biomagnetismo - Tórax/Abdomen/Espalda,Tablas Holoacademia - Tronco,⏳ PENDIENTE - GENERAR,771,771_Bazo_Hipotalamo.png,
4,ABDOMEN,Tronco,Abdomen,Bazo,Bazo - Duodeno,Bazo,Duodeno,Especial/Disfunción,LEUCEMI A,,Par normal (dos puntos distintos),no,no,Torso sin camisa OK · No genitales visibles · Ropa interior en zona pélvica si aparece,vista frontal del abdomen mostrando órganos viscerales superpuestos,Manual Biomagnetismo - Tórax/Abdomen/Espalda,Tablas Holoacademia - Tronco,✅ TIENE FICHA APROBADA,76,076_Bazo_Duodeno.png,076_Bazo_Duodeno.png
4,ABDOMEN,Tronco,Abdomen,Bazo,Bazo - Pulmón Izquierdo,Bazo,Pulmón Izquierdo,Bacteria,Treponema RESERVORIO,,Par normal (dos puntos distintos),SÍ,no,Torso sin camisa OK · No genitales visibles · Ropa interior en zona pélvica si aparece,vista frontal del abdomen mostrando órganos viscerales superpuestos,Manual Biomagnetismo - Tórax/Abdomen/Espalda,Tablas Holoacademia - Tronco,⏳ PENDIENTE - GENERAR,772,772_Bazo_Pulmon_Izquierdo.png,
4,ABDOMEN,Tronco,Abdomen,Bazo,Costo Diafragmático - Costo Diafragmático,Costo Diafragmático,Costo Diafragmático,Bacteria,"Tryp anos oma cruzi, Tryp anos omia sis",,Mismo punto simple (un marcador),no,no,Torso sin camisa OK · No genitales visibles · Ropa interior en zona pélvica si aparece,vista frontal del abdomen mostrando órganos viscerales superpuestos,Manual Biomagnetismo - Tórax/Abdomen/Espalda,Tablas Holoacademia - Tronco,⏳ PENDIENTE - GENERAR,773,773_Costo_Diafragmatico_Costo_Diafragmatico.png,
4,ABDOMEN,Tronco,Abdomen,Bazo,Bazo - Bazo,Bazo,Bazo,Bacteria,Yersinia pestis,,Mismo punto simple (un marcador),no,no,Torso sin camisa OK · No genitales visibles · Ropa interior en zona pélvica si aparece,vista frontal del abdomen mostrando órganos viscerales superpuestos,Manual Biomagnetismo - Tórax/Abdomen/Espalda,Tablas Holoacademia - Tronco,⏳ PENDIENTE - GENERAR,774,774_Bazo_Bazo.png,
4,ABDOMEN,Tronco,Abdomen,Bazo,Bazo - Riñón,Bazo,Riñón,Bacteria,Brucella,,Par normal (dos puntos distintos),SÍ,no,Torso sin camisa OK · No genitales visibles · Ropa interior en zona pélvica si aparece,vista frontal del abdomen mostrando órganos viscerales superpuestos,Manual Biomagnetismo - Tórax/Abdomen/Espalda,Tablas Holoacademia - Tronco,⏳ PENDIENTE - GENERAR,775,775_Bazo_Rinon.png,
4,ABDOMEN,Tronco,Abdomen,Bazo,Bazo - Suprarrenales,Bazo,Suprarrenales,Virus,Rotavirus,,Par normal (dos puntos distintos),SÍ,no,Torso sin camisa OK · No genitales visibles · Ropa interior en zona pélvica si aparece,vista frontal del abdomen mostrando órganos viscerales superpuestos,Manual Biomagnetismo - Tórax/Abdomen/Espalda,Tablas Holoacademia - Tronco,⏳ PENDIENTE - GENERAR,776,776_Bazo_Suprarrenales.png,
4,ABDOMEN,Tronco,Abdomen,Bazo,Bazo - Vejiga,Bazo,Vejiga,Parásito,Parásito intestinal no,,Par normal (dos puntos distintos),no,no,Torso sin camisa OK · No genitales visibles · Ropa interior en zona pélvica si aparece,vista frontal del abdomen mostrando órganos viscerales superpuestos,Manual Biomagnetismo - Tórax/Abdomen/Espalda,Tablas Holoacademia - Tronco,⏳ PENDIENTE - GENERAR,777,777_Bazo_Vejiga.png,
4,ABDOMEN,Tronco,Abdomen,Bazo,Bazo Bazo - Yersinia Pestis,Bazo Bazo,Yersinia Pestis,,,,Par normal (dos puntos distintos),no,no,Torso sin camisa OK · No genitales visibles · Ropa interior en zona pélvica si aparece,vista frontal del abdomen mostrando órganos viscerales superpuestos,Manual Biomagnetismo - Tórax/Abdomen/Espalda,Tablas Holoacademia - Tronco,⏳ PENDIENTE - GENERAR,778,778_Bazo_Bazo_Yersinia_Pestis.png,
4,ABDOMEN,Tronco,Abdomen,Bazo,Bazo Bazo - Leucemia,Bazo Bazo,Leucemia,,,,Par normal (dos puntos distintos),no,no,Torso sin camisa OK · No genitales visibles · Ropa interior en zona pélvica si aparece,vista frontal del abdomen mostrando órganos viscerales superpuestos,Manual Biomagnetismo - Tórax/Abdomen/Espalda,Tablas Holoacademia - Tronco,⏳ PENDIENTE - GENERAR,779,779_Bazo_Bazo_Leucemia.png,
4,ABDOMEN,Tronco,Abdomen,Bazo,Bazo Hígado - Brucella Abortus,Bazo Hígado,Brucella Abortus,,,,Par normal (dos puntos distintos),no,no,Torso sin camisa OK · No genitales visibles · Ropa interior en zona pélvica si aparece,vista frontal del abdomen mostrando órganos viscerales superpuestos,Manual Biomagnetismo - Tórax/Abdomen/Espalda,Tablas Holoacademia - Tronco,⏳ PENDIENTE - GENERAR,780,780_Bazo_Higado_Brucella_Abortus.png,
4,ABDOMEN,Tronco,Abdomen,Bazo,Bazo Punta del Páncreas - Verruga,Bazo Punta del Páncreas,Verruga,,,,Par normal (dos puntos distintos),no,no,Torso sin camisa OK · No genitales visibles · Ropa interior en zona pélvica si aparece,vista frontal del abdomen mostrando órganos viscerales superpuestos,Manual Biomagnetismo - Tórax/Abdomen/Espalda,Tablas Holoacademia - Tronco,⏳ PENDIENTE - GENERAR,781,781_Bazo_Punta_del_Pancreas_Verruga.png,
4,ABDOMEN,Tronco,Abdomen,Bazo,Bazo - Bazo Horizontal Yersinia,Bazo,Bazo Horizontal Yersinia,,,,Par normal (dos puntos distintos),no,no,Torso sin camisa OK · No genitales visibles · Ropa interior en zona pélvica si aparece,vista frontal del abdomen mostrando órganos viscerales superpuestos,Manual Biomagnetismo - Tórax/Abdomen/Espalda,Tablas Holoacademia - Tronco,⏳ PENDIENTE - GENERAR,782,782_Bazo_Bazo_Horizontal_Yersinia.png,
4,ABDOMEN,Tronco,Abdomen,Bazo,Bazo - Bazo Vertical Leucemia,Bazo,Bazo Vertical Leucemia,,,,Par normal (dos puntos distintos),no,no,Torso sin camisa OK · No genitales visibles · Ropa interior en zona pélvica si aparece,vista frontal del abdomen mostrando órganos viscerales superpuestos,Manual Biomagnetismo - Tórax/Abdomen/Espalda,Tablas Holoacademia - Tronco,⏳ PENDIENTE - GENERAR,783,783_Bazo_Bazo_Vertical_Leucemia.png,
4,ABDOMEN,Tronco,Abdomen,Bazo,Bazo - Punta de Páncreas,Bazo,Punta de Páncreas,Virus,virus papil omav,,Par normal (dos puntos distintos),no,no,Torso sin camisa OK · No genitales visibles · Ropa interior en zona pélvica si aparece,vista frontal del abdomen mostrando órganos viscerales superpuestos,Manual Biomagnetismo - Tórax/Abdomen/Espalda,Tablas Holoacademia - Tronco,⏳ PENDIENTE - GENERAR,784,784_Bazo_Punta_de_Pancreas.png,
4,ABDOMEN,Tronco,Abdomen,Bazo,Bazo - Páncreas,Bazo,Páncreas,Sin clasificar,Equinococcus Granulosus,,Par normal (dos puntos distintos),no,no,Torso sin camisa OK · No genitales visibles · Ropa interior en zona pélvica si aparece,vista frontal del abdomen mostrando órganos viscerales superpuestos,Manual Biomagnetismo - Tórax/Abdomen/Espalda,Tablas Holoacademia - Tronco,⏳ PENDIENTE - GENERAR,785,785_Bazo_Pancreas.png,
4,ABDOMEN,Tronco,Abdomen,Bazo,Duodeno - Bazo,Duodeno,Bazo,Especial/Disfunción,LEUCEMI A,,Par normal (dos puntos distintos),no,no,Torso sin camisa OK · No genitales visibles · Ropa interior en zona pélvica si aparece,vista frontal del abdomen mostrando órganos viscerales superpuestos,Manual Biomagnetismo - Tórax/Abdomen/Espalda,Tablas Holoacademia - Tronco,⏳ PENDIENTE - GENERAR,786,786_Duodeno_Bazo.png,
4,ABDOMEN,Tronco,Abdomen,Bazo,Estómago - Bazo,Estómago,Bazo,Especial/Disfunción,,,Par normal (dos puntos distintos),no,no,Torso sin camisa OK · No genitales visibles · Ropa interior en zona pélvica si aparece,vista frontal del abdomen mostrando órganos viscerales superpuestos,Manual Biomagnetismo - Tórax/Abdomen/Espalda,Tablas Holoacademia - Tronco,⏳ PENDIENTE - GENERAR,787,787_Estomago_Bazo.png,
4,ABDOMEN,Tronco,Abdomen,Bazo,Páncreas - Bazo,Páncreas,Bazo,Sin clasificar,Equinococcus Granulosus,,Par normal (dos puntos distintos),no,no,Torso sin camisa OK · No genitales visibles · Ropa interior en zona pélvica si aparece,vista frontal del abdomen mostrando órganos viscerales superpuestos,Manual Biomagnetismo - Tórax/Abdomen/Espalda,Tablas Holoacademia - Tronco,⏳ PENDIENTE - GENERAR,788,788_Pancreas_Bazo.png,
4,ABDOMEN,Tronco,Abdomen,Bazo,Bazo - Bazo (Vertical),Bazo,Bazo (Vertical),,,,Par normal (dos puntos distintos),no,no,Torso sin camisa OK · No genitales visibles · Ropa interior en zona pélvica si aparece,vista frontal del abdomen mostrando órganos viscerales superpuestos,Manual Biomagnetismo - Tórax/Abdomen/Espalda,Tablas Holoacademia - Tronco,⏳ PENDIENTE - GENERAR,789,789_Bazo_Bazo_Vertical.png,
4,ABDOMEN,Tronco,Abdomen,Bazo,Bazo - Bazo (Horizontal),Bazo,Bazo (Horizontal),,,,Par normal (dos puntos distintos),no,no,Torso sin camisa OK · No genitales visibles · Ropa interior en zona pélvica si aparece,vista frontal del abdomen mostrando órganos viscerales superpuestos,Manual Biomagnetismo - Tórax/Abdomen/Espalda,Tablas Holoacademia - Tronco,⏳ PENDIENTE - GENERAR,790,790_Bazo_Bazo_Horizontal.png,
4,ABDOMEN,Tronco,Abdomen,Bazo,Bazo - Costo-Diafragmático,Bazo,Costo,,,,Par normal (dos puntos distintos),no,no,Torso sin camisa OK · No genitales visibles · Ropa interior en zona pélvica si aparece,vista frontal del abdomen mostrando órganos viscerales superpuestos,Manual Biomagnetismo - Tórax/Abdomen/Espalda,Tablas Holoacademia - Tronco,⏳ PENDIENTE - GENERAR,791,791_Bazo_Costo_Diafragmatico.png,
4,ABDOMEN,Tronco,Abdomen,Bazo,Costo Diafragmático - Costo,Costo Diafragmático,Costo,Sin clasificar,,,Par normal (dos puntos distintos),no,no,Torso sin camisa OK · No genitales visibles · Ropa interior en zona pélvica si aparece,vista frontal del abdomen mostrando órganos viscerales superpuestos,Manual Biomagnetismo - Tórax/Abdomen/Espalda,Tablas Holoacademia - Tronco,⏳ PENDIENTE - GENERAR,792,792_Costo_Diafragmatico_Costo.png,
4,ABDOMEN,Tronco,Abdomen,Bazo,Ojo Derecho - Bazo,Ojo Derecho,Bazo,Sin clasificar,,,Par normal (dos puntos distintos),SÍ,no,Torso sin camisa OK · No genitales visibles · Ropa interior en zona pélvica si aparece,vista frontal del abdomen mostrando órganos viscerales superpuestos,Manual Biomagnetismo - Tórax/Abdomen/Espalda,Tablas Holoacademia - Tronco,⏳ PENDIENTE - GENERAR,793,793_Ojo_Derecho_Bazo.png,
4,ABDOMEN,Tronco,Abdomen,Bazo,Sacro - Bazo,Sacro,Bazo,Reservorio,,,Par normal (dos puntos distintos),no,SÍ,Licra negra ajustada + top negro si aplica · Sin desnudez · Estilo médico sobrio,vista frontal del abdomen mostrando órganos viscerales superpuestos,Manual Biomagnetismo - Tórax/Abdomen/Espalda,Tablas Holoacademia - Tronco,⏳ PENDIENTE - GENERAR,794,794_Sacro_Bazo.png,
4,ABDOMEN,Tronco,Abdomen,Bazo,Vesícula - Bazo,Vesícula,Bazo,Virus,AH1N7,,Par normal (dos puntos distintos),no,no,Torso sin camisa OK · No genitales visibles · Ropa interior en zona pélvica si aparece,vista frontal del abdomen mostrando órganos viscerales superpuestos,Manual Biomagnetismo - Tórax/Abdomen/Espalda,Tablas Holoacademia - Tronco,⏳ PENDIENTE - GENERAR,795,795_Vesicula_Bazo.png,
4,ABDOMEN,Tronco,Abdomen,Páncreas,Cabeza de Páncreas - Suprarrenal,Cabeza de Páncreas,Suprarrenal,,,,Par normal (dos puntos distintos),SÍ,no,Torso sin camisa OK · No genitales visibles · Ropa interior en zona pélvica si aparece,vista frontal del abdomen mostrando órganos viscerales superpuestos,Manual Biomagnetismo - Tórax/Abdomen/Espalda,Tablas Holoacademia - Tronco,⏳ PENDIENTE - GENERAR,796,796_Cabeza_de_Pancreas_Suprarrenal.png,
4,ABDOMEN,Tronco,Abdomen,Páncreas,Cuerpo de Páncreas - Cola de Páncreas,Cuerpo de Páncreas,Cola de Páncreas,Sin clasificar,"Ramsés, Adenovirus 36",,Par normal (dos puntos distintos),no,no,Torso sin camisa OK · No genitales visibles · Ropa interior en zona pélvica si aparece,vista frontal del abdomen mostrando órganos viscerales superpuestos,Manual Biomagnetismo - Tórax/Abdomen/Espalda,Tablas Holoacademia - Tronco,⏳ PENDIENTE - GENERAR,797,797_Cuerpo_de_Pancreas_Cola_de_Pancreas.png,
4,ABDOMEN,Tronco,Abdomen,Páncreas,Punta de Páncreas - Bazo,Punta de Páncreas,Bazo,Virus,virus papil omav,,Par normal (dos puntos distintos),no,no,Torso sin camisa OK · No genitales visibles · Ropa interior en zona pélvica si aparece,vista frontal del abdomen mostrando órganos viscerales superpuestos,Manual Biomagnetismo - Tórax/Abdomen/Espalda,Tablas Holoacademia - Tronco,⏳ PENDIENTE - GENERAR,798,798_Punta_de_Pancreas_Bazo.png,
4,ABDOMEN,Tronco,Abdomen,Páncreas,Punta de Páncreas - Riñón IZQ,Punta de Páncreas,Riñón IZQ,Especial/Disfunción,Espe cial,,Par normal (dos puntos distintos),SÍ,no,Torso sin camisa OK · No genitales visibles · Ropa interior en zona pélvica si aparece,vista frontal del abdomen mostrando órganos viscerales superpuestos,Manual Biomagnetismo - Tórax/Abdomen/Espalda,Tablas Holoacademia - Tronco,⏳ PENDIENTE - GENERAR,799,799_Punta_de_Pancreas_Rinon_IZQ.png,
4,ABDOMEN,Tronco,Abdomen,Páncreas,Ligamento Pancreático - Bazo,Ligamento Pancreático,Bazo,Virus,Virus delNilo,,Par normal (dos puntos distintos),no,no,Torso sin camisa OK · No genitales visibles · Ropa interior en zona pélvica si aparece,vista frontal del abdomen mostrando órganos viscerales superpuestos,Manual Biomagnetismo - Tórax/Abdomen/Espalda,Tablas Holoacademia - Tronco,⏳ PENDIENTE - GENERAR,800,800_Ligamento_Pancreatico_Bazo.png,
4,ABDOMEN,Tronco,Abdomen,Páncreas,Ligamento Pancreático - Colon Descendente,Ligamento Pancreático,Colon Descendente,Bacteria,Pasteurella Picornaviridae,,Par normal (dos puntos distintos),no,no,Torso sin camisa OK · No genitales visibles · Ropa interior en zona pélvica si aparece,vista frontal del abdomen mostrando órganos viscerales superpuestos,Manual Biomagnetismo - Tórax/Abdomen/Espalda,Tablas Holoacademia - Tronco,⏳ PENDIENTE - GENERAR,801,801_Ligamento_Pancreatico_Colon_Descendente.png,
4,ABDOMEN,Tronco,Abdomen,Páncreas,Conducto de Páncreas - Riñón IZQ,Conducto de Páncreas,Riñón IZQ,Bacteria,Espiroqueta,,Par normal (dos puntos distintos),SÍ,no,Torso sin camisa OK · No genitales visibles · Ropa interior en zona pélvica si aparece,vista frontal del abdomen mostrando órganos viscerales superpuestos,Manual Biomagnetismo - Tórax/Abdomen/Espalda,Tablas Holoacademia - Tronco,✅ TIENE FICHA APROBADA,85,085_Conducto_de_pancreas_rinon_izquierdo.png,085_Conducto_de_pancreas_rinon_izquierdo.png
4,ABDOMEN,Tronco,Abdomen,Páncreas,Cola de Páncreas - Colon Descendente,Cola de Páncreas,Colon Descendente,Parásito,Anisakis,,Par normal (dos puntos distintos),no,no,Torso sin camisa OK · No genitales visibles · Ropa interior en zona pélvica si aparece,vista frontal del abdomen mostrando órganos viscerales superpuestos,Manual Biomagnetismo - Tórax/Abdomen/Espalda,Tablas Holoacademia - Tronco,⏳ PENDIENTE - GENERAR,802,802_Cola_de_Pancreas_Colon_Descendente.png,
4,ABDOMEN,Tronco,Abdomen,Páncreas,Cola de Páncreas - Punta de Páncreas,Cola de Páncreas,Punta de Páncreas,Virus,Verru gas,,Par normal (dos puntos distintos),no,no,Torso sin camisa OK · No genitales visibles · Ropa interior en zona pélvica si aparece,vista frontal del abdomen mostrando órganos viscerales superpuestos,Manual Biomagnetismo - Tórax/Abdomen/Espalda,Tablas Holoacademia - Tronco,⏳ PENDIENTE - GENERAR,803,803_Cola_de_Pancreas_Punta_de_Pancreas.png,
4,ABDOMEN,Tronco,Abdomen,Páncreas,Cola de Páncreas - Riñón Ipsilateral,Cola de Páncreas,Riñón Ipsilateral,Especial/Disfunción,,,Par normal (dos puntos distintos),SÍ,no,Torso sin camisa OK · No genitales visibles · Ropa interior en zona pélvica si aparece,vista frontal del abdomen mostrando órganos viscerales superpuestos,Manual Biomagnetismo - Tórax/Abdomen/Espalda,Tablas Holoacademia - Tronco,⏳ PENDIENTE - GENERAR,804,804_Cola_de_Pancreas_Rinon_Ipsilateral.png,
4,ABDOMEN,Tronco,Abdomen,Páncreas,Cola de Páncreas - Riñón Izquierdo,Cola de Páncreas,Riñón Izquierdo,Bacteria,Chlostrydium Botulinum,,Par normal (dos puntos distintos),SÍ,no,Torso sin camisa OK · No genitales visibles · Ropa interior en zona pélvica si aparece,vista frontal del abdomen mostrando órganos viscerales superpuestos,Manual Biomagnetismo - Tórax/Abdomen/Espalda,Tablas Holoacademia - Tronco,✅ TIENE FICHA APROBADA,82,082_Cola_de_pancreas_Rinon_izq.png,082_Cola_de_pancreas_Rinon_izq.png
4,ABDOMEN,Tronco,Abdomen,Páncreas,Cabeza de Páncreas - Pleura,Cabeza de Páncreas,Pleura,Hongo,Cándida,,Par normal (dos puntos distintos),SÍ,no,Torso sin camisa OK · No genitales visibles · Ropa interior en zona pélvica si aparece,vista frontal del abdomen mostrando órganos viscerales superpuestos,Manual Biomagnetismo - Tórax/Abdomen/Espalda,Tablas Holoacademia - Tronco,⏳ PENDIENTE - GENERAR,805,805_Cabeza_de_Pancreas_Pleura.png,
4,ABDOMEN,Tronco,Abdomen,Páncreas,Cabeza de Páncreas - Punta de Páncreas,Cabeza de Páncreas,Punta de Páncreas,,,,Par normal (dos puntos distintos),no,no,Torso sin camisa OK · No genitales visibles · Ropa interior en zona pélvica si aparece,vista frontal del abdomen mostrando órganos viscerales superpuestos,Manual Biomagnetismo - Tórax/Abdomen/Espalda,Tablas Holoacademia - Tronco,⏳ PENDIENTE - GENERAR,806,806_Cabeza_de_Pancreas_Punta_de_Pancreas.png,
4,ABDOMEN,Tronco,Abdomen,Páncreas,Cabeza de Páncreas - Suprarrenales,Cabeza de Páncreas,Suprarrenales,Bacteria,Estafilococo aureus,,Par normal (dos puntos distintos),SÍ,no,Torso sin camisa OK · No genitales visibles · Ropa interior en zona pélvica si aparece,vista frontal del abdomen mostrando órganos viscerales superpuestos,Manual Biomagnetismo - Tórax/Abdomen/Espalda,Tablas Holoacademia - Tronco,⏳ PENDIENTE - GENERAR,807,807_Cabeza_de_Pancreas_Suprarrenales.png,
4,ABDOMEN,Tronco,Abdomen,Páncreas,Cabeza de Páncreas - Vejiga Izquierda,Cabeza de Páncreas,Vejiga Izquierda,Disfunción,,,Par normal (dos puntos distintos),no,no,Torso sin camisa OK · No genitales visibles · Ropa interior en zona pélvica si aparece,vista frontal del abdomen mostrando órganos viscerales superpuestos,Manual Biomagnetismo - Tórax/Abdomen/Espalda,Tablas Holoacademia - Tronco,⏳ PENDIENTE - GENERAR,808,808_Cabeza_de_Pancreas_Vejiga_Izquierda.png,
4,ABDOMEN,Tronco,Abdomen,Páncreas,Cabeza Páncreas - Suprarrenales Staphylococcus,Cabeza Páncreas,Suprarrenales Staphylococcus,,,,Par normal (dos puntos distintos),SÍ,no,Torso sin camisa OK · No genitales visibles · Ropa interior en zona pélvica si aparece,vista frontal del abdomen mostrando órganos viscerales superpuestos,Manual Biomagnetismo - Tórax/Abdomen/Espalda,Tablas Holoacademia - Tronco,⏳ PENDIENTE - GENERAR,809,809_Cabeza_Pancreas_Suprarrenales_Staphylococcus.png,
4,ABDOMEN,Tronco,Abdomen,Páncreas,Cabeza de Páncreas - Páncreas,Cabeza de Páncreas,Páncreas,Disfunción,,,Par normal (dos puntos distintos),no,no,Torso sin camisa OK · No genitales visibles · Ropa interior en zona pélvica si aparece,vista frontal del abdomen mostrando órganos viscerales superpuestos,Manual Biomagnetismo - Tórax/Abdomen/Espalda,Tablas Holoacademia - Tronco,⏳ PENDIENTE - GENERAR,810,810_Cabeza_de_Pancreas_Pancreas.png,
4,ABDOMEN,Tronco,Abdomen,Páncreas,Páncreas - Estómago,Páncreas,Estómago,Disfunción,,,Par normal (dos puntos distintos),no,no,Torso sin camisa OK · No genitales visibles · Ropa interior en zona pélvica si aparece,vista frontal del abdomen mostrando órganos viscerales superpuestos,Manual Biomagnetismo - Tórax/Abdomen/Espalda,Tablas Holoacademia - Tronco,⏳ PENDIENTE - GENERAR,811,811_Pancreas_Estomago.png,
4,ABDOMEN,Tronco,Abdomen,Páncreas,Páncreas - Páncreas,Páncreas,Páncreas,Virus,I ntoxicación por metales pesados. Pancreatitis. Se produce una toxina (metales como mercurio o plomo)que genera un estado psicológico en el paciente con conductas atípicas afectando al SNC Se asocia con la faciola hepática,,Mismo punto simple (un marcador),no,no,Torso sin camisa OK · No genitales visibles · Ropa interior en zona pélvica si aparece,vista frontal del abdomen mostrando órganos viscerales superpuestos,Manual Biomagnetismo - Tórax/Abdomen/Espalda,Tablas Holoacademia - Tronco,⏳ PENDIENTE - GENERAR,812,812_Pancreas_Pancreas.png,
4,ABDOMEN,Tronco,Abdomen,Páncreas,Páncreas - Duodeno,Páncreas,Duodeno,Parásito,Anisakis,,Par normal (dos puntos distintos),no,no,Torso sin camisa OK · No genitales visibles · Ropa interior en zona pélvica si aparece,vista frontal del abdomen mostrando órganos viscerales superpuestos,Manual Biomagnetismo - Tórax/Abdomen/Espalda,Tablas Holoacademia - Tronco,⏳ PENDIENTE - GENERAR,813,813_Pancreas_Duodeno.png,
4,ABDOMEN,Tronco,Abdomen,Páncreas,Páncreas - Hígado,Páncreas,Hígado,Especial/Disfunción,,,Par normal (dos puntos distintos),no,no,Torso sin camisa OK · No genitales visibles · Ropa interior en zona pélvica si aparece,vista frontal del abdomen mostrando órganos viscerales superpuestos,Manual Biomagnetismo - Tórax/Abdomen/Espalda,Tablas Holoacademia - Tronco,⏳ PENDIENTE - GENERAR,814,814_Pancreas_Higado.png,
4,ABDOMEN,Tronco,Abdomen,Páncreas,Páncreas - Suprarrenales,Páncreas,Suprarrenales,Virus,Paramoxivirus,,Par normal (dos puntos distintos),SÍ,no,Torso sin camisa OK · No genitales visibles · Ropa interior en zona pélvica si aparece,vista frontal del abdomen mostrando órganos viscerales superpuestos,Manual Biomagnetismo - Tórax/Abdomen/Espalda,Tablas Holoacademia - Tronco,⏳ PENDIENTE - GENERAR,815,815_Pancreas_Suprarrenales.png,
4,ABDOMEN,Tronco,Abdomen,Páncreas,Punta de Páncreas - Riñón Izquierdo,Punta de Páncreas,Riñón Izquierdo,Especial/Disfunción,,,Par normal (dos puntos distintos),SÍ,no,Torso sin camisa OK · No genitales visibles · Ropa interior en zona pélvica si aparece,vista frontal del abdomen mostrando órganos viscerales superpuestos,Manual Biomagnetismo - Tórax/Abdomen/Espalda,Tablas Holoacademia - Tronco,⏳ PENDIENTE - GENERAR,816,816_Punta_de_Pancreas_Rinon_Izquierdo.png,
4,ABDOMEN,Tronco,Abdomen,Páncreas,Suprarrenal - Páncreas,Suprarrenal,Páncreas,Virus,Influenza,,Par normal (dos puntos distintos),SÍ,no,Torso sin camisa OK · No genitales visibles · Ropa interior en zona pélvica si aparece,vista frontal del abdomen mostrando órganos viscerales superpuestos,Manual Biomagnetismo - Tórax/Abdomen/Espalda,Tablas Holoacademia - Tronco,⏳ PENDIENTE - GENERAR,817,817_Suprarrenal_Pancreas.png,
4,ABDOMEN,Tronco,Abdomen,Páncreas,Páncreas - Glúteo,Páncreas,Glúteo,Sin clasificar,,,Par normal (dos puntos distintos),no,SÍ,Licra negra ajustada + top negro si aplica · Sin desnudez · Estilo médico sobrio,vista frontal del abdomen mostrando órganos viscerales superpuestos,Manual Biomagnetismo - Tórax/Abdomen/Espalda,Tablas Holoacademia - Tronco,⏳ PENDIENTE - GENERAR,818,818_Pancreas_Gluteo.png,
4,ABDOMEN,Tronco,Abdomen,Páncreas,Páncreas - Riñón Derecho,Páncreas,Riñón Derecho,Bacteria,Escherichia coli,,Par normal (dos puntos distintos),SÍ,no,Torso sin camisa OK · No genitales visibles · Ropa interior en zona pélvica si aparece,vista frontal del abdomen mostrando órganos viscerales superpuestos,Manual Biomagnetismo - Tórax/Abdomen/Espalda,Tablas Holoacademia - Tronco,⏳ PENDIENTE - GENERAR,819,819_Pancreas_Rinon_Derecho.png,
4,ABDOMEN,Tronco,Abdomen,Páncreas,Páncreas - Útero,Páncreas,Útero,Sin clasificar,,,Par normal (dos puntos distintos),no,SÍ,Licra negra ajustada + top negro si aplica · Sin desnudez · Estilo médico sobrio,vista frontal del abdomen mostrando órganos viscerales superpuestos,Manual Biomagnetismo - Tórax/Abdomen/Espalda,Tablas Holoacademia - Tronco,⏳ PENDIENTE - GENERAR,820,820_Pancreas_Utero.png,
4,ABDOMEN,Tronco,Abdomen,Ombligo,Epiplón - Epiplón,Epiplón,Epiplón,Bacteria,Staphylococcus albus,,Mismo punto simple (un marcador),no,no,Torso sin camisa OK · No genitales visibles · Ropa interior en zona pélvica si aparece,vista frontal del abdomen mostrando órganos viscerales superpuestos,Manual Biomagnetismo - Tórax/Abdomen/Espalda,Tablas Holoacademia - Tronco,✅ TIENE FICHA APROBADA,34,034_Epiplon_epiplon.png,034_Epiplon_epiplon.png
4,ABDOMEN,Tronco,Abdomen,Ombligo,Uretero - Uretero,Uretero,Uretero,Virus,Varicela,,Mismo punto simple (un marcador),no,no,Torso sin camisa OK · No genitales visibles · Ropa interior en zona pélvica si aparece,vista frontal del abdomen mostrando órganos viscerales superpuestos,Manual Biomagnetismo - Tórax/Abdomen/Espalda,Tablas Holoacademia - Tronco,⏳ PENDIENTE - GENERAR,821,821_Uretero_Uretero.png,
4,ABDOMEN,Tronco,Abdomen,Ombligo,Uretero RAS - Riñón RAS,Uretero RAS,Riñón RAS,,,,Par normal (dos puntos distintos),SÍ,no,Torso sin camisa OK · No genitales visibles · Ropa interior en zona pélvica si aparece,vista frontal del abdomen mostrando órganos viscerales superpuestos,Manual Biomagnetismo - Tórax/Abdomen/Espalda,Tablas Holoacademia - Tronco,⏳ PENDIENTE - GENERAR,822,822_Uretero_RAS_Rinon_RAS.png,
4,ABDOMEN,Tronco,Abdomen,Ombligo,Duodeno - Duodeno,Duodeno,Duodeno,Disfunción,Disfu nció nDuod enal,,Mismo punto simple (un marcador),no,no,Torso sin camisa OK · No genitales visibles · Ropa interior en zona pélvica si aparece,vista frontal del abdomen mostrando órganos viscerales superpuestos,Manual Biomagnetismo - Tórax/Abdomen/Espalda,Tablas Holoacademia - Tronco,⏳ PENDIENTE - GENERAR,823,823_Duodeno_Duodeno.png,
4,ABDOMEN,Tronco,Abdomen,Ombligo,Duodeno - Riñón DER,Duodeno,Riñón DER,,Diab etes Mellit us Verd ader a,,Par normal (dos puntos distintos),SÍ,no,Torso sin camisa OK · No genitales visibles · Ropa interior en zona pélvica si aparece,vista frontal del abdomen mostrando órganos viscerales superpuestos,Manual Biomagnetismo - Tórax/Abdomen/Espalda,Tablas Holoacademia - Tronco,⏳ PENDIENTE - GENERAR,824,824_Duodeno_Rinon_DER.png,
4,ABDOMEN,Tronco,Abdomen,Ombligo,Duodeno - Riñón IZQ,Duodeno,Riñón IZQ,Bacteria,Chla mydi a Trac hom atis,,Par normal (dos puntos distintos),SÍ,no,Torso sin camisa OK · No genitales visibles · Ropa interior en zona pélvica si aparece,vista frontal del abdomen mostrando órganos viscerales superpuestos,Manual Biomagnetismo - Tórax/Abdomen/Espalda,Tablas Holoacademia - Tronco,✅ TIENE FICHA APROBADA,10,010_Duodeno_Rinon_Izquierdo.png,010_Duodeno_Rinon_Izquierdo.png
4,ABDOMEN,Tronco,Abdomen,Ombligo,Epiplón - Epiplón Staphylococcus,Epiplón,Epiplón Staphylococcus,,,,Par normal (dos puntos distintos),no,no,Torso sin camisa OK · No genitales visibles · Ropa interior en zona pélvica si aparece,vista frontal del abdomen mostrando órganos viscerales superpuestos,Manual Biomagnetismo - Tórax/Abdomen/Espalda,Tablas Holoacademia - Tronco,⏳ PENDIENTE - GENERAR,825,825_Epiplon_Epiplon_Staphylococcus.png,
4,ABDOMEN,Tronco,Abdomen,Ombligo,Apófisis Mastoides - Duodeno,Apófisis Mastoides,Duodeno,Especial/Disfunción,,,Par normal (dos puntos distintos),SÍ,no,Torso sin camisa OK · No genitales visibles · Ropa interior en zona pélvica si aparece,vista frontal del abdomen mostrando órganos viscerales superpuestos,Manual Biomagnetismo - Tórax/Abdomen/Espalda,Tablas Holoacademia - Tronco,⏳ PENDIENTE - GENERAR,826,826_Apofisis_Mastoides_Duodeno.png,
4,ABDOMEN,Tronco,Abdomen,Ombligo,Apófisis Mastoides - Riñón Ipsilateral,Apófisis Mastoides,Riñón Ipsilateral,Especial/Disfunción,,,Par normal (dos puntos distintos),SÍ,no,Torso sin camisa OK · No genitales visibles · Ropa interior en zona pélvica si aparece,vista frontal del abdomen mostrando órganos viscerales superpuestos,Manual Biomagnetismo - Tórax/Abdomen/Espalda,Tablas Holoacademia - Tronco,⏳ PENDIENTE - GENERAR,827,827_Apofisis_Mastoides_Rinon_Ipsilateral.png,
4,ABDOMEN,Tronco,Abdomen,Ombligo,Agujero - Agujero,Agujero,Agujero,Parásito,Giard ia Lam bia,,Mismo punto simple (un marcador),no,no,Torso sin camisa OK · No genitales visibles · Ropa interior en zona pélvica si aparece,vista frontal del abdomen mostrando órganos viscerales superpuestos,Manual Biomagnetismo - Tórax/Abdomen/Espalda,Tablas Holoacademia - Tronco,⏳ PENDIENTE - GENERAR,828,828_Agujero_Agujero.png,
4,ABDOMEN,Tronco,Abdomen,Ombligo,Duodeno - Esófago,Duodeno,Esófago,Bacteria,Mycobacterium leprae,,Par normal (dos puntos distintos),SÍ,no,Torso sin camisa OK · No genitales visibles · Ropa interior en zona pélvica si aparece,vista frontal del abdomen mostrando órganos viscerales superpuestos,Manual Biomagnetismo - Tórax/Abdomen/Espalda,Tablas Holoacademia - Tronco,⏳ PENDIENTE - GENERAR,829,829_Duodeno_Esofago.png,
4,ABDOMEN,Tronco,Abdomen,Ombligo,Duodeno - Riñón Izquierdo,Duodeno,Riñón Izquierdo,Bacteria,"Chlamydia Trachomatis, Pterigones",,Par normal (dos puntos distintos),SÍ,no,Torso sin camisa OK · No genitales visibles · Ropa interior en zona pélvica si aparece,vista frontal del abdomen mostrando órganos viscerales superpuestos,Manual Biomagnetismo - Tórax/Abdomen/Espalda,Tablas Holoacademia - Tronco,⏳ PENDIENTE - GENERAR,830,830_Duodeno_Rinon_Izquierdo.png,
4,ABDOMEN,Tronco,Abdomen,Ombligo,Duodeno - Riñón Derecho,Duodeno,Riñón Derecho,Especial/Disfunción,Chlamydia trachomatis,,Par normal (dos puntos distintos),SÍ,no,Torso sin camisa OK · No genitales visibles · Ropa interior en zona pélvica si aparece,vista frontal del abdomen mostrando órganos viscerales superpuestos,Manual Biomagnetismo - Tórax/Abdomen/Espalda,Tablas Holoacademia - Tronco,⏳ PENDIENTE - GENERAR,831,831_Duodeno_Rinon_Derecho.png,
4,ABDOMEN,Tronco,Abdomen,Ombligo,Duodeno - Vaso,Duodeno,Vaso,,,,Par normal (dos puntos distintos),no,no,Torso sin camisa OK · No genitales visibles · Ropa interior en zona pélvica si aparece,vista frontal del abdomen mostrando órganos viscerales superpuestos,Manual Biomagnetismo - Tórax/Abdomen/Espalda,Tablas Holoacademia - Tronco,⏳ PENDIENTE - GENERAR,832,832_Duodeno_Vaso.png,
4,ABDOMEN,Tronco,Abdomen,Ombligo,Línea Arcuata - Vena Mesentérica,Línea Arcuata,Vena Mesentérica,,,,Par normal (dos puntos distintos),no,no,Torso sin camisa OK · No genitales visibles · Ropa interior en zona pélvica si aparece,vista frontal del abdomen mostrando órganos viscerales superpuestos,Manual Biomagnetismo - Tórax/Abdomen/Espalda,Tablas Holoacademia - Tronco,⏳ PENDIENTE - GENERAR,833,833_Linea_Arcuata_Vena_Mesenterica.png,
4,ABDOMEN,Tronco,Abdomen,Ombligo,Ombligo - Ombligo,Ombligo,Ombligo,Disfunción,,,Mismo punto simple (un marcador),no,no,Torso sin camisa OK · No genitales visibles · Ropa interior en zona pélvica si aparece,vista frontal del abdomen mostrando órganos viscerales superpuestos,Manual Biomagnetismo - Tórax/Abdomen/Espalda,Tablas Holoacademia - Tronco,⏳ PENDIENTE - GENERAR,834,834_Ombligo_Ombligo.png,
4,ABDOMEN,Tronco,Abdomen,Ombligo,Ombligo Derecho - Izquierdo,Ombligo Derecho,Izquierdo,,,,Par normal (dos puntos distintos),no,no,Torso sin camisa OK · No genitales visibles · Ropa interior en zona pélvica si aparece,vista frontal del abdomen mostrando órganos viscerales superpuestos,Manual Biomagnetismo - Tórax/Abdomen/Espalda,Tablas Holoacademia - Tronco,⏳ PENDIENTE - GENERAR,835,835_Ombligo_Derecho_Izquierdo.png,
4,ABDOMEN,Tronco,Abdomen,Ombligo,Uretero - Recto,Uretero,Recto,Bacteria,,,Par normal (dos puntos distintos),no,SÍ,Licra negra ajustada + top negro si aplica · Sin desnudez · Estilo médico sobrio,vista frontal del abdomen mostrando órganos viscerales superpuestos,Manual Biomagnetismo - Tórax/Abdomen/Espalda,Tablas Holoacademia - Tronco,⏳ PENDIENTE - GENERAR,836,836_Uretero_Recto.png,
4,ABDOMEN,Tronco,Abdomen,Ombligo,Uretero - Vejiga,Uretero,Vejiga,Especial/Disfunción,Espe cial,,Par normal (dos puntos distintos),no,no,Torso sin camisa OK · No genitales visibles · Ropa interior en zona pélvica si aparece,vista frontal del abdomen mostrando órganos viscerales superpuestos,Manual Biomagnetismo - Tórax/Abdomen/Espalda,Tablas Holoacademia - Tronco,✅ TIENE FICHA APROBADA,103,103_Uretero_Vejiga.png,103_Uretero_Vejiga.png
4,ABDOMEN,Tronco,Abdomen,Ombligo,Uretero - Cáliz Renal,Uretero,Cáliz Renal,Virus,Herpes V,,Par normal (dos puntos distintos),SÍ,no,Torso sin camisa OK · No genitales visibles · Ropa interior en zona pélvica si aparece,vista frontal del abdomen mostrando órganos viscerales superpuestos,Manual Biomagnetismo - Tórax/Abdomen/Espalda,Tablas Holoacademia - Tronco,⏳ PENDIENTE - GENERAR,837,837_Uretero_Caliz_Renal.png,
4,ABDOMEN,Tronco,Abdomen,Ombligo,Uretero - Riñón Ipsilateral,Uretero,Riñón Ipsilateral,Especial/Disfunción,,,Par normal (dos puntos distintos),SÍ,no,Torso sin camisa OK · No genitales visibles · Ropa interior en zona pélvica si aparece,vista frontal del abdomen mostrando órganos viscerales superpuestos,Manual Biomagnetismo - Tórax/Abdomen/Espalda,Tablas Holoacademia - Tronco,⏳ PENDIENTE - GENERAR,838,838_Uretero_Rinon_Ipsilateral.png,
4,ABDOMEN,Tronco,Abdomen,Ombligo,Uretero - Riñón Mismo Lado,Uretero,Riñón Mismo Lado,,,,Par normal (dos puntos distintos),SÍ,no,Torso sin camisa OK · No genitales visibles · Ropa interior en zona pélvica si aparece,vista frontal del abdomen mostrando órganos viscerales superpuestos,Manual Biomagnetismo - Tórax/Abdomen/Espalda,Tablas Holoacademia - Tronco,⏳ PENDIENTE - GENERAR,839,839_Uretero_Rinon_Mismo_Lado.png,
4,ABDOMEN,Tronco,Abdomen,Ombligo,Xifoides - Xifoides,Xifoides,Xifoides,Hongo,Tiña delas Manos,,Mismo punto simple (un marcador),no,no,Torso sin camisa OK · No genitales visibles · Ropa interior en zona pélvica si aparece,vista frontal del abdomen mostrando órganos viscerales superpuestos,Manual Biomagnetismo - Tórax/Abdomen/Espalda,Tablas Holoacademia - Tronco,⏳ PENDIENTE - GENERAR,840,840_Xifoides_Xifoides.png,
4,ABDOMEN,Tronco,Abdomen,Ombligo,Uréter - Trompa,Uréter,Trompa,Bacteria,Streptococcus B,,Par normal (dos puntos distintos),no,SÍ,Licra negra ajustada + top negro si aplica · Sin desnudez · Estilo médico sobrio,vista frontal del abdomen mostrando órganos viscerales superpuestos,Manual Biomagnetismo - Tórax/Abdomen/Espalda,Tablas Holoacademia - Tronco,⏳ PENDIENTE - GENERAR,841,841_Ureter_Trompa.png,
4,ABDOMEN,Tronco,Abdomen,Ombligo,Uréter Izquierdo - Recto,Uréter Izquierdo,Recto,Bacteria,Streptococcus A,,Par normal (dos puntos distintos),no,SÍ,Licra negra ajustada + top negro si aplica · Sin desnudez · Estilo médico sobrio,vista frontal del abdomen mostrando órganos viscerales superpuestos,Manual Biomagnetismo - Tórax/Abdomen/Espalda,Tablas Holoacademia - Tronco,⏳ PENDIENTE - GENERAR,842,842_Ureter_Izquierdo_Recto.png,
4,ABDOMEN,Tronco,Abdomen,Ombligo,Uretero - Trompa de Falopio,Uretero,Trompa de Falopio,,,,Par normal (dos puntos distintos),no,SÍ,Licra negra ajustada + top negro si aplica · Sin desnudez · Estilo médico sobrio,vista frontal del abdomen mostrando órganos viscerales superpuestos,Manual Biomagnetismo - Tórax/Abdomen/Espalda,Tablas Holoacademia - Tronco,⏳ PENDIENTE - GENERAR,843,843_Uretero_Trompa_de_Falopio.png,
4,ABDOMEN,Tronco,Abdomen,Ombligo,Uretero (RAS) - Riñón (RAS),Uretero (RAS),Riñón (RAS),Especial/Disfunción,Providencia Stuartil,,Par normal (dos puntos distintos),SÍ,no,Torso sin camisa OK · No genitales visibles · Ropa interior en zona pélvica si aparece,vista frontal del abdomen mostrando órganos viscerales superpuestos,Manual Biomagnetismo - Tórax/Abdomen/Espalda,Tablas Holoacademia - Tronco,✅ TIENE FICHA APROBADA,55,055_Rinon_Uretero.png,055_Rinon_Uretero.png
4,ABDOMEN,Tronco,Abdomen,Ombligo,Cuádriceps - Duodeno,Cuádriceps,Duodeno,Sin clasificar,,,Par normal (dos puntos distintos),SÍ,no,Torso sin camisa OK · No genitales visibles · Ropa interior en zona pélvica si aparece,vista frontal del abdomen mostrando órganos viscerales superpuestos,Manual Biomagnetismo - Tórax/Abdomen/Espalda,Tablas Holoacademia - Tronco,⏳ PENDIENTE - GENERAR,844,844_Cuadriceps_Duodeno.png,
4,ABDOMEN,Tronco,Abdomen,Ombligo,Diafragma - Duodeno,Diafragma,Duodeno,Reservorio,,,Par normal (dos puntos distintos),SÍ,no,Torso sin camisa OK · No genitales visibles · Ropa interior en zona pélvica si aparece,vista frontal del abdomen mostrando órganos viscerales superpuestos,Manual Biomagnetismo - Tórax/Abdomen/Espalda,Tablas Holoacademia - Tronco,⏳ PENDIENTE - GENERAR,845,845_Diafragma_Duodeno.png,
4,ABDOMEN,Tronco,Abdomen,Ombligo,Duodeno - Colon Desc,Duodeno,Colon Desc,Virus,,,Par normal (dos puntos distintos),no,no,Torso sin camisa OK · No genitales visibles · Ropa interior en zona pélvica si aparece,vista frontal del abdomen mostrando órganos viscerales superpuestos,Manual Biomagnetismo - Tórax/Abdomen/Espalda,Tablas Holoacademia - Tronco,⏳ PENDIENTE - GENERAR,846,846_Duodeno_Colon_Desc.png,
4,ABDOMEN,Tronco,Abdomen,Ombligo,Duodeno - Conducto Vesícula,Duodeno,Conducto Vesícula,Disfunción,,,Par normal (dos puntos distintos),no,no,Torso sin camisa OK · No genitales visibles · Ropa interior en zona pélvica si aparece,vista frontal del abdomen mostrando órganos viscerales superpuestos,Manual Biomagnetismo - Tórax/Abdomen/Espalda,Tablas Holoacademia - Tronco,⏳ PENDIENTE - GENERAR,847,847_Duodeno_Conducto_Vesicula.png,
4,ABDOMEN,Tronco,Abdomen,Ombligo,Duodeno - Riñones,Duodeno,Riñones,Sin clasificar,Solitaria,,Par normal (dos puntos distintos),SÍ,no,Torso sin camisa OK · No genitales visibles · Ropa interior en zona pélvica si aparece,vista frontal del abdomen mostrando órganos viscerales superpuestos,Manual Biomagnetismo - Tórax/Abdomen/Espalda,Tablas Holoacademia - Tronco,⏳ PENDIENTE - GENERAR,848,848_Duodeno_Rinones.png,
4,ABDOMEN,Tronco,Abdomen,Ombligo,Escápula Izquierda - Ombligo,Escápula Izquierda,Ombligo,Sin clasificar,,,Par normal (dos puntos distintos),SÍ,no,Torso sin camisa OK · No genitales visibles · Ropa interior en zona pélvica si aparece,vista frontal del abdomen mostrando órganos viscerales superpuestos,Manual Biomagnetismo - Tórax/Abdomen/Espalda,Tablas Holoacademia - Tronco,⏳ PENDIENTE - GENERAR,849,849_Escapula_Izquierda_Ombligo.png,
4,ABDOMEN,Tronco,Abdomen,Ombligo,Garganta - Duodeno,Garganta,Duodeno,Hongo,Mico sis,,Par normal (dos puntos distintos),SÍ,no,Torso sin camisa OK · No genitales visibles · Ropa interior en zona pélvica si aparece,vista frontal del abdomen mostrando órganos viscerales superpuestos,Manual Biomagnetismo - Tórax/Abdomen/Espalda,Tablas Holoacademia - Tronco,⏳ PENDIENTE - GENERAR,850,850_Garganta_Duodeno.png,
4,ABDOMEN,Tronco,Abdomen,Ombligo,Línea Arcuata - Línea Arcuata,Línea Arcuata,Línea Arcuata,Bacteria,Staphylococcus aureus,,Mismo punto simple (un marcador),no,no,Torso sin camisa OK · No genitales visibles · Ropa interior en zona pélvica si aparece,vista frontal del abdomen mostrando órganos viscerales superpuestos,Manual Biomagnetismo - Tórax/Abdomen/Espalda,Tablas Holoacademia - Tronco,⏳ PENDIENTE - GENERAR,851,851_Linea_Arcuata_Linea_Arcuata.png,
4,ABDOMEN,Tronco,Abdomen,Ombligo,Mastoides - Duodeno,Mastoides,Duodeno,Especial/Disfunción,Espe cial,,Par normal (dos puntos distintos),SÍ,no,Torso sin camisa OK · No genitales visibles · Ropa interior en zona pélvica si aparece,vista frontal del abdomen mostrando órganos viscerales superpuestos,Manual Biomagnetismo - Tórax/Abdomen/Espalda,Tablas Holoacademia - Tronco,⏳ PENDIENTE - GENERAR,852,852_Mastoides_Duodeno.png,
4,ABDOMEN,Tronco,Abdomen,Ombligo,Mastoides derecha - Duodeno,Mastoides derecha,Duodeno,,,,Par normal (dos puntos distintos),SÍ,no,Torso sin camisa OK · No genitales visibles · Ropa interior en zona pélvica si aparece,vista frontal del abdomen mostrando órganos viscerales superpuestos,Manual Biomagnetismo - Tórax/Abdomen/Espalda,Tablas Holoacademia - Tronco,⏳ PENDIENTE - GENERAR,853,853_Mastoides_derecha_Duodeno.png,
4,ABDOMEN,Tronco,Abdomen,Ombligo,Occipital - Duodeno,Occipital,Duodeno,Sin clasificar,,,Par normal (dos puntos distintos),SÍ,no,Torso sin camisa OK · No genitales visibles · Ropa interior en zona pélvica si aparece,vista frontal del abdomen mostrando órganos viscerales superpuestos,Manual Biomagnetismo - Tórax/Abdomen/Espalda,Tablas Holoacademia - Tronco,⏳ PENDIENTE - GENERAR,854,854_Occipital_Duodeno.png,
4,ABDOMEN,Tronco,Abdomen,Ombligo,Ombligo - Lumbar,Ombligo,Lumbar,Especial/Disfunción,,,Par normal (dos puntos distintos),SÍ,no,Torso sin camisa OK · No genitales visibles · Ropa interior en zona pélvica si aparece,vista frontal del abdomen mostrando órganos viscerales superpuestos,Manual Biomagnetismo - Tórax/Abdomen/Espalda,Tablas Holoacademia - Tronco,⏳ PENDIENTE - GENERAR,855,855_Ombligo_Lumbar.png,
4,ABDOMEN,Tronco,Abdomen,Ombligo,Ombligo - Testículo Derecho,Ombligo,Testículo Derecho,Especial/Disfunción,,,Par normal (dos puntos distintos),no,SÍ,Licra negra ajustada + top negro si aplica · Sin desnudez · Estilo médico sobrio,vista frontal del abdomen mostrando órganos viscerales superpuestos,Manual Biomagnetismo - Tórax/Abdomen/Espalda,Tablas Holoacademia - Tronco,⏳ PENDIENTE - GENERAR,856,856_Ombligo_Testiculo_Derecho.png,
4,ABDOMEN,Tronco,Abdomen,Ombligo,Ombligo - Uretero,Ombligo,Uretero,Sin clasificar,,,Par normal (dos puntos distintos),no,no,Torso sin camisa OK · No genitales visibles · Ropa interior en zona pélvica si aparece,vista frontal del abdomen mostrando órganos viscerales superpuestos,Manual Biomagnetismo - Tórax/Abdomen/Espalda,Tablas Holoacademia - Tronco,⏳ PENDIENTE - GENERAR,857,857_Ombligo_Uretero.png,
4,ABDOMEN,Tronco,Abdomen,Ombligo,Uréter - Uréter,Uréter,Uréter,Virus,Varicela,,Mismo punto simple (un marcador),no,no,Torso sin camisa OK · No genitales visibles · Ropa interior en zona pélvica si aparece,vista frontal del abdomen mostrando órganos viscerales superpuestos,Manual Biomagnetismo - Tórax/Abdomen/Espalda,Tablas Holoacademia - Tronco,⏳ PENDIENTE - GENERAR,858,858_Ureter_Ureter.png,
4,ABDOMEN,Tronco,Abdomen,Ombligo,Duodeno - Colón Descendente,Duodeno,Colón Descendente,Virus,,,Par normal (dos puntos distintos),no,no,Torso sin camisa OK · No genitales visibles · Ropa interior en zona pélvica si aparece,vista frontal del abdomen mostrando órganos viscerales superpuestos,Manual Biomagnetismo - Tórax/Abdomen/Espalda,Tablas Holoacademia - Tronco,⏳ PENDIENTE - GENERAR,859,859_Duodeno_Colon_Descendente.png,
4,ABDOMEN,Tronco,Abdomen,Ombligo,Duodeno - Riñón,Duodeno,Riñón,Bacteria,Chlamydia,,Par normal (dos puntos distintos),SÍ,no,Torso sin camisa OK · No genitales visibles · Ropa interior en zona pélvica si aparece,vista frontal del abdomen mostrando órganos viscerales superpuestos,Manual Biomagnetismo - Tórax/Abdomen/Espalda,Tablas Holoacademia - Tronco,⏳ PENDIENTE - GENERAR,860,860_Duodeno_Rinon.png,
4,ABDOMEN,Tronco,Abdomen,Intersección,Válvula Ileocecal - Riñón DER,Válvula Ileocecal,Riñón DER,,,,Par normal (dos puntos distintos),SÍ,no,Torso sin camisa OK · No genitales visibles · Ropa interior en zona pélvica si aparece,vista frontal del abdomen mostrando órganos viscerales superpuestos,Manual Biomagnetismo - Tórax/Abdomen/Espalda,Tablas Holoacademia - Tronco,⏳ PENDIENTE - GENERAR,861,861_Valvula_Ileocecal_Rinon_DER.png,
4,ABDOMEN,Tronco,Abdomen,Intersección,Ciego - Ciego,Ciego,Ciego,Complejo,Influenza,,Mismo punto simple (un marcador),no,no,Torso sin camisa OK · No genitales visibles · Ropa interior en zona pélvica si aparece,vista frontal del abdomen mostrando órganos viscerales superpuestos,Manual Biomagnetismo - Tórax/Abdomen/Espalda,Tablas Holoacademia - Tronco,✅ TIENE FICHA APROBADA,28,028_Ciego_Ciego.png,028_Ciego_Ciego.png
4,ABDOMEN,Tronco,Abdomen,Intersección,Ciego - Riñón DER,Ciego,Riñón DER,,,,Par normal (dos puntos distintos),SÍ,no,Torso sin camisa OK · No genitales visibles · Ropa interior en zona pélvica si aparece,vista frontal del abdomen mostrando órganos viscerales superpuestos,Manual Biomagnetismo - Tórax/Abdomen/Espalda,Tablas Holoacademia - Tronco,⏳ PENDIENTE - GENERAR,862,862_Ciego_Rinon_DER.png,
4,ABDOMEN,Tronco,Abdomen,Intersección,Contraciego - Contraciego,Contraciego,Contraciego,Complejo,Bordetella pertusis,,Mismo punto simple (un marcador),no,no,Torso sin camisa OK · No genitales visibles · Ropa interior en zona pélvica si aparece,vista frontal del abdomen mostrando órganos viscerales superpuestos,Manual Biomagnetismo - Tórax/Abdomen/Espalda,Tablas Holoacademia - Tronco,✅ TIENE FICHA APROBADA,86,086_Contraciego_contraciego.png,086_Contraciego_contraciego.png
4,ABDOMEN,Tronco,Abdomen,Intersección,Apéndice - Timo,Apéndice,Timo,Especial/Disfunción,Ángeles,,Par normal (dos puntos distintos),SÍ,no,Torso sin camisa OK · No genitales visibles · Ropa interior en zona pélvica si aparece,vista frontal del abdomen mostrando órganos viscerales superpuestos,Manual Biomagnetismo - Tórax/Abdomen/Espalda,Tablas Holoacademia - Tronco,⏳ PENDIENTE - GENERAR,863,863_Apendice_Timo.png,
4,ABDOMEN,Tronco,Abdomen,Intersección,Apéndice - Pleura IZQ,Apéndice,Pleura IZQ,,,,Par normal (dos puntos distintos),SÍ,no,Torso sin camisa OK · No genitales visibles · Ropa interior en zona pélvica si aparece,vista frontal del abdomen mostrando órganos viscerales superpuestos,Manual Biomagnetismo - Tórax/Abdomen/Espalda,Tablas Holoacademia - Tronco,⏳ PENDIENTE - GENERAR,864,864_Apendice_Pleura_IZQ.png,
4,ABDOMEN,Tronco,Abdomen,Intersección,Ciego - Riñón,Ciego,Riñón,Parásito,,,Par normal (dos puntos distintos),SÍ,no,Torso sin camisa OK · No genitales visibles · Ropa interior en zona pélvica si aparece,vista frontal del abdomen mostrando órganos viscerales superpuestos,Manual Biomagnetismo - Tórax/Abdomen/Espalda,Tablas Holoacademia - Tronco,⏳ PENDIENTE - GENERAR,865,865_Ciego_Rinon.png,
4,ABDOMEN,Tronco,Abdomen,Intersección,Ciego - Riñón Derecho,Ciego,Riñón Derecho,Bacteria,Tricomonas,,Par normal (dos puntos distintos),SÍ,no,Torso sin camisa OK · No genitales visibles · Ropa interior en zona pélvica si aparece,vista frontal del abdomen mostrando órganos viscerales superpuestos,Manual Biomagnetismo - Tórax/Abdomen/Espalda,Tablas Holoacademia - Tronco,⏳ PENDIENTE - GENERAR,866,866_Ciego_Rinon_Derecho.png,
4,ABDOMEN,Tronco,Abdomen,Intersección,Ciego Riñón Derecho - Trichomonas,Ciego Riñón Derecho,Trichomonas,,,,Par normal (dos puntos distintos),no,no,Torso sin camisa OK · No genitales visibles · Ropa interior en zona pélvica si aparece,vista frontal del abdomen mostrando órganos viscerales superpuestos,Manual Biomagnetismo - Tórax/Abdomen/Espalda,Tablas Holoacademia - Tronco,⏳ PENDIENTE - GENERAR,867,867_Ciego_Rinon_Derecho_Trichomonas.png,
4,ABDOMEN,Tronco,Abdomen,Intersección,Apéndice - Testículo Bilateral,Apéndice,Testículo Bilateral,Virus,Vacci niaExan temá tica,,Par normal (dos puntos distintos),no,SÍ,Licra negra ajustada + top negro si aplica · Sin desnudez · Estilo médico sobrio,vista frontal del abdomen mostrando órganos viscerales superpuestos,Manual Biomagnetismo - Tórax/Abdomen/Espalda,Tablas Holoacademia - Tronco,⏳ PENDIENTE - GENERAR,868,868_Apendice_Testiculo_Bilateral.png,
4,ABDOMEN,Tronco,Abdomen,Intersección,Apéndice - Testículo Derecho,Apéndice,Testículo Derecho,Virus,Vaccinia Exantemática RESERVORIO,,Par normal (dos puntos distintos),no,SÍ,Licra negra ajustada + top negro si aplica · Sin desnudez · Estilo médico sobrio,vista frontal del abdomen mostrando órganos viscerales superpuestos,Manual Biomagnetismo - Tórax/Abdomen/Espalda,Tablas Holoacademia - Tronco,⏳ PENDIENTE - GENERAR,869,869_Apendice_Testiculo_Derecho.png,
4,ABDOMEN,Tronco,Abdomen,Intersección,Apéndice - Uretra,Apéndice,Uretra,Bacteria,Staphylococcus aureus,,Par normal (dos puntos distintos),no,SÍ,Licra negra ajustada + top negro si aplica · Sin desnudez · Estilo médico sobrio,vista frontal del abdomen mostrando órganos viscerales superpuestos,Manual Biomagnetismo - Tórax/Abdomen/Espalda,Tablas Holoacademia - Tronco,⏳ PENDIENTE - GENERAR,870,870_Apendice_Uretra.png,
4,ABDOMEN,Tronco,Abdomen,Intersección,Apéndice - Vagina,Apéndice,Vagina,Virus,Vaccinia Exantemática RESERVORIO,,Par normal (dos puntos distintos),no,SÍ,Licra negra ajustada + top negro si aplica · Sin desnudez · Estilo médico sobrio,vista frontal del abdomen mostrando órganos viscerales superpuestos,Manual Biomagnetismo - Tórax/Abdomen/Espalda,Tablas Holoacademia - Tronco,⏳ PENDIENTE - GENERAR,871,871_Apendice_Vagina.png,
4,ABDOMEN,Tronco,Abdomen,Intersección,Apéndice - Testículo Hongo,Apéndice,Testículo Hongo,,,,Par normal (dos puntos distintos),no,SÍ,Licra negra ajustada + top negro si aplica · Sin desnudez · Estilo médico sobrio,vista frontal del abdomen mostrando órganos viscerales superpuestos,Manual Biomagnetismo - Tórax/Abdomen/Espalda,Tablas Holoacademia - Tronco,⏳ PENDIENTE - GENERAR,872,872_Apendice_Testiculo_Hongo.png,
4,ABDOMEN,Tronco,Abdomen,Intersección,Apéndice - Contraciego,Apéndice,Contraciego,Virus,Herp es 1,,Par normal (dos puntos distintos),no,no,Torso sin camisa OK · No genitales visibles · Ropa interior en zona pélvica si aparece,vista frontal del abdomen mostrando órganos viscerales superpuestos,Manual Biomagnetismo - Tórax/Abdomen/Espalda,Tablas Holoacademia - Tronco,⏳ PENDIENTE - GENERAR,873,873_Apendice_Contraciego.png,
4,ABDOMEN,Tronco,Abdomen,Intersección,Apéndice - Apéndice Xifoides,Apéndice,Apéndice Xifoides,Hongo,,,Par normal (dos puntos distintos),no,no,Torso sin camisa OK · No genitales visibles · Ropa interior en zona pélvica si aparece,vista frontal del abdomen mostrando órganos viscerales superpuestos,Manual Biomagnetismo - Tórax/Abdomen/Espalda,Tablas Holoacademia - Tronco,⏳ PENDIENTE - GENERAR,874,874_Apendice_Apendice_Xifoides.png,
4,ABDOMEN,Tronco,Abdomen,Intersección,Apéndice - Peritoneo,Apéndice,Peritoneo,Bacteria,Gardnerella Vaginalis B,,Par normal (dos puntos distintos),no,no,Torso sin camisa OK · No genitales visibles · Ropa interior en zona pélvica si aparece,vista frontal del abdomen mostrando órganos viscerales superpuestos,Manual Biomagnetismo - Tórax/Abdomen/Espalda,Tablas Holoacademia - Tronco,⏳ PENDIENTE - GENERAR,875,875_Apendice_Peritoneo.png,
4,ABDOMEN,Tronco,Abdomen,Intersección,Apéndice - Lengua Izquierda,Apéndice,Lengua Izquierda,Virus,Viruela Exantemática,,Par normal (dos puntos distintos),no,no,Torso sin camisa OK · No genitales visibles · Ropa interior en zona pélvica si aparece,vista frontal del abdomen mostrando órganos viscerales superpuestos,Manual Biomagnetismo - Tórax/Abdomen/Espalda,Tablas Holoacademia - Tronco,⏳ PENDIENTE - GENERAR,876,876_Apendice_Lengua_Izquierda.png,
4,ABDOMEN,Tronco,Abdomen,Intersección,Intestino Delgado - Intestino Delgado,Intestino Delgado,Intestino Delgado,,,,Mismo punto simple (un marcador),no,no,Torso sin camisa OK · No genitales visibles · Ropa interior en zona pélvica si aparece,vista frontal del abdomen mostrando órganos viscerales superpuestos,Manual Biomagnetismo - Tórax/Abdomen/Espalda,Tablas Holoacademia - Tronco,⏳ PENDIENTE - GENERAR,877,877_Intestino_Delgado_Intestino_Delgado.png,
4,ABDOMEN,Tronco,Abdomen,Intersección,Intestino Delgado - Intestino Grueso,Intestino Delgado,Intestino Grueso,Bacteria,,,Par normal (dos puntos distintos),no,no,Torso sin camisa OK · No genitales visibles · Ropa interior en zona pélvica si aparece,vista frontal del abdomen mostrando órganos viscerales superpuestos,Manual Biomagnetismo - Tórax/Abdomen/Espalda,Tablas Holoacademia - Tronco,⏳ PENDIENTE - GENERAR,878,878_Intestino_Delgado_Intestino_Grueso.png,
4,ABDOMEN,Tronco,Abdomen,Intersección,Intestino Grueso - Intestino Grueso,Intestino Grueso,Intestino Grueso,,,,Mismo punto simple (un marcador),no,no,Torso sin camisa OK · No genitales visibles · Ropa interior en zona pélvica si aparece,vista frontal del abdomen mostrando órganos viscerales superpuestos,Manual Biomagnetismo - Tórax/Abdomen/Espalda,Tablas Holoacademia - Tronco,⏳ PENDIENTE - GENERAR,879,879_Intestino_Grueso_Intestino_Grueso.png,
4,ABDOMEN,Tronco,Abdomen,Intersección,Micelio Intestinal - Micelio Intestinal,Micelio Intestinal,Micelio Intestinal,,,,Mismo punto simple (un marcador),no,no,Torso sin camisa OK · No genitales visibles · Ropa interior en zona pélvica si aparece,vista frontal del abdomen mostrando órganos viscerales superpuestos,Manual Biomagnetismo - Tórax/Abdomen/Espalda,Tablas Holoacademia - Tronco,⏳ PENDIENTE - GENERAR,880,880_Micelio_Intestinal_Micelio_Intestinal.png,
4,ABDOMEN,Tronco,Abdomen,Intersección,Peritoneo - Apéndice,Peritoneo,Apéndice,Bacteria,Gardnerella Vaginalis B,,Par normal (dos puntos distintos),no,no,Torso sin camisa OK · No genitales visibles · Ropa interior en zona pélvica si aparece,vista frontal del abdomen mostrando órganos viscerales superpuestos,Manual Biomagnetismo - Tórax/Abdomen/Espalda,Tablas Holoacademia - Tronco,⏳ PENDIENTE - GENERAR,881,881_Peritoneo_Apendice.png,
4,ABDOMEN,Tronco,Abdomen,Intersección,Peritoneo - Peroné,Peritoneo,Peroné,,,,Par normal (dos puntos distintos),no,no,Torso sin camisa OK · No genitales visibles · Ropa interior en zona pélvica si aparece,vista frontal del abdomen mostrando órganos viscerales superpuestos,Manual Biomagnetismo - Tórax/Abdomen/Espalda,Tablas Holoacademia - Tronco,⏳ PENDIENTE - GENERAR,882,882_Peritoneo_Perone.png,
4,ABDOMEN,Tronco,Abdomen,Intersección,Válvula Ileocecal - Válvula Ileocecal,Válvula Ileocecal,Válvula Ileocecal,Disfunción,,,Mismo punto simple (un marcador),no,no,Torso sin camisa OK · No genitales visibles · Ropa interior en zona pélvica si aparece,vista frontal del abdomen mostrando órganos viscerales superpuestos,Manual Biomagnetismo - Tórax/Abdomen/Espalda,Tablas Holoacademia - Tronco,⏳ PENDIENTE - GENERAR,883,883_Valvula_Ileocecal_Valvula_Ileocecal.png,
4,ABDOMEN,Tronco,Abdomen,Intersección,Válvula Ileocecal - Estómago,Válvula Ileocecal,Estómago,Disfunción,,,Par normal (dos puntos distintos),no,no,Torso sin camisa OK · No genitales visibles · Ropa interior en zona pélvica si aparece,vista frontal del abdomen mostrando órganos viscerales superpuestos,Manual Biomagnetismo - Tórax/Abdomen/Espalda,Tablas Holoacademia - Tronco,⏳ PENDIENTE - GENERAR,884,884_Valvula_Ileocecal_Estomago.png,
4,ABDOMEN,Tronco,Abdomen,Intersección,Válvula Ileocecal - Riñón Derecho,Válvula Ileocecal,Riñón Derecho,Parásito,Trichomonas,,Par normal (dos puntos distintos),SÍ,no,Torso sin camisa OK · No genitales visibles · Ropa interior en zona pélvica si aparece,vista frontal del abdomen mostrando órganos viscerales superpuestos,Manual Biomagnetismo - Tórax/Abdomen/Espalda,Tablas Holoacademia - Tronco,⏳ PENDIENTE - GENERAR,885,885_Valvula_Ileocecal_Rinon_Derecho.png,
4,ABDOMEN,Tronco,Abdomen,Intersección,Válvula Ileocecal - Prominencia Occipital,Válvula Ileocecal,Prominencia Occipital,Sin clasificar,,,Par normal (dos puntos distintos),SÍ,no,Torso sin camisa OK · No genitales visibles · Ropa interior en zona pélvica si aparece,vista frontal del abdomen mostrando órganos viscerales superpuestos,Manual Biomagnetismo - Tórax/Abdomen/Espalda,Tablas Holoacademia - Tronco,⏳ PENDIENTE - GENERAR,886,886_Valvula_Ileocecal_Prominencia_Occipital.png,
4,ABDOMEN,Tronco,Abdomen,Intersección,Apéndice - Ovario Derecho,Apéndice,Ovario Derecho,,,,Par normal (dos puntos distintos),no,SÍ,Licra negra ajustada + top negro si aplica · Sin desnudez · Estilo médico sobrio,vista frontal del abdomen mostrando órganos viscerales superpuestos,Manual Biomagnetismo - Tórax/Abdomen/Espalda,Tablas Holoacademia - Tronco,⏳ PENDIENTE - GENERAR,887,887_Apendice_Ovario_Derecho.png,
4,ABDOMEN,Tronco,Abdomen,Intersección,Apéndice - Nervio Femoral,Apéndice,Nervio Femoral,Virus,Virus Vaccinia,,Par normal (dos puntos distintos),no,SÍ,Licra negra ajustada + top negro si aplica · Sin desnudez · Estilo médico sobrio,vista frontal del abdomen mostrando órganos viscerales superpuestos,Manual Biomagnetismo - Tórax/Abdomen/Espalda,Tablas Holoacademia - Tronco,⏳ PENDIENTE - GENERAR,888,888_Apendice_Nervio_Femoral.png,
4,ABDOMEN,Tronco,Abdomen,Intersección,Apéndice - Gracilis Superior,Apéndice,Gracilis Superior,Hongo,Hongo inguinal,,Par normal (dos puntos distintos),no,no,Torso sin camisa OK · No genitales visibles · Ropa interior en zona pélvica si aparece,vista frontal del abdomen mostrando órganos viscerales superpuestos,Manual Biomagnetismo - Tórax/Abdomen/Espalda,Tablas Holoacademia - Tronco,⏳ PENDIENTE - GENERAR,889,889_Apendice_Gracilis_Superior.png,
4,ABDOMEN,Tronco,Abdomen,Intersección,Apéndice - Cabeza de Fémur Derecha,Apéndice,Cabeza de Fémur Derecha,Bacteria,Bordetella Pertussis,,Par normal (dos puntos distintos),no,no,Torso sin camisa OK · No genitales visibles · Ropa interior en zona pélvica si aparece,vista frontal del abdomen mostrando órganos viscerales superpuestos,Manual Biomagnetismo - Tórax/Abdomen/Espalda,Tablas Holoacademia - Tronco,⏳ PENDIENTE - GENERAR,890,890_Apendice_Cabeza_de_Femur_Derecha.png,
4,ABDOMEN,Tronco,Abdomen,Intersección,Contracrágo - Contracrágo,Contracrágo,Contracrágo,,,,Mismo punto simple (un marcador),no,no,Torso sin camisa OK · No genitales visibles · Ropa interior en zona pélvica si aparece,vista frontal del abdomen mostrando órganos viscerales superpuestos,Manual Biomagnetismo - Tórax/Abdomen/Espalda,Tablas Holoacademia - Tronco,⏳ PENDIENTE - GENERAR,891,891_Contracrago_Contracrago.png,
4,ABDOMEN,Tronco,Abdomen,Intersección,Lengua - Apéndice,Lengua,Apéndice,Complejo,Viruela,,Par normal (dos puntos distintos),no,no,Torso sin camisa OK · No genitales visibles · Ropa interior en zona pélvica si aparece,vista frontal del abdomen mostrando órganos viscerales superpuestos,Manual Biomagnetismo - Tórax/Abdomen/Espalda,Tablas Holoacademia - Tronco,⏳ PENDIENTE - GENERAR,892,892_Lengua_Apendice.png,
4,ABDOMEN,Tronco,Abdomen,Intersección,Peritoneo - Pleura IZQ,Peritoneo,Pleura IZQ,,,,Par normal (dos puntos distintos),no,no,Torso sin camisa OK · No genitales visibles · Ropa interior en zona pélvica si aparece,vista frontal del abdomen mostrando órganos viscerales superpuestos,Manual Biomagnetismo - Tórax/Abdomen/Espalda,Tablas Holoacademia - Tronco,⏳ PENDIENTE - GENERAR,893,893_Peritoneo_Pleura_IZQ.png,
4,ABDOMEN,Tronco,Abdomen,Colon,Colon Ascendente - Colon Descendente,Colon Ascendente,Colon Descendente,Virus,Herpes Zoster,,Par normal (dos puntos distintos),no,no,Torso sin camisa OK · No genitales visibles · Ropa interior en zona pélvica si aparece,vista frontal del abdomen mostrando órganos viscerales superpuestos,Manual Biomagnetismo - Tórax/Abdomen/Espalda,Tablas Holoacademia - Tronco,⏳ PENDIENTE - GENERAR,894,894_Colon_Ascendente_Colon_Descendente.png,
4,ABDOMEN,Tronco,Abdomen,Colon,Colon Ascendente - Riñón DER,Colon Ascendente,Riñón DER,,,,Par normal (dos puntos distintos),SÍ,no,Torso sin camisa OK · No genitales visibles · Ropa interior en zona pélvica si aparece,vista frontal del abdomen mostrando órganos viscerales superpuestos,Manual Biomagnetismo - Tórax/Abdomen/Espalda,Tablas Holoacademia - Tronco,⏳ PENDIENTE - GENERAR,895,895_Colon_Ascendente_Rinon_DER.png,
4,ABDOMEN,Tronco,Abdomen,Colon,Colon Transverso - Colon Transverso,Colon Transverso,Colon Transverso,Disfunción,,,Mismo punto simple (un marcador),no,no,Torso sin camisa OK · No genitales visibles · Ropa interior en zona pélvica si aparece,vista frontal del abdomen mostrando órganos viscerales superpuestos,Manual Biomagnetismo - Tórax/Abdomen/Espalda,Tablas Holoacademia - Tronco,⏳ PENDIENTE - GENERAR,896,896_Colon_Transverso_Colon_Transverso.png,
4,ABDOMEN,Tronco,Abdomen,Colon,Colon Transverso - Vejiga Media,Colon Transverso,Vejiga Media,,,,Par normal (dos puntos distintos),no,no,Torso sin camisa OK · No genitales visibles · Ropa interior en zona pélvica si aparece,vista frontal del abdomen mostrando órganos viscerales superpuestos,Manual Biomagnetismo - Tórax/Abdomen/Espalda,Tablas Holoacademia - Tronco,⏳ PENDIENTE - GENERAR,897,897_Colon_Transverso_Vejiga_Media.png,
4,ABDOMEN,Tronco,Abdomen,Colon,Colon Transverso - Testículo RAS,Colon Transverso,Testículo RAS,,,,Par normal (dos puntos distintos),no,SÍ,Licra negra ajustada + top negro si aplica · Sin desnudez · Estilo médico sobrio,vista frontal del abdomen mostrando órganos viscerales superpuestos,Manual Biomagnetismo - Tórax/Abdomen/Espalda,Tablas Holoacademia - Tronco,⏳ PENDIENTE - GENERAR,898,898_Colon_Transverso_Testiculo_RAS.png,
4,ABDOMEN,Tronco,Abdomen,Colon,Colon Transverso - Ovario RAS,Colon Transverso,Ovario RAS,,,,Par normal (dos puntos distintos),no,SÍ,Licra negra ajustada + top negro si aplica · Sin desnudez · Estilo médico sobrio,vista frontal del abdomen mostrando órganos viscerales superpuestos,Manual Biomagnetismo - Tórax/Abdomen/Espalda,Tablas Holoacademia - Tronco,⏳ PENDIENTE - GENERAR,899,899_Colon_Transverso_Ovario_RAS.png,
4,ABDOMEN,Tronco,Abdomen,Colon,Colon Descendente - Colon Descendente,Colon Descendente,Colon Descendente,Bacteria,Enterobacter cloacae,,Mismo punto simple (un marcador),no,no,Torso sin camisa OK · No genitales visibles · Ropa interior en zona pélvica si aparece,vista frontal del abdomen mostrando órganos viscerales superpuestos,Manual Biomagnetismo - Tórax/Abdomen/Espalda,Tablas Holoacademia - Tronco,⏳ PENDIENTE - GENERAR,900,900_Colon_Descendente_Colon_Descendente.png,
4,ABDOMEN,Tronco,Abdomen,Colon,Colon Descendente - Recto,Colon Descendente,Recto,Especial/Disfunción,Obstrucción intestinal,,Par normal (dos puntos distintos),no,SÍ,Licra negra ajustada + top negro si aplica · Sin desnudez · Estilo médico sobrio,vista frontal del abdomen mostrando órganos viscerales superpuestos,Manual Biomagnetismo - Tórax/Abdomen/Espalda,Tablas Holoacademia - Tronco,⏳ PENDIENTE - GENERAR,901,901_Colon_Descendente_Recto.png,
4,ABDOMEN,Tronco,Abdomen,Colon,Sigmoides - Recto,Sigmoides,Recto,Virus,BSRAO SV,,Par normal (dos puntos distintos),no,SÍ,Licra negra ajustada + top negro si aplica · Sin desnudez · Estilo médico sobrio,vista frontal del abdomen mostrando órganos viscerales superpuestos,Manual Biomagnetismo - Tórax/Abdomen/Espalda,Tablas Holoacademia - Tronco,⏳ PENDIENTE - GENERAR,902,902_Sigmoides_Recto.png,
4,ABDOMEN,Tronco,Abdomen,Colon,Bulbo Raquídeo - Colon Descendente,Bulbo Raquídeo,Colon Descendente,Hongo,Cryptococus Neoformans,,Par normal (dos puntos distintos),SÍ,no,Torso sin camisa OK · No genitales visibles · Ropa interior en zona pélvica si aparece,vista frontal del abdomen mostrando órganos viscerales superpuestos,Manual Biomagnetismo - Tórax/Abdomen/Espalda,Tablas Holoacademia - Tronco,⏳ PENDIENTE - GENERAR,903,903_Bulbo_Raquideo_Colon_Descendente.png,
4,ABDOMEN,Tronco,Abdomen,Colon,Clítoris - Ano,Clítoris,Ano,Hongo,hongo vadonde,,Par normal (dos puntos distintos),no,SÍ,Licra negra ajustada + top negro si aplica · Sin desnudez · Estilo médico sobrio,vista frontal del abdomen mostrando órganos viscerales superpuestos,Manual Biomagnetismo - Tórax/Abdomen/Espalda,Tablas Holoacademia - Tronco,⏳ PENDIENTE - GENERAR,904,904_Clitoris_Ano.png,
4,ABDOMEN,Tronco,Abdomen,Colon,Ano - Colon Ascendente,Ano,Colon Ascendente,,,,Par normal (dos puntos distintos),no,SÍ,Licra negra ajustada + top negro si aplica · Sin desnudez · Estilo médico sobrio,vista frontal del abdomen mostrando órganos viscerales superpuestos,Manual Biomagnetismo - Tórax/Abdomen/Espalda,Tablas Holoacademia - Tronco,⏳ PENDIENTE - GENERAR,905,905_Ano_Colon_Ascendente.png,
4,ABDOMEN,Tronco,Abdomen,Colon,Ano - Próstata,Ano,Próstata,Virus,Papil oma,,Par normal (dos puntos distintos),no,SÍ,Licra negra ajustada + top negro si aplica · Sin desnudez · Estilo médico sobrio,vista frontal del abdomen mostrando órganos viscerales superpuestos,Manual Biomagnetismo - Tórax/Abdomen/Espalda,Tablas Holoacademia - Tronco,⏳ PENDIENTE - GENERAR,906,906_Ano_Prostata.png,
4,ABDOMEN,Tronco,Abdomen,Colon,Ano - Testículo,Ano,Testículo,Especial/Disfunción,Espe cial,,Par normal (dos puntos distintos),no,SÍ,Licra negra ajustada + top negro si aplica · Sin desnudez · Estilo médico sobrio,vista frontal del abdomen mostrando órganos viscerales superpuestos,Manual Biomagnetismo - Tórax/Abdomen/Espalda,Tablas Holoacademia - Tronco,⏳ PENDIENTE - GENERAR,907,907_Ano_Testiculo.png,
4,ABDOMEN,Tronco,Abdomen,Colon,Ano Ano - Papiloma,Ano Ano,Papiloma,,,,Par normal (dos puntos distintos),no,SÍ,Licra negra ajustada + top negro si aplica · Sin desnudez · Estilo médico sobrio,vista frontal del abdomen mostrando órganos viscerales superpuestos,Manual Biomagnetismo - Tórax/Abdomen/Espalda,Tablas Holoacademia - Tronco,⏳ PENDIENTE - GENERAR,908,908_Ano_Ano_Papiloma.png,
4,ABDOMEN,Tronco,Abdomen,Colon,Ano Píloro - Levadura,Ano Píloro,Levadura,,,,Par normal (dos puntos distintos),no,SÍ,Licra negra ajustada + top negro si aplica · Sin desnudez · Estilo médico sobrio,vista frontal del abdomen mostrando órganos viscerales superpuestos,Manual Biomagnetismo - Tórax/Abdomen/Espalda,Tablas Holoacademia - Tronco,⏳ PENDIENTE - GENERAR,909,909_Ano_Piloro_Levadura.png,
4,ABDOMEN,Tronco,Abdomen,Colon,Ano Testículo - Izquierdo Ecuador,Ano Testículo,Izquierdo Ecuador,Especial/Disfunción,,,Par normal (dos puntos distintos),no,SÍ,Licra negra ajustada + top negro si aplica · Sin desnudez · Estilo médico sobrio,vista frontal del abdomen mostrando órganos viscerales superpuestos,Manual Biomagnetismo - Tórax/Abdomen/Espalda,Tablas Holoacademia - Tronco,⏳ PENDIENTE - GENERAR,910,910_Ano_Testiculo_Izquierdo_Ecuador.png,
4,ABDOMEN,Tronco,Abdomen,Colon,Carina - Ano,Carina,Ano,Disfunción,,,Par normal (dos puntos distintos),SÍ,SÍ,Licra negra ajustada + top negro si aplica · Sin desnudez · Estilo médico sobrio,vista frontal del abdomen mostrando órganos viscerales superpuestos,Manual Biomagnetismo - Tórax/Abdomen/Espalda,Tablas Holoacademia - Tronco,⏳ PENDIENTE - GENERAR,911,911_Carina_Ano.png,
4,ABDOMEN,Tronco,Abdomen,Colon,Cervical 78 Dorsal - Pasciano,Cervical 78 Dorsal,Pasciano,,,,Par normal (dos puntos distintos),SÍ,SÍ,Licra negra ajustada + top negro si aplica · Sin desnudez · Estilo médico sobrio,vista frontal del abdomen mostrando órganos viscerales superpuestos,Manual Biomagnetismo - Tórax/Abdomen/Espalda,Tablas Holoacademia - Tronco,⏳ PENDIENTE - GENERAR,912,912_Cervical_78_Dorsal_Pasciano.png,
4,ABDOMEN,Tronco,Abdomen,Colon,Ano - Lengua,Ano,Lengua,Bacteria,Clost ridu m Difici le,,Par normal (dos puntos distintos),no,SÍ,Licra negra ajustada + top negro si aplica · Sin desnudez · Estilo médico sobrio,vista frontal del abdomen mostrando órganos viscerales superpuestos,Manual Biomagnetismo - Tórax/Abdomen/Espalda,Tablas Holoacademia - Tronco,✅ TIENE FICHA APROBADA,56,056_Ano_Lengua.png,056_Ano_Lengua.png
4,ABDOMEN,Tronco,Abdomen,Colon,Colon Ascendente - Colon Ascendente,Colon Ascendente,Colon Ascendente,Reservorio,Listeria,,Mismo punto simple (un marcador),no,no,Torso sin camisa OK · No genitales visibles · Ropa interior en zona pélvica si aparece,vista frontal del abdomen mostrando órganos viscerales superpuestos,Manual Biomagnetismo - Tórax/Abdomen/Espalda,Tablas Holoacademia - Tronco,⏳ PENDIENTE - GENERAR,913,913_Colon_Ascendente_Colon_Ascendente.png,
4,ABDOMEN,Tronco,Abdomen,Colon,Colon Ascendente - Riñón Derecho,Colon Ascendente,Riñón Derecho,Sin clasificar,Klebsiella pneumoniae,,Par normal (dos puntos distintos),SÍ,no,Torso sin camisa OK · No genitales visibles · Ropa interior en zona pélvica si aparece,vista frontal del abdomen mostrando órganos viscerales superpuestos,Manual Biomagnetismo - Tórax/Abdomen/Espalda,Tablas Holoacademia - Tronco,⏳ PENDIENTE - GENERAR,914,914_Colon_Ascendente_Rinon_Derecho.png,
4,ABDOMEN,Tronco,Abdomen,Colon,Colon Ascendente - Colon Transverso,Colon Ascendente,Colon Transverso,,,,Par normal (dos puntos distintos),no,no,Torso sin camisa OK · No genitales visibles · Ropa interior en zona pélvica si aparece,vista frontal del abdomen mostrando órganos viscerales superpuestos,Manual Biomagnetismo - Tórax/Abdomen/Espalda,Tablas Holoacademia - Tronco,⏳ PENDIENTE - GENERAR,915,915_Colon_Ascendente_Colon_Transverso.png,
4,ABDOMEN,Tronco,Abdomen,Colon,Colon Descendente - Vejiga,Colon Descendente,Vejiga,,,,Par normal (dos puntos distintos),no,no,Torso sin camisa OK · No genitales visibles · Ropa interior en zona pélvica si aparece,vista frontal del abdomen mostrando órganos viscerales superpuestos,Manual Biomagnetismo - Tórax/Abdomen/Espalda,Tablas Holoacademia - Tronco,⏳ PENDIENTE - GENERAR,916,916_Colon_Descendente_Vejiga.png,
4,ABDOMEN,Tronco,Abdomen,Colon,Colon Descendente - Riñón Izquierdo,Colon Descendente,Riñón Izquierdo,Bacteria,Pasteurella,,Par normal (dos puntos distintos),SÍ,no,Torso sin camisa OK · No genitales visibles · Ropa interior en zona pélvica si aparece,vista frontal del abdomen mostrando órganos viscerales superpuestos,Manual Biomagnetismo - Tórax/Abdomen/Espalda,Tablas Holoacademia - Tronco,⏳ PENDIENTE - GENERAR,917,917_Colon_Descendente_Rinon_Izquierdo.png,
4,ABDOMEN,Tronco,Abdomen,Colon,Colon Sigmoides - Colon Sigmoides,Colon Sigmoides,Colon Sigmoides,,,,Mismo punto simple (un marcador),no,no,Torso sin camisa OK · No genitales visibles · Ropa interior en zona pélvica si aparece,vista frontal del abdomen mostrando órganos viscerales superpuestos,Manual Biomagnetismo - Tórax/Abdomen/Espalda,Tablas Holoacademia - Tronco,⏳ PENDIENTE - GENERAR,918,918_Colon_Sigmoides_Colon_Sigmoides.png,
4,ABDOMEN,Tronco,Abdomen,Colon,Colon Sigmoides - Recto,Colon Sigmoides,Recto,,,,Par normal (dos puntos distintos),no,SÍ,Licra negra ajustada + top negro si aplica · Sin desnudez · Estilo médico sobrio,vista frontal del abdomen mostrando órganos viscerales superpuestos,Manual Biomagnetismo - Tórax/Abdomen/Espalda,Tablas Holoacademia - Tronco,⏳ PENDIENTE - GENERAR,919,919_Colon_Sigmoides_Recto.png,
4,ABDOMEN,Tronco,Abdomen,Colon,Estómago - Colon Transverso,Estómago,Colon Transverso,Sin clasificar,,,Par normal (dos puntos distintos),no,no,Torso sin camisa OK · No genitales visibles · Ropa interior en zona pélvica si aparece,vista frontal del abdomen mostrando órganos viscerales superpuestos,Manual Biomagnetismo - Tórax/Abdomen/Espalda,Tablas Holoacademia - Tronco,⏳ PENDIENTE - GENERAR,920,920_Estomago_Colon_Transverso.png,
4,ABDOMEN,Tronco,Abdomen,Colon,Yeyuno - Yeyuno,Yeyuno,Yeyuno,Disfunción,,,Mismo punto simple (un marcador),no,no,Torso sin camisa OK · No genitales visibles · Ropa interior en zona pélvica si aparece,vista frontal del abdomen mostrando órganos viscerales superpuestos,Manual Biomagnetismo - Tórax/Abdomen/Espalda,Tablas Holoacademia - Tronco,⏳ PENDIENTE - GENERAR,921,921_Yeyuno_Yeyuno.png,
4,ABDOMEN,Tronco,Abdomen,Colon,Yeyuno - Riñón,Yeyuno,Riñón,Bacteria,Campylo bacte rjejuni,,Par normal (dos puntos distintos),SÍ,no,Torso sin camisa OK · No genitales visibles · Ropa interior en zona pélvica si aparece,vista frontal del abdomen mostrando órganos viscerales superpuestos,Manual Biomagnetismo - Tórax/Abdomen/Espalda,Tablas Holoacademia - Tronco,⏳ PENDIENTE - GENERAR,922,922_Yeyuno_Rinon.png,
4,ABDOMEN,Tronco,Abdomen,Colon,Colon Transverso - Parietal,Colon Transverso,Parietal,,Entoameba histolítica,,Par normal (dos puntos distintos),SÍ,no,Torso sin camisa OK · No genitales visibles · Ropa interior en zona pélvica si aparece,vista frontal del abdomen mostrando órganos viscerales superpuestos,Manual Biomagnetismo - Tórax/Abdomen/Espalda,Tablas Holoacademia - Tronco,✅ TIENE FICHA APROBADA,66,066_Colon_Transverso_Parietal.png,066_Colon_Transverso_Parietal.png
4,ABDOMEN,Tronco,Abdomen,Colon,Colon Transverso - Testículo (RAS),Colon Transverso,Testículo (RAS),,,,Par normal (dos puntos distintos),no,SÍ,Licra negra ajustada + top negro si aplica · Sin desnudez · Estilo médico sobrio,vista frontal del abdomen mostrando órganos viscerales superpuestos,Manual Biomagnetismo - Tórax/Abdomen/Espalda,Tablas Holoacademia - Tronco,⏳ PENDIENTE - GENERAR,923,923_Colon_Transverso_Testiculo_RAS.png,
4,ABDOMEN,Tronco,Abdomen,Colon,Colon Transverso - Ovario (RAS),Colon Transverso,Ovario (RAS),,,,Par normal (dos puntos distintos),no,SÍ,Licra negra ajustada + top negro si aplica · Sin desnudez · Estilo médico sobrio,vista frontal del abdomen mostrando órganos viscerales superpuestos,Manual Biomagnetismo - Tórax/Abdomen/Espalda,Tablas Holoacademia - Tronco,⏳ PENDIENTE - GENERAR,924,924_Colon_Transverso_Ovario_RAS.png,
4,ABDOMEN,Tronco,Abdomen,Colon,Colon Ascendente - COLON,Colon Ascendente,COLON,Sin clasificar,Herpes,,Par normal (dos puntos distintos),no,no,Torso sin camisa OK · No genitales visibles · Ropa interior en zona pélvica si aparece,vista frontal del abdomen mostrando órganos viscerales superpuestos,Manual Biomagnetismo - Tórax/Abdomen/Espalda,Tablas Holoacademia - Tronco,⏳ PENDIENTE - GENERAR,925,925_Colon_Ascendente_COLON.png,
4,ABDOMEN,Tronco,Abdomen,Colon,Colón Descendente - Riñón,Colón Descendente,Riñón,Sin clasificar,Pasteur ella,,Par normal (dos puntos distintos),SÍ,no,Torso sin camisa OK · No genitales visibles · Ropa interior en zona pélvica si aparece,vista frontal del abdomen mostrando órganos viscerales superpuestos,Manual Biomagnetismo - Tórax/Abdomen/Espalda,Tablas Holoacademia - Tronco,⏳ PENDIENTE - GENERAR,926,926_Colon_Descendente_Rinon.png,
4,ABDOMEN,Tronco,Abdomen,Colon,Colón Transverso - Nervio Inguinal,Colón Transverso,Nervio Inguinal,Parásito,,,Par normal (dos puntos distintos),no,SÍ,Licra negra ajustada + top negro si aplica · Sin desnudez · Estilo médico sobrio,vista frontal del abdomen mostrando órganos viscerales superpuestos,Manual Biomagnetismo - Tórax/Abdomen/Espalda,Tablas Holoacademia - Tronco,⏳ PENDIENTE - GENERAR,927,927_Colon_Transverso_Nervio_Inguinal.png,
4,ABDOMEN,Tronco,Abdomen,Colon,Colón Transverso - Colón Descendente,Colón Transverso,Colón Descendente,Sin clasificar,Giardia Lamblia,,Par normal (dos puntos distintos),no,no,Torso sin camisa OK · No genitales visibles · Ropa interior en zona pélvica si aparece,vista frontal del abdomen mostrando órganos viscerales superpuestos,Manual Biomagnetismo - Tórax/Abdomen/Espalda,Tablas Holoacademia - Tronco,⏳ PENDIENTE - GENERAR,928,928_Colon_Transverso_Colon_Descendente.png,
4,ABDOMEN,Tronco,Abdomen,Colon,Colón Transverso - Testículo Derecho,Colón Transverso,Testículo Derecho,Sin clasificar,,,Par normal (dos puntos distintos),no,SÍ,Licra negra ajustada + top negro si aplica · Sin desnudez · Estilo médico sobrio,vista frontal del abdomen mostrando órganos viscerales superpuestos,Manual Biomagnetismo - Tórax/Abdomen/Espalda,Tablas Holoacademia - Tronco,⏳ PENDIENTE - GENERAR,929,929_Colon_Transverso_Testiculo_Derecho.png,
4,ABDOMEN,Tronco,Abdomen,Colon,Pene - Ano,Pene,Ano,Virus,Cándida Albicans,,Par normal (dos puntos distintos),no,SÍ,Licra negra ajustada + top negro si aplica · Sin desnudez · Estilo médico sobrio,vista frontal del abdomen mostrando órganos viscerales superpuestos,Manual Biomagnetismo - Tórax/Abdomen/Espalda,Tablas Holoacademia - Tronco,⏳ PENDIENTE - GENERAR,930,930_Pene_Ano.png,
4,ABDOMEN,Tronco,Abdomen,Colon,Sigmoides - Nervio Inguinal IZQ,Sigmoides,Nervio Inguinal IZQ,Bacteria,Shigella,,Par normal (dos puntos distintos),no,SÍ,Licra negra ajustada + top negro si aplica · Sin desnudez · Estilo médico sobrio,vista frontal del abdomen mostrando órganos viscerales superpuestos,Manual Biomagnetismo - Tórax/Abdomen/Espalda,Tablas Holoacademia - Tronco,⏳ PENDIENTE - GENERAR,931,931_Sigmoides_Nervio_Inguinal_IZQ.png,
4,ABDOMEN,Tronco,Abdomen,Colon,Testículo Derecho - Recto,Testículo Derecho,Recto,Virus,Papiloma,,Par normal (dos puntos distintos),no,SÍ,Licra negra ajustada + top negro si aplica · Sin desnudez · Estilo médico sobrio,vista frontal del abdomen mostrando órganos viscerales superpuestos,Manual Biomagnetismo - Tórax/Abdomen/Espalda,Tablas Holoacademia - Tronco,⏳ PENDIENTE - GENERAR,932,932_Testiculo_Derecho_Recto.png,
4,ABDOMEN,Tronco,Abdomen,Colon,Yeyuno - Riñón Derecho,Yeyuno,Riñón Derecho,Bacteria,Camoylobacter Jejuni,,Par normal (dos puntos distintos),SÍ,no,Torso sin camisa OK · No genitales visibles · Ropa interior en zona pélvica si aparece,vista frontal del abdomen mostrando órganos viscerales superpuestos,Manual Biomagnetismo - Tórax/Abdomen/Espalda,Tablas Holoacademia - Tronco,⏳ PENDIENTE - GENERAR,933,933_Yeyuno_Rinon_Derecho.png,
4,ABDOMEN,Tronco,Abdomen,Colon,Colon Ascendente - Riñón,Colon Ascendente,Riñón,Disfunción,"Colon Transverso, Bochornos con transpiración, Dolor de cabeza",,Par normal (dos puntos distintos),SÍ,no,Torso sin camisa OK · No genitales visibles · Ropa interior en zona pélvica si aparece,vista frontal del abdomen mostrando órganos viscerales superpuestos,Manual Biomagnetismo - Tórax/Abdomen/Espalda,Tablas Holoacademia - Tronco,⏳ PENDIENTE - GENERAR,934,934_Colon_Ascendente_Rinon.png,
4,ABDOMEN,Tronco,Abdomen,Riñón,Cápsula Renal Derecha - Riñón Derecho,Cápsula Renal Derecha,Riñón Derecho,Virus,V.I.H RESERVORIO,,Par normal (dos puntos distintos),no,no,Torso sin camisa OK · No genitales visibles · Ropa interior en zona pélvica si aparece,vista frontal del abdomen mostrando órganos viscerales superpuestos,Manual Biomagnetismo - Tórax/Abdomen/Espalda,Tablas Holoacademia - Tronco,⏳ PENDIENTE - GENERAR,935,935_Capsula_Renal_Derecha_Rinon_Derecho.png,
4,ABDOMEN,Tronco,Abdomen,Riñón,Cápsula Renal Derecha - Riñón Izquierdo,Cápsula Renal Derecha,Riñón Izquierdo,Reservorio,V.LHRESERVORIO,,Par normal (dos puntos distintos),no,no,Torso sin camisa OK · No genitales visibles · Ropa interior en zona pélvica si aparece,vista frontal del abdomen mostrando órganos viscerales superpuestos,Manual Biomagnetismo - Tórax/Abdomen/Espalda,Tablas Holoacademia - Tronco,⏳ PENDIENTE - GENERAR,936,936_Capsula_Renal_Derecha_Rinon_Izquierdo.png,
4,ABDOMEN,Tronco,Abdomen,Riñón,Cápsula Renal Derecha - Vejiga,Cápsula Renal Derecha,Vejiga,Tóxico,,,Par normal (dos puntos distintos),no,no,Torso sin camisa OK · No genitales visibles · Ropa interior en zona pélvica si aparece,vista frontal del abdomen mostrando órganos viscerales superpuestos,Manual Biomagnetismo - Tórax/Abdomen/Espalda,Tablas Holoacademia - Tronco,⏳ PENDIENTE - GENERAR,937,937_Capsula_Renal_Derecha_Vejiga.png,
4,ABDOMEN,Tronco,Abdomen,Riñón,Cápsula Renal Derecha - Vesícula,Cápsula Renal Derecha,Vesícula,Bacteria,Escherichia Colli,,Par normal (dos puntos distintos),no,no,Torso sin camisa OK · No genitales visibles · Ropa interior en zona pélvica si aparece,vista frontal del abdomen mostrando órganos viscerales superpuestos,Manual Biomagnetismo - Tórax/Abdomen/Espalda,Tablas Holoacademia - Tronco,⏳ PENDIENTE - GENERAR,938,938_Capsula_Renal_Derecha_Vesicula.png,
4,ABDOMEN,Tronco,Abdomen,Riñón,Área Visual - Riñón,Área Visual,Riñón,Especial/Disfunción,Espe cial,,Par normal (dos puntos distintos),no,no,Torso sin camisa OK · No genitales visibles · Ropa interior en zona pélvica si aparece,vista frontal del abdomen mostrando órganos viscerales superpuestos,Manual Biomagnetismo - Tórax/Abdomen/Espalda,Tablas Holoacademia - Tronco,⏳ PENDIENTE - GENERAR,939,939_Area_Visual_Rinon.png,
4,ABDOMEN,Tronco,Abdomen,Riñón,Articulación - Riñón Derecho,Articulación,Riñón Derecho,,,,Par normal (dos puntos distintos),no,no,Torso sin camisa OK · No genitales visibles · Ropa interior en zona pélvica si aparece,vista frontal del abdomen mostrando órganos viscerales superpuestos,Manual Biomagnetismo - Tórax/Abdomen/Espalda,Tablas Holoacademia - Tronco,⏳ PENDIENTE - GENERAR,940,940_Articulacion_Rinon_Derecho.png,
4,ABDOMEN,Tronco,Abdomen,Riñón,Ascendente - Riñón Derecho,Ascendente,Riñón Derecho,,,,Par normal (dos puntos distintos),no,no,Torso sin camisa OK · No genitales visibles · Ropa interior en zona pélvica si aparece,vista frontal del abdomen mostrando órganos viscerales superpuestos,Manual Biomagnetismo - Tórax/Abdomen/Espalda,Tablas Holoacademia - Tronco,⏳ PENDIENTE - GENERAR,941,941_Ascendente_Rinon_Derecho.png,
4,ABDOMEN,Tronco,Abdomen,Riñón,Capsula Renal - Riñón Mismo Lado,Capsula Renal,Riñón Mismo Lado,,,,Par normal (dos puntos distintos),no,no,Torso sin camisa OK · No genitales visibles · Ropa interior en zona pélvica si aparece,vista frontal del abdomen mostrando órganos viscerales superpuestos,Manual Biomagnetismo - Tórax/Abdomen/Espalda,Tablas Holoacademia - Tronco,⏳ PENDIENTE - GENERAR,942,942_Capsula_Renal_Rinon_Mismo_Lado.png,
4,ABDOMEN,Tronco,Abdomen,Riñón,Capsula Renal Derecha - Riñón Izquierdo Reservorio,Capsula Renal Derecha,Riñón Izquierdo Reservorio,,,,Par normal (dos puntos distintos),no,no,Torso sin camisa OK · No genitales visibles · Ropa interior en zona pélvica si aparece,vista frontal del abdomen mostrando órganos viscerales superpuestos,Manual Biomagnetismo - Tórax/Abdomen/Espalda,Tablas Holoacademia - Tronco,⏳ PENDIENTE - GENERAR,943,943_Capsula_Renal_Derecha_Rinon_Izquierdo_Reservorio.png,
4,ABDOMEN,Tronco,Abdomen,Riñón,Cervical - Cápsula Renal,Cervical,Cápsula Renal,,,,Par normal (dos puntos distintos),no,no,Torso sin camisa OK · No genitales visibles · Ropa interior en zona pélvica si aparece,vista frontal del abdomen mostrando órganos viscerales superpuestos,Manual Biomagnetismo - Tórax/Abdomen/Espalda,Tablas Holoacademia - Tronco,⏳ PENDIENTE - GENERAR,944,944_Cervical_Capsula_Renal.png,
4,ABDOMEN,Tronco,Abdomen,Riñón,Cervicales - Riñón Derecho Izquierdo,Cervicales,Riñón Derecho Izquierdo,,,,Par normal (dos puntos distintos),SÍ,no,Torso sin camisa OK · No genitales visibles · Ropa interior en zona pélvica si aparece,vista frontal del abdomen mostrando órganos viscerales superpuestos,Manual Biomagnetismo - Tórax/Abdomen/Espalda,Tablas Holoacademia - Tronco,⏳ PENDIENTE - GENERAR,945,945_Cervicales_Rinon_Derecho_Izquierdo.png,
4,ABDOMEN,Tronco,Abdomen,Riñón,Cervicales - Riñones,Cervicales,Riñones,Disfunción,,,Par normal (dos puntos distintos),SÍ,no,Torso sin camisa OK · No genitales visibles · Ropa interior en zona pélvica si aparece,vista frontal del abdomen mostrando órganos viscerales superpuestos,Manual Biomagnetismo - Tórax/Abdomen/Espalda,Tablas Holoacademia - Tronco,⏳ PENDIENTE - GENERAR,946,946_Cervicales_Rinones.png,
4,ABDOMEN,Tronco,Abdomen,Riñón,Cervicales - Suprarrenales,Cervicales,Suprarrenales,Sin clasificar,,,Par normal (dos puntos distintos),SÍ,no,Torso sin camisa OK · No genitales visibles · Ropa interior en zona pélvica si aparece,vista frontal del abdomen mostrando órganos viscerales superpuestos,Manual Biomagnetismo - Tórax/Abdomen/Espalda,Tablas Holoacademia - Tronco,⏳ PENDIENTE - GENERAR,947,947_Cervicales_Suprarrenales.png,
4,ABDOMEN,Tronco,Abdomen,Riñón,CICATRIZ - Riñón,CICATRIZ,Riñón,,,,Par normal (dos puntos distintos),no,no,Torso sin camisa OK · No genitales visibles · Ropa interior en zona pélvica si aparece,vista frontal del abdomen mostrando órganos viscerales superpuestos,Manual Biomagnetismo - Tórax/Abdomen/Espalda,Tablas Holoacademia - Tronco,⏳ PENDIENTE - GENERAR,948,948_CICATRIZ_Rinon.png,
4,ABDOMEN,Tronco,Abdomen,Riñón,Cápsula Renal - Riñón,Cápsula Renal,Riñón,Reservorio,Alex,,Par normal (dos puntos distintos),no,no,Torso sin camisa OK · No genitales visibles · Ropa interior en zona pélvica si aparece,vista frontal del abdomen mostrando órganos viscerales superpuestos,Manual Biomagnetismo - Tórax/Abdomen/Espalda,Tablas Holoacademia - Tronco,✅ TIENE FICHA APROBADA,70,070_Rinon_Capsula_Renal.png,070_Rinon_Capsula_Renal.png
4,ABDOMEN,Tronco,Abdomen,Riñón,Riñón - Escápula,Riñón,Escápula,,,,Par normal (dos puntos distintos),no,no,Torso sin camisa OK · No genitales visibles · Ropa interior en zona pélvica si aparece,vista frontal del abdomen mostrando órganos viscerales superpuestos,Manual Biomagnetismo - Tórax/Abdomen/Espalda,Tablas Holoacademia - Tronco,⏳ PENDIENTE - GENERAR,949,949_Rinon_Escapula.png,
4,ABDOMEN,Tronco,Abdomen,Riñón,Riñón - Deltoides,Riñón,Deltoides,Parásito,Leis maní a,,Par normal (dos puntos distintos),SÍ,no,Torso sin camisa OK · No genitales visibles · Ropa interior en zona pélvica si aparece,vista frontal del abdomen mostrando órganos viscerales superpuestos,Manual Biomagnetismo - Tórax/Abdomen/Espalda,Tablas Holoacademia - Tronco,⏳ PENDIENTE - GENERAR,950,950_Rinon_Deltoides.png,
4,ABDOMEN,Tronco,Abdomen,Riñón,Riñón - Sacro Contralateral,Riñón,Sacro Contralateral,Disfunción,Disfu nció nintes tinal,,Par normal (dos puntos distintos),SÍ,SÍ,Licra negra ajustada + top negro si aplica · Sin desnudez · Estilo médico sobrio,vista frontal del abdomen mostrando órganos viscerales superpuestos,Manual Biomagnetismo - Tórax/Abdomen/Espalda,Tablas Holoacademia - Tronco,⏳ PENDIENTE - GENERAR,951,951_Rinon_Sacro_Contralateral.png,
4,ABDOMEN,Tronco,Abdomen,Riñón,Riñón - Riñón Inferior,Riñón,Riñón Inferior,,,,Par normal (dos puntos distintos),no,no,Torso sin camisa OK · No genitales visibles · Ropa interior en zona pélvica si aparece,vista frontal del abdomen mostrando órganos viscerales superpuestos,Manual Biomagnetismo - Tórax/Abdomen/Espalda,Tablas Holoacademia - Tronco,⏳ PENDIENTE - GENERAR,952,952_Rinon_Rinon_Inferior.png,
4,ABDOMEN,Tronco,Abdomen,Riñón,Riñón Derecho - Hígado,Riñón Derecho,Hígado,Especial/Disfunción,Cirrosis hepática,,Par normal (dos puntos distintos),SÍ,no,Torso sin camisa OK · No genitales visibles · Ropa interior en zona pélvica si aparece,vista frontal del abdomen mostrando órganos viscerales superpuestos,Manual Biomagnetismo - Tórax/Abdomen/Espalda,Tablas Holoacademia - Tronco,⏳ PENDIENTE - GENERAR,953,953_Rinon_Derecho_Higado.png,
4,ABDOMEN,Tronco,Abdomen,Riñón,Riñón Derecho - Duodeno,Riñón Derecho,Duodeno,Especial/Disfunción,Chlamydia trachomatis,,Par normal (dos puntos distintos),SÍ,no,Torso sin camisa OK · No genitales visibles · Ropa interior en zona pélvica si aparece,vista frontal del abdomen mostrando órganos viscerales superpuestos,Manual Biomagnetismo - Tórax/Abdomen/Espalda,Tablas Holoacademia - Tronco,⏳ PENDIENTE - GENERAR,954,954_Rinon_Derecho_Duodeno.png,
4,ABDOMEN,Tronco,Abdomen,Riñón,Riñón Izquierdo - Mastoides,Riñón Izquierdo,Mastoides,Sin clasificar,,,Par normal (dos puntos distintos),SÍ,no,Torso sin camisa OK · No genitales visibles · Ropa interior en zona pélvica si aparece,vista frontal del abdomen mostrando órganos viscerales superpuestos,Manual Biomagnetismo - Tórax/Abdomen/Espalda,Tablas Holoacademia - Tronco,⏳ PENDIENTE - GENERAR,955,955_Rinon_Izquierdo_Mastoides.png,
4,ABDOMEN,Tronco,Abdomen,Riñón,Riñón Izquierdo - Ojo,Riñón Izquierdo,Ojo,,,,Par normal (dos puntos distintos),SÍ,no,Torso sin camisa OK · No genitales visibles · Ropa interior en zona pélvica si aparece,vista frontal del abdomen mostrando órganos viscerales superpuestos,Manual Biomagnetismo - Tórax/Abdomen/Espalda,Tablas Holoacademia - Tronco,⏳ PENDIENTE - GENERAR,956,956_Rinon_Izquierdo_Ojo.png,
4,ABDOMEN,Tronco,Abdomen,Riñón,Riñón Izquierdo - Conducto del Páncreas,Riñón Izquierdo,Conducto del Páncreas,Sin clasificar,Espiroqueta,,Par normal (dos puntos distintos),SÍ,no,Torso sin camisa OK · No genitales visibles · Ropa interior en zona pélvica si aparece,vista frontal del abdomen mostrando órganos viscerales superpuestos,Manual Biomagnetismo - Tórax/Abdomen/Espalda,Tablas Holoacademia - Tronco,⏳ PENDIENTE - GENERAR,957,957_Rinon_Izquierdo_Conducto_del_Pancreas.png,
4,ABDOMEN,Tronco,Abdomen,Riñón,Riñón Izquierdo - Útero,Riñón Izquierdo,Útero,Bacteria,Providencia Stuartii,,Par normal (dos puntos distintos),SÍ,SÍ,Licra negra ajustada + top negro si aplica · Sin desnudez · Estilo médico sobrio,vista frontal del abdomen mostrando órganos viscerales superpuestos,Manual Biomagnetismo - Tórax/Abdomen/Espalda,Tablas Holoacademia - Tronco,⏳ PENDIENTE - GENERAR,958,958_Rinon_Izquierdo_Utero.png,
4,ABDOMEN,Tronco,Abdomen,Riñón,Riñones - Interiliaco,Riñones,Interiliaco,Reservorio,RESERVORIO,,Par normal (dos puntos distintos),SÍ,no,Torso sin camisa OK · No genitales visibles · Ropa interior en zona pélvica si aparece,vista frontal del abdomen mostrando órganos viscerales superpuestos,Manual Biomagnetismo - Tórax/Abdomen/Espalda,Tablas Holoacademia - Tronco,⏳ PENDIENTE - GENERAR,959,959_Rinones_Interiliaco.png,
4,ABDOMEN,Tronco,Abdomen,Riñón,Cervicales - Cápsula Renal,Cervicales,Cápsula Renal,Disfunción,,,Par normal (dos puntos distintos),no,no,Torso sin camisa OK · No genitales visibles · Ropa interior en zona pélvica si aparece,vista frontal del abdomen mostrando órganos viscerales superpuestos,Manual Biomagnetismo - Tórax/Abdomen/Espalda,Tablas Holoacademia - Tronco,⏳ PENDIENTE - GENERAR,960,960_Cervicales_Capsula_Renal.png,
4,ABDOMEN,Tronco,Abdomen,Riñón,Cervicales - Dorsales,Cervicales,Dorsales,Sin clasificar,Pasci ano oTenn isElbo w,,Par normal (dos puntos distintos),SÍ,no,Torso sin camisa OK · No genitales visibles · Ropa interior en zona pélvica si aparece,vista frontal del abdomen mostrando órganos viscerales superpuestos,Manual Biomagnetismo - Tórax/Abdomen/Espalda,Tablas Holoacademia - Tronco,⏳ PENDIENTE - GENERAR,961,961_Cervicales_Dorsales.png,
4,ABDOMEN,Tronco,Abdomen,Riñón,Cervicales - Deltoides DER,Cervicales,Deltoides DER,,,,Par normal (dos puntos distintos),SÍ,no,Torso sin camisa OK · No genitales visibles · Ropa interior en zona pélvica si aparece,vista frontal del abdomen mostrando órganos viscerales superpuestos,Manual Biomagnetismo - Tórax/Abdomen/Espalda,Tablas Holoacademia - Tronco,⏳ PENDIENTE - GENERAR,962,962_Cervicales_Deltoides_DER.png,
4,ABDOMEN,Tronco,Abdomen,Riñón,Cervicales - Dorsal,Cervicales,Dorsal,Especial/Disfunción,,,Par normal (dos puntos distintos),SÍ,no,Torso sin camisa OK · No genitales visibles · Ropa interior en zona pélvica si aparece,vista frontal del abdomen mostrando órganos viscerales superpuestos,Manual Biomagnetismo - Tórax/Abdomen/Espalda,Tablas Holoacademia - Tronco,⏳ PENDIENTE - GENERAR,963,963_Cervicales_Dorsal.png,
4,ABDOMEN,Tronco,Abdomen,Riñón,Cervicales - Lumbares,Cervicales,Lumbares,Emocional/Psicoemocional,,,Par normal (dos puntos distintos),SÍ,no,Torso sin camisa OK · No genitales visibles · Ropa interior en zona pélvica si aparece,vista frontal del abdomen mostrando órganos viscerales superpuestos,Manual Biomagnetismo - Tórax/Abdomen/Espalda,Tablas Holoacademia - Tronco,⏳ PENDIENTE - GENERAR,964,964_Cervicales_Lumbares.png,
4,ABDOMEN,Tronco,Abdomen,Riñón,Cervicales - Plexo Cervical Derecho,Cervicales,Plexo Cervical Derecho,Especial/Disfunción,,,Par normal (dos puntos distintos),no,no,Torso sin camisa OK · No genitales visibles · Ropa interior en zona pélvica si aparece,vista frontal del abdomen mostrando órganos viscerales superpuestos,Manual Biomagnetismo - Tórax/Abdomen/Espalda,Tablas Holoacademia - Tronco,⏳ PENDIENTE - GENERAR,965,965_Cervicales_Plexo_Cervical_Derecho.png,
4,ABDOMEN,Tronco,Abdomen,Riñón,Conducto Páncreas - Riñón Derecho,Conducto Páncreas,Riñón Derecho,Bacteria,Mycobaterium Leprae,,Par normal (dos puntos distintos),SÍ,no,Torso sin camisa OK · No genitales visibles · Ropa interior en zona pélvica si aparece,vista frontal del abdomen mostrando órganos viscerales superpuestos,Manual Biomagnetismo - Tórax/Abdomen/Espalda,Tablas Holoacademia - Tronco,⏳ PENDIENTE - GENERAR,966,966_Conducto_Pancreas_Rinon_Derecho.png,
4,ABDOMEN,Tronco,Abdomen,Riñón,Conducto Vesícula - Riñón Derecho,Conducto Vesícula,Riñón Derecho,Bacteria,Espiroqueta,,Par normal (dos puntos distintos),SÍ,no,Torso sin camisa OK · No genitales visibles · Ropa interior en zona pélvica si aparece,vista frontal del abdomen mostrando órganos viscerales superpuestos,Manual Biomagnetismo - Tórax/Abdomen/Espalda,Tablas Holoacademia - Tronco,⏳ PENDIENTE - GENERAR,967,967_Conducto_Vesicula_Rinon_Derecho.png,
4,ABDOMEN,Tronco,Abdomen,Riñón,Cuerpo de Páncreas - Riñón Derecho,Cuerpo de Páncreas,Riñón Derecho,Sin clasificar,Escherichia Colli,,Par normal (dos puntos distintos),SÍ,no,Torso sin camisa OK · No genitales visibles · Ropa interior en zona pélvica si aparece,vista frontal del abdomen mostrando órganos viscerales superpuestos,Manual Biomagnetismo - Tórax/Abdomen/Espalda,Tablas Holoacademia - Tronco,⏳ PENDIENTE - GENERAR,968,968_Cuerpo_de_Pancreas_Rinon_Derecho.png,
4,ABDOMEN,Tronco,Abdomen,Riñón,Ligamento Pancreático - Riñón Derecho,Ligamento Pancreático,Riñón Derecho,Virus,Adenovirus,,Par normal (dos puntos distintos),no,no,Torso sin camisa OK · No genitales visibles · Ropa interior en zona pélvica si aparece,vista frontal del abdomen mostrando órganos viscerales superpuestos,Manual Biomagnetismo - Tórax/Abdomen/Espalda,Tablas Holoacademia - Tronco,⏳ PENDIENTE - GENERAR,969,969_Ligamento_Pancreatico_Rinon_Derecho.png,
4,ABDOMEN,Tronco,Abdomen,Riñón,Malar Izquierdo - Riñón Derecho,Malar Izquierdo,Riñón Derecho,Parásito,Paludismo Fibromialgia,,Par normal (dos puntos distintos),no,no,Torso sin camisa OK · No genitales visibles · Ropa interior en zona pélvica si aparece,vista frontal del abdomen mostrando órganos viscerales superpuestos,Manual Biomagnetismo - Tórax/Abdomen/Espalda,Tablas Holoacademia - Tronco,⏳ PENDIENTE - GENERAR,970,970_Malar_Izquierdo_Rinon_Derecho.png,
4,ABDOMEN,Tronco,Abdomen,Riñón,Mastoides derecha - Riñón Derecho,Mastoides derecha,Riñón Derecho,,,,Par normal (dos puntos distintos),SÍ,no,Torso sin camisa OK · No genitales visibles · Ropa interior en zona pélvica si aparece,vista frontal del abdomen mostrando órganos viscerales superpuestos,Manual Biomagnetismo - Tórax/Abdomen/Espalda,Tablas Holoacademia - Tronco,⏳ PENDIENTE - GENERAR,971,971_Mastoides_derecha_Rinon_Derecho.png,
4,ABDOMEN,Tronco,Abdomen,Riñón,Nervio Vago - Riñón,Nervio Vago,Riñón,Especial/Disfunción,Bena vides,,Par normal (dos puntos distintos),no,no,Torso sin camisa OK · No genitales visibles · Ropa interior en zona pélvica si aparece,vista frontal del abdomen mostrando órganos viscerales superpuestos,Manual Biomagnetismo - Tórax/Abdomen/Espalda,Tablas Holoacademia - Tronco,⏳ PENDIENTE - GENERAR,972,972_Nervio_Vago_Rinon.png,
4,ABDOMEN,Tronco,Abdomen,Riñón,Parótida DER - Riñón Derecho,Parótida DER,Riñón Derecho,,,,Par normal (dos puntos distintos),SÍ,no,Torso sin camisa OK · No genitales visibles · Ropa interior en zona pélvica si aparece,vista frontal del abdomen mostrando órganos viscerales superpuestos,Manual Biomagnetismo - Tórax/Abdomen/Espalda,Tablas Holoacademia - Tronco,⏳ PENDIENTE - GENERAR,973,973_Parotida_DER_Rinon_Derecho.png,
4,ABDOMEN,Tronco,Abdomen,Riñón,Riñón - Cuerpo de Páncreas,Riñón,Cuerpo de Páncreas,Hongo,,,Par normal (dos puntos distintos),SÍ,no,Torso sin camisa OK · No genitales visibles · Ropa interior en zona pélvica si aparece,vista frontal del abdomen mostrando órganos viscerales superpuestos,Manual Biomagnetismo - Tórax/Abdomen/Espalda,Tablas Holoacademia - Tronco,⏳ PENDIENTE - GENERAR,974,974_Rinon_Cuerpo_de_Pancreas.png,
4,ABDOMEN,Tronco,Abdomen,Riñón,Riñón - Mastoides,Riñón,Mastoides,Especial/Disfunción,,,Par normal (dos puntos distintos),SÍ,no,Torso sin camisa OK · No genitales visibles · Ropa interior en zona pélvica si aparece,vista frontal del abdomen mostrando órganos viscerales superpuestos,Manual Biomagnetismo - Tórax/Abdomen/Espalda,Tablas Holoacademia - Tronco,⏳ PENDIENTE - GENERAR,975,975_Rinon_Mastoides.png,
4,ABDOMEN,Tronco,Abdomen,Riñón,Riñón Derecho - Escápula Derecha,Riñón Derecho,Escápula Derecha,Especial/Disfunción,,,Par normal (dos puntos distintos),no,no,Torso sin camisa OK · No genitales visibles · Ropa interior en zona pélvica si aparece,vista frontal del abdomen mostrando órganos viscerales superpuestos,Manual Biomagnetismo - Tórax/Abdomen/Espalda,Tablas Holoacademia - Tronco,⏳ PENDIENTE - GENERAR,976,976_Rinon_Derecho_Escapula_Derecha.png,
4,ABDOMEN,Tronco,Abdomen,Riñón,Riñón Derecho - Sacro IZQ,Riñón Derecho,Sacro IZQ,,,,Par normal (dos puntos distintos),SÍ,SÍ,Licra negra ajustada + top negro si aplica · Sin desnudez · Estilo médico sobrio,vista frontal del abdomen mostrando órganos viscerales superpuestos,Manual Biomagnetismo - Tórax/Abdomen/Espalda,Tablas Holoacademia - Tronco,⏳ PENDIENTE - GENERAR,977,977_Rinon_Derecho_Sacro_IZQ.png,
4,ABDOMEN,Tronco,Abdomen,Riñón,Riñón - Cáp Renal,Riñón,Cáp Renal,Reservorio,"Rese rvori o , Espe cial y disfu nció n",,Par normal (dos puntos distintos),no,no,Torso sin camisa OK · No genitales visibles · Ropa interior en zona pélvica si aparece,vista frontal del abdomen mostrando órganos viscerales superpuestos,Manual Biomagnetismo - Tórax/Abdomen/Espalda,Tablas Holoacademia - Tronco,⏳ PENDIENTE - GENERAR,978,978_Rinon_Cap_Renal.png,
4,ABDOMEN,Tronco,Abdomen,Riñón,Riñón Derecho - Paratiroides,Riñón Derecho,Paratiroides,,,,Par normal (dos puntos distintos),SÍ,no,Torso sin camisa OK · No genitales visibles · Ropa interior en zona pélvica si aparece,vista frontal del abdomen mostrando órganos viscerales superpuestos,Manual Biomagnetismo - Tórax/Abdomen/Espalda,Tablas Holoacademia - Tronco,⏳ PENDIENTE - GENERAR,979,979_Rinon_Derecho_Paratiroides.png,
4,ABDOMEN,Tronco,Abdomen,Riñón,CICATRIZ - CICATRIZ,CICATRIZ,CICATRIZ,Reservorio,UNIVERSAL,,Mismo punto simple (un marcador),no,no,Torso sin camisa OK · No genitales visibles · Ropa interior en zona pélvica si aparece,vista frontal del abdomen mostrando órganos viscerales superpuestos,Manual Biomagnetismo - Tórax/Abdomen/Espalda,Tablas Holoacademia - Tronco,⏳ PENDIENTE - GENERAR,980,980_CICATRIZ_CICATRIZ.png,
4,ABDOMEN,Tronco,Abdomen,Riñón,Parietal IZQ - Riñón Derecho,Parietal IZQ,Riñón Derecho,,,,Par normal (dos puntos distintos),SÍ,no,Torso sin camisa OK · No genitales visibles · Ropa interior en zona pélvica si aparece,vista frontal del abdomen mostrando órganos viscerales superpuestos,Manual Biomagnetismo - Tórax/Abdomen/Espalda,Tablas Holoacademia - Tronco,⏳ PENDIENTE - GENERAR,981,981_Parietal_IZQ_Rinon_Derecho.png,
4,ABDOMEN,Tronco,Abdomen,Riñón,Riñón Derecho - Cápsula Renal Izquierda,Riñón Derecho,Cápsula Renal Izquierda,Reservorio,DEL V.I.H,,Par normal (dos puntos distintos),no,no,Torso sin camisa OK · No genitales visibles · Ropa interior en zona pélvica si aparece,vista frontal del abdomen mostrando órganos viscerales superpuestos,Manual Biomagnetismo - Tórax/Abdomen/Espalda,Tablas Holoacademia - Tronco,⏳ PENDIENTE - GENERAR,982,982_Rinon_Derecho_Capsula_Renal_Izquierda.png,
4,ABDOMEN,Tronco,Abdomen,Suprarrenal,Suprarrenal - Pulmón Bilateral,Suprarrenal,Pulmón Bilateral,Bacteria,Pseu dom ona Aeru gino,,Par normal (dos puntos distintos),SÍ,no,Torso sin camisa OK · No genitales visibles · Ropa interior en zona pélvica si aparece,vista frontal del abdomen mostrando órganos viscerales superpuestos,Manual Biomagnetismo - Tórax/Abdomen/Espalda,Tablas Holoacademia - Tronco,⏳ PENDIENTE - GENERAR,983,983_Suprarrenal_Pulmon_Bilateral.png,
4,ABDOMEN,Tronco,Abdomen,Suprarrenal,Suprarrenal - Frente del Cuerpo,Suprarrenal,Frente del Cuerpo,,,,Par normal (dos puntos distintos),no,no,Torso sin camisa OK · No genitales visibles · Ropa interior en zona pélvica si aparece,vista frontal del abdomen mostrando órganos viscerales superpuestos,Manual Biomagnetismo - Tórax/Abdomen/Espalda,Tablas Holoacademia - Tronco,⏳ PENDIENTE - GENERAR,984,984_Suprarrenal_Frente_del_Cuerpo.png,
4,ABDOMEN,Tronco,Abdomen,Suprarrenal,Suprarrenal - Suprarrenales,Suprarrenal,Suprarrenales,,,,Par normal (dos puntos distintos),no,no,Torso sin camisa OK · No genitales visibles · Ropa interior en zona pélvica si aparece,vista frontal del abdomen mostrando órganos viscerales superpuestos,Manual Biomagnetismo - Tórax/Abdomen/Espalda,Tablas Holoacademia - Tronco,⏳ PENDIENTE - GENERAR,985,985_Suprarrenal_Suprarrenales.png,
4,ABDOMEN,Tronco,Abdomen,Suprarrenal,Zona Suprarrenal - Riñón Opuesto,Zona Suprarrenal,Riñón Opuesto,,,,Par normal (dos puntos distintos),no,no,Torso sin camisa OK · No genitales visibles · Ropa interior en zona pélvica si aparece,vista frontal del abdomen mostrando órganos viscerales superpuestos,Manual Biomagnetismo - Tórax/Abdomen/Espalda,Tablas Holoacademia - Tronco,⏳ PENDIENTE - GENERAR,986,986_Zona_Suprarrenal_Rinon_Opuesto.png,
4,ABDOMEN,Tronco,Hepatitis,Hepático 1,Colon Descendente - Hígado,Colon Descendente,Hígado,Bacteria,Pasteurella,,Par normal (dos puntos distintos),no,no,Torso sin camisa OK · No genitales visibles · Ropa interior en zona pélvica si aparece,vista frontal del abdomen superior enfocado en zona hepática,Manual Biomagnetismo - Tórax/Abdomen/Espalda,Tablas Holoacademia - Tronco,✅ TIENE FICHA APROBADA,83,083_Colon_descendente_higado.png,083_Colon_descendente_higado.png
4,ABDOMEN,Tronco,Hepatitis,Hepático 1,Hígado - Pleura,Hígado,Pleura,Virus,Hepa titis B,,Par normal (dos puntos distintos),SÍ,no,Torso sin camisa OK · No genitales visibles · Ropa interior en zona pélvica si aparece,vista frontal del abdomen superior enfocado en zona hepática,Manual Biomagnetismo - Tórax/Abdomen/Espalda,Tablas Holoacademia - Tronco,⏳ PENDIENTE - GENERAR,987,987_Higado_Pleura.png,
4,ABDOMEN,Tronco,Hepatitis,Hepático 1,Hígado - Hígado,Hígado,Hígado,Complejo,Hepatitis C,,Mismo punto simple (un marcador),no,no,Torso sin camisa OK · No genitales visibles · Ropa interior en zona pélvica si aparece,vista frontal del abdomen superior enfocado en zona hepática,Manual Biomagnetismo - Tórax/Abdomen/Espalda,Tablas Holoacademia - Tronco,✅ TIENE FICHA APROBADA,91,091_Higado_Higado.png,091_Higado_Higado.png
4,ABDOMEN,Tronco,Hepatitis,Hepático 1,Duodeno - Hígado,Duodeno,Hígado,Bacteria,Hepatitis D,,Par normal (dos puntos distintos),no,no,Torso sin camisa OK · No genitales visibles · Ropa interior en zona pélvica si aparece,vista frontal del abdomen superior enfocado en zona hepática,Manual Biomagnetismo - Tórax/Abdomen/Espalda,Tablas Holoacademia - Tronco,✅ TIENE FICHA APROBADA,33,033_Duodeno_higado.png,033_Duodeno_higado.png
4,ABDOMEN,Tronco,Hepatitis,Hepático 2,Colon Ascendente - Hígado,Colon Ascendente,Hígado,Bacteria,Klebsiella pneumoniae,,Par normal (dos puntos distintos),no,no,Torso sin camisa OK · No genitales visibles · Ropa interior en zona pélvica si aparece,vista frontal del abdomen superior enfocado en zona hepática,Manual Biomagnetismo - Tórax/Abdomen/Espalda,Tablas Holoacademia - Tronco,⏳ PENDIENTE - GENERAR,988,988_Colon_Ascendente_Higado.png,
4,ABDOMEN,Tronco,Hepatitis,Hepático 2,Costo Hepático - Hígado,Costo Hepático,Hígado,Bacteria,Borrelia,,Par normal (dos puntos distintos),no,no,Torso sin camisa OK · No genitales visibles · Ropa interior en zona pélvica si aparece,vista frontal del abdomen superior enfocado en zona hepática,Manual Biomagnetismo - Tórax/Abdomen/Espalda,Tablas Holoacademia - Tronco,⏳ PENDIENTE - GENERAR,989,989_Costo_Hepatico_Higado.png,
4,ABDOMEN,Tronco,Hepatitis,Hepático 2,Colon Transverso - Hígado,Colon Transverso,Hígado,Bacteria,Vibrio cholerae,,Par normal (dos puntos distintos),no,no,Torso sin camisa OK · No genitales visibles · Ropa interior en zona pélvica si aparece,vista frontal del abdomen superior enfocado en zona hepática,Manual Biomagnetismo - Tórax/Abdomen/Espalda,Tablas Holoacademia - Tronco,✅ TIENE FICHA APROBADA,84,084_Colon_transverso_higado.png,084_Colon_transverso_higado.png
4,ABDOMEN,Tronco,Hepatitis,Hepático 2,Cola de Páncreas - Hígado,Cola de Páncreas,Hígado,Bacteria,Chlostirium botulinum,,Par normal (dos puntos distintos),no,no,Torso sin camisa OK · No genitales visibles · Ropa interior en zona pélvica si aparece,vista frontal del abdomen superior enfocado en zona hepática,Manual Biomagnetismo - Tórax/Abdomen/Espalda,Tablas Holoacademia - Tronco,✅ TIENE FICHA APROBADA,29,029_Cola_de_pancreas_higado.png,029_Cola_de_pancreas_higado.png
4,ABDOMEN,Tronco,Hepatitis,Hepático 2,Costo Hepático - Costo Hepático,Costo Hepático,Costo Hepático,Bacteria,Borrelia,,Mismo punto simple (un marcador),no,no,Torso sin camisa OK · No genitales visibles · Ropa interior en zona pélvica si aparece,vista frontal del abdomen superior enfocado en zona hepática,Manual Biomagnetismo - Tórax/Abdomen/Espalda,Tablas Holoacademia - Tronco,⏳ PENDIENTE - GENERAR,990,990_Costo_Hepatico_Costo_Hepatico.png,
4,ABDOMEN,Tronco,Hepatitis,Hepático 3,Bazo - Hígado,Bazo,Hígado,Bacteria,Brucella,,Par normal (dos puntos distintos),no,no,Torso sin camisa OK · No genitales visibles · Ropa interior en zona pélvica si aparece,vista frontal del abdomen superior enfocado en zona hepática,Manual Biomagnetismo - Tórax/Abdomen/Espalda,Tablas Holoacademia - Tronco,✅ TIENE FICHA APROBADA,1,001_Bazo_Higado.png,001_Bazo_Higado.png
4,ABDOMEN,Tronco,Hepatitis,Hepático 3,Píloro - Hígado,Píloro,Hígado,Bacteria,Listeria y,,Par normal (dos puntos distintos),no,no,Torso sin camisa OK · No genitales visibles · Ropa interior en zona pélvica si aparece,vista frontal del abdomen superior enfocado en zona hepática,Manual Biomagnetismo - Tórax/Abdomen/Espalda,Tablas Holoacademia - Tronco,✅ TIENE FICHA APROBADA,93,093_Higado_piloro.png,093_Higado_piloro.png
4,ABDOMEN,Tronco,Hepatitis,Hepático 3,Cabeza de Páncreas - Hígado,Cabeza de Páncreas,Hígado,Bacteria,Staphylococcus Aureus Coagulasa,,Par normal (dos puntos distintos),no,no,Torso sin camisa OK · No genitales visibles · Ropa interior en zona pélvica si aparece,vista frontal del abdomen superior enfocado en zona hepática,Manual Biomagnetismo - Tórax/Abdomen/Espalda,Tablas Holoacademia - Tronco,⏳ PENDIENTE - GENERAR,991,991_Cabeza_de_Pancreas_Higado.png,
4,ABDOMEN,Tronco,Hepatitis,Hepático 3,Timo - Hígado,Timo,Hígado,Bacteria,Escherichia coli,,Par normal (dos puntos distintos),SÍ,no,Torso sin camisa OK · No genitales visibles · Ropa interior en zona pélvica si aparece,vista frontal del abdomen superior enfocado en zona hepática,Manual Biomagnetismo - Tórax/Abdomen/Espalda,Tablas Holoacademia - Tronco,✅ TIENE FICHA APROBADA,101,101_Timo_Higado.png,101_Timo_Higado.png
5,ESPALDA,Tronco,Espalda,Dorsales,Dorsal 2 - Dorsal 2,Dorsal 2,Dorsal 2,Bacteria,Legi onell a. Asoc iado,,Mismo punto simple (un marcador),no,no,Torso sin camisa OK · No genitales visibles · Ropa interior en zona pélvica si aparece,vista posterior de la espalda masculina sin camisa,Manual Biomagnetismo - Tórax/Abdomen/Espalda,Tablas Holoacademia - Tronco,✅ TIENE FICHA APROBADA,41,041_Dorsal_2_dorsal_2.png,041_Dorsal_2_dorsal_2.png
5,ESPALDA,Tronco,Espalda,Dorsales,Dorsal 5 - Corazón,Dorsal 5,Corazón,,,,Par normal (dos puntos distintos),SÍ,no,Torso sin camisa OK · No genitales visibles · Ropa interior en zona pélvica si aparece,vista posterior de la espalda masculina sin camisa,Manual Biomagnetismo - Tórax/Abdomen/Espalda,Tablas Holoacademia - Tronco,⏳ PENDIENTE - GENERAR,992,992_Dorsal_5_Corazon.png,
5,ESPALDA,Tronco,Espalda,Dorsales,Dorso 5 RAS - Lumbar 2 RAS,Dorso 5 RAS,Lumbar 2 RAS,,,,Par normal (dos puntos distintos),no,no,Torso sin camisa OK · No genitales visibles · Ropa interior en zona pélvica si aparece,vista posterior de la espalda masculina sin camisa,Manual Biomagnetismo - Tórax/Abdomen/Espalda,Tablas Holoacademia - Tronco,⏳ PENDIENTE - GENERAR,993,993_Dorso_5_RAS_Lumbar_2_RAS.png,
5,ESPALDA,Tronco,Espalda,Dorsales,Dorsal 6 - Dorsal 6,Dorsal 6,Dorsal 6,Hongo,Cocc idiod o Inmit is Neis seria Meni ngiti s Meni ngoc oco.,,Mismo punto simple (un marcador),no,no,Torso sin camisa OK · No genitales visibles · Ropa interior en zona pélvica si aparece,vista posterior de la espalda masculina sin camisa,Manual Biomagnetismo - Tórax/Abdomen/Espalda,Tablas Holoacademia - Tronco,⏳ PENDIENTE - GENERAR,994,994_Dorsal_6_Dorsal_6.png,
5,ESPALDA,Tronco,Espalda,Dorsales,Dorsal 10ª - Dorsal 11ª,Dorsal 10ª,Dorsal 11ª,,,,Par normal (dos puntos distintos),no,no,Torso sin camisa OK · No genitales visibles · Ropa interior en zona pélvica si aparece,vista posterior de la espalda masculina sin camisa,Manual Biomagnetismo - Tórax/Abdomen/Espalda,Tablas Holoacademia - Tronco,⏳ PENDIENTE - GENERAR,995,995_Dorsal_10a_Dorsal_11a.png,
5,ESPALDA,Tronco,Espalda,Dorsales,Dorsal - Lumbar,Dorsal,Lumbar,Bacteria,Meningococos,,Par normal (dos puntos distintos),no,no,Torso sin camisa OK · No genitales visibles · Ropa interior en zona pélvica si aparece,vista posterior de la espalda masculina sin camisa,Manual Biomagnetismo - Tórax/Abdomen/Espalda,Tablas Holoacademia - Tronco,⏳ PENDIENTE - GENERAR,996,996_Dorsal_Lumbar.png,
5,ESPALDA,Tronco,Espalda,Dorsales,Plexo Dorsal - Plexo Dorsal,Plexo Dorsal,Plexo Dorsal,Virus,Adenovirus,,Mismo punto simple (un marcador),no,no,Torso sin camisa OK · No genitales visibles · Ropa interior en zona pélvica si aparece,vista posterior de la espalda masculina sin camisa,Manual Biomagnetismo - Tórax/Abdomen/Espalda,Tablas Holoacademia - Tronco,⏳ PENDIENTE - GENERAR,997,997_Plexo_Dorsal_Plexo_Dorsal.png,
5,ESPALDA,Tronco,Espalda,Dorsales,Dorsal 3 (RAS) - Lumbar (2 RAS),Dorsal 3 (RAS),Lumbar (2 RAS),,,,Par normal (dos puntos distintos),no,no,Torso sin camisa OK · No genitales visibles · Ropa interior en zona pélvica si aparece,vista posterior de la espalda masculina sin camisa,Manual Biomagnetismo - Tórax/Abdomen/Espalda,Tablas Holoacademia - Tronco,⏳ PENDIENTE - GENERAR,998,998_Dorsal_3_RAS_Lumbar_2_RAS.png,
5,ESPALDA,Tronco,Espalda,Dorsales,Dorsal - Dorsal 2,Dorsal,Dorsal 2,Sin clasificar,E. Coli,,Par normal (dos puntos distintos),no,no,Torso sin camisa OK · No genitales visibles · Ropa interior en zona pélvica si aparece,vista posterior de la espalda masculina sin camisa,Manual Biomagnetismo - Tórax/Abdomen/Espalda,Tablas Holoacademia - Tronco,⏳ PENDIENTE - GENERAR,999,999_Dorsal_Dorsal_2.png,
5,ESPALDA,Tronco,Espalda,Dorsales,Dorsal 5 - Dorsal 5,Dorsal 5,Dorsal 5,Bacteria,Esch erich iaColli,,Mismo punto simple (un marcador),no,no,Torso sin camisa OK · No genitales visibles · Ropa interior en zona pélvica si aparece,vista posterior de la espalda masculina sin camisa,Manual Biomagnetismo - Tórax/Abdomen/Espalda,Tablas Holoacademia - Tronco,⏳ PENDIENTE - GENERAR,1000,1000_Dorsal_5_Dorsal_5.png,
5,ESPALDA,Tronco,Espalda,Dorsales,Dorso - Lumbar,Dorso,Lumbar,Especial/Disfunción,"Meningococo. alteraciones en meningocele, mielocele y meningomielocele , espina bífida, es la vía de entrada del cisticerco al cerebro; si se asocia con el gonococo produce artritis reumática deformante",,Par normal (dos puntos distintos),no,no,Torso sin camisa OK · No genitales visibles · Ropa interior en zona pélvica si aparece,vista posterior de la espalda masculina sin camisa,Manual Biomagnetismo - Tórax/Abdomen/Espalda,Tablas Holoacademia - Tronco,✅ TIENE FICHA APROBADA,13,013_Dorso_Lumbar.png,013_Dorso_Lumbar.png
5,ESPALDA,Tronco,Espalda,Espalda Alta,Cava - Cava,Cava,Cava,Hongo,Trichophyton,,Mismo punto simple (un marcador),no,no,Torso sin camisa OK · No genitales visibles · Ropa interior en zona pélvica si aparece,vista posterior de la espalda masculina sin camisa,Manual Biomagnetismo - Tórax/Abdomen/Espalda,Tablas Holoacademia - Tronco,⏳ PENDIENTE - GENERAR,1001,1001_Cava_Cava.png,
5,ESPALDA,Tronco,Espalda,Espalda Alta,Suprarrenal - Suprarrenal,Suprarrenal,Suprarrenal,Disfunción,Regula sistema nervioso,,Mismo punto simple (un marcador),no,no,Torso sin camisa OK · No genitales visibles · Ropa interior en zona pélvica si aparece,vista posterior de la espalda masculina sin camisa,Manual Biomagnetismo - Tórax/Abdomen/Espalda,Tablas Holoacademia - Tronco,⏳ PENDIENTE - GENERAR,1002,1002_Suprarrenal_Suprarrenal.png,
5,ESPALDA,Tronco,Espalda,Espalda Alta,Suprarrenal - Pulmón RAS,Suprarrenal,Pulmón RAS,,,,Par normal (dos puntos distintos),SÍ,no,Torso sin camisa OK · No genitales visibles · Ropa interior en zona pélvica si aparece,vista posterior de la espalda masculina sin camisa,Manual Biomagnetismo - Tórax/Abdomen/Espalda,Tablas Holoacademia - Tronco,⏳ PENDIENTE - GENERAR,1003,1003_Suprarrenal_Pulmon_RAS.png,
5,ESPALDA,Tronco,Espalda,Espalda Alta,Suprarrenal - Hígado,Suprarrenal,Hígado,,,,Par normal (dos puntos distintos),SÍ,no,Torso sin camisa OK · No genitales visibles · Ropa interior en zona pélvica si aparece,vista posterior de la espalda masculina sin camisa,Manual Biomagnetismo - Tórax/Abdomen/Espalda,Tablas Holoacademia - Tronco,⏳ PENDIENTE - GENERAR,1004,1004_Suprarrenal_Higado.png,
5,ESPALDA,Tronco,Espalda,Espalda Alta,Suprarrenal - Recto,Suprarrenal,Recto,,Leptospira,,Par normal (dos puntos distintos),SÍ,SÍ,Licra negra ajustada + top negro si aplica · Sin desnudez · Estilo médico sobrio,vista posterior de la espalda masculina sin camisa,Manual Biomagnetismo - Tórax/Abdomen/Espalda,Tablas Holoacademia - Tronco,⏳ PENDIENTE - GENERAR,1005,1005_Suprarrenal_Recto.png,
5,ESPALDA,Tronco,Espalda,Espalda Alta,Suprarrenal - Pulmón (RAS),Suprarrenal,Pulmón (RAS),Bacteria,Pseudomona aeruginosa,,Par normal (dos puntos distintos),SÍ,no,Torso sin camisa OK · No genitales visibles · Ropa interior en zona pélvica si aparece,vista posterior de la espalda masculina sin camisa,Manual Biomagnetismo - Tórax/Abdomen/Espalda,Tablas Holoacademia - Tronco,⏳ PENDIENTE - GENERAR,1006,1006_Suprarrenal_Pulmon_RAS.png,
5,ESPALDA,Tronco,Espalda,Homóplato,Pulmón - Pulmón,Pulmón,Pulmón,Disfunción,Disfu nció n,,Mismo punto simple (un marcador),no,no,Torso sin camisa OK · No genitales visibles · Ropa interior en zona pélvica si aparece,vista posterior de la espalda masculina sin camisa,Manual Biomagnetismo - Tórax/Abdomen/Espalda,Tablas Holoacademia - Tronco,⏳ PENDIENTE - GENERAR,1007,1007_Pulmon_Pulmon.png,
5,ESPALDA,Tronco,Espalda,Homóplato,Pulmón DER - Bulbo,Pulmón DER,Bulbo,,,,Par normal (dos puntos distintos),SÍ,no,Torso sin camisa OK · No genitales visibles · Ropa interior en zona pélvica si aparece,vista posterior de la espalda masculina sin camisa,Manual Biomagnetismo - Tórax/Abdomen/Espalda,Tablas Holoacademia - Tronco,⏳ PENDIENTE - GENERAR,1008,1008_Pulmon_DER_Bulbo.png,
5,ESPALDA,Tronco,Espalda,Homóplato,Escápula - Escápula,Escápula,Escápula,Bacteria,Mycobacterium leprae,,Mismo punto simple (un marcador),no,no,Torso sin camisa OK · No genitales visibles · Ropa interior en zona pélvica si aparece,vista posterior de la espalda masculina sin camisa,Manual Biomagnetismo - Tórax/Abdomen/Espalda,Tablas Holoacademia - Tronco,✅ TIENE FICHA APROBADA,9,009_Escapula_Escapula.png,009_Escapula_Escapula.png
5,ESPALDA,Tronco,Espalda,Homóplato,Supraespinoso - Cerebelo,Supraespinoso,Cerebelo,Bacteria,Neisseria catarralis,,Par normal (dos puntos distintos),SÍ,no,Torso sin camisa OK · No genitales visibles · Ropa interior en zona pélvica si aparece,vista posterior de la espalda masculina sin camisa,Manual Biomagnetismo - Tórax/Abdomen/Espalda,Tablas Holoacademia - Tronco,⏳ PENDIENTE - GENERAR,1009,1009_Supraespinoso_Cerebelo.png,
5,ESPALDA,Tronco,Espalda,Homóplato,Espina de la Escápula - Espina de la Escápula,Espina de la Escápula,Espina de la Escápula,Bacteria,Mycobaterium Pneomaniae,,Mismo punto simple (un marcador),no,no,Torso sin camisa OK · No genitales visibles · Ropa interior en zona pélvica si aparece,vista posterior de la espalda masculina sin camisa,Manual Biomagnetismo - Tórax/Abdomen/Espalda,Tablas Holoacademia - Tronco,⏳ PENDIENTE - GENERAR,1010,1010_Espina_de_la_Escapula_Espina_de_la_Escapula.png,
5,ESPALDA,Tronco,Espalda,Homóplato,Retro Axilar - Retro Axilar,Retro Axilar,Retro Axilar,Bacteria,Streptococcus A,,Mismo punto simple (un marcador),no,no,Torso sin camisa OK · No genitales visibles · Ropa interior en zona pélvica si aparece,vista posterior de la espalda masculina sin camisa,Manual Biomagnetismo - Tórax/Abdomen/Espalda,Tablas Holoacademia - Tronco,⏳ PENDIENTE - GENERAR,1011,1011_Retro_Axilar_Retro_Axilar.png,
5,ESPALDA,Tronco,Espalda,Homóplato,Pulmón DER - Bazo,Pulmón DER,Bazo,,,,Par normal (dos puntos distintos),SÍ,no,Torso sin camisa OK · No genitales visibles · Ropa interior en zona pélvica si aparece,vista posterior de la espalda masculina sin camisa,Manual Biomagnetismo - Tórax/Abdomen/Espalda,Tablas Holoacademia - Tronco,⏳ PENDIENTE - GENERAR,1012,1012_Pulmon_DER_Bazo.png,
5,ESPALDA,Tronco,Espalda,Retrohepático,Lóbulo Posterior del Hígado - Riñón IZQ,Lóbulo Posterior del Hígado,Riñón IZQ,,,,Par normal (dos puntos distintos),SÍ,no,Torso sin camisa OK · No genitales visibles · Ropa interior en zona pélvica si aparece,vista posterior de la espalda masculina sin camisa,Manual Biomagnetismo - Tórax/Abdomen/Espalda,Tablas Holoacademia - Tronco,⏳ PENDIENTE - GENERAR,1013,1013_Lobulo_Posterior_del_Higado_Rinon_IZQ.png,
5,ESPALDA,Tronco,Espalda,Retrohepático,Flanco - Flanco,Flanco,Flanco,Bacteria,Yersinia intestinalis,,Mismo punto simple (un marcador),no,no,Torso sin camisa OK · No genitales visibles · Ropa interior en zona pélvica si aparece,vista posterior de la espalda masculina sin camisa,Manual Biomagnetismo - Tórax/Abdomen/Espalda,Tablas Holoacademia - Tronco,✅ TIENE FICHA APROBADA,43,043_Flanco_flanco.png,043_Flanco_flanco.png
5,ESPALDA,Tronco,Espalda,Riñón,Cápsula Renal - Cápsula Renal,Cápsula Renal,Cápsula Renal,Bacteria,Proteus Mirabillis,,Mismo punto simple (un marcador),no,no,Torso sin camisa OK · No genitales visibles · Ropa interior en zona pélvica si aparece,vista posterior de la espalda masculina sin camisa,Manual Biomagnetismo - Tórax/Abdomen/Espalda,Tablas Holoacademia - Tronco,✅ TIENE FICHA APROBADA,32,032_Capsula_renal_capsula_renal.png,032_Capsula_renal_capsula_renal.png
5,ESPALDA,Tronco,Espalda,Riñón,Cápsula Renal - Riñón DER,Cápsula Renal,Riñón DER,,,,Par normal (dos puntos distintos),no,no,Torso sin camisa OK · No genitales visibles · Ropa interior en zona pélvica si aparece,vista posterior de la espalda masculina sin camisa,Manual Biomagnetismo - Tórax/Abdomen/Espalda,Tablas Holoacademia - Tronco,⏳ PENDIENTE - GENERAR,1014,1014_Capsula_Renal_Rinon_DER.png,
5,ESPALDA,Tronco,Espalda,Riñón,Riñón - Riñón,Riñón,Riñón,Bacteria,Virus delNilo,,Mismo punto simple (un marcador),no,no,Torso sin camisa OK · No genitales visibles · Ropa interior en zona pélvica si aparece,vista posterior de la espalda masculina sin camisa,Manual Biomagnetismo - Tórax/Abdomen/Espalda,Tablas Holoacademia - Tronco,✅ TIENE FICHA APROBADA,19,019_Rinon_rinon.png,019_Rinon_rinon.png
5,ESPALDA,Tronco,Espalda,Riñón,Riñón IZQ - Ojo RAS,Riñón IZQ,Ojo RAS,,,,Par normal (dos puntos distintos),SÍ,no,Torso sin camisa OK · No genitales visibles · Ropa interior en zona pélvica si aparece,vista posterior de la espalda masculina sin camisa,Manual Biomagnetismo - Tórax/Abdomen/Espalda,Tablas Holoacademia - Tronco,⏳ PENDIENTE - GENERAR,1015,1015_Rinon_IZQ_Ojo_RAS.png,
5,ESPALDA,Tronco,Espalda,Riñón,Riñón IZQ - Tiroides,Riñón IZQ,Tiroides,,,,Par normal (dos puntos distintos),SÍ,no,Torso sin camisa OK · No genitales visibles · Ropa interior en zona pélvica si aparece,vista posterior de la espalda masculina sin camisa,Manual Biomagnetismo - Tórax/Abdomen/Espalda,Tablas Holoacademia - Tronco,⏳ PENDIENTE - GENERAR,1016,1016_Rinon_IZQ_Tiroides.png,
5,ESPALDA,Tronco,Espalda,Riñón,Cáliz Renal RAS - Uretero RAS,Cáliz Renal RAS,Uretero RAS,,,,Par normal (dos puntos distintos),SÍ,no,Torso sin camisa OK · No genitales visibles · Ropa interior en zona pélvica si aparece,vista posterior de la espalda masculina sin camisa,Manual Biomagnetismo - Tórax/Abdomen/Espalda,Tablas Holoacademia - Tronco,⏳ PENDIENTE - GENERAR,1017,1017_Caliz_Renal_RAS_Uretero_RAS.png,
5,ESPALDA,Tronco,Espalda,Espalda Baja,Lumbar 4 - Lumbar 4,Lumbar 4,Lumbar 4,Bacteria,Proteus Mirabilis,,Mismo punto simple (un marcador),no,no,Torso sin camisa OK · No genitales visibles · Ropa interior en zona pélvica si aparece,vista posterior de la espalda masculina sin camisa,Manual Biomagnetismo - Tórax/Abdomen/Espalda,Tablas Holoacademia - Tronco,⏳ PENDIENTE - GENERAR,1018,1018_Lumbar_4_Lumbar_4.png,
5,ESPALDA,Tronco,Espalda,Espalda Baja,Cuadrado - Cuadrado,Cuadrado,Cuadrado,Complejo,Treponema pallidum,,Mismo punto simple (un marcador),no,no,Torso sin camisa OK · No genitales visibles · Ropa interior en zona pélvica si aparece,vista posterior de la espalda masculina sin camisa,Manual Biomagnetismo - Tórax/Abdomen/Espalda,Tablas Holoacademia - Tronco,✅ TIENE FICHA APROBADA,87,087_Cuadrado_cuadrado.png,087_Cuadrado_cuadrado.png
5,ESPALDA,Tronco,Espalda,Espalda Baja,Staquibraquis - Staquibraquis,Staquibraquis,Staquibraquis,,,,Mismo punto simple (un marcador),no,no,Torso sin camisa OK · No genitales visibles · Ropa interior en zona pélvica si aparece,vista posterior de la espalda masculina sin camisa,Manual Biomagnetismo - Tórax/Abdomen/Espalda,Tablas Holoacademia - Tronco,⏳ PENDIENTE - GENERAR,1019,1019_Staquibraquis_Staquibraquis.png,
5,ESPALDA,Tronco,Espalda,Espalda Baja,Ciático Derecho - Lumbar 4,Ciático Derecho,Lumbar 4,Especial/Disfunción,,,Par normal (dos puntos distintos),SÍ,no,Torso sin camisa OK · No genitales visibles · Ropa interior en zona pélvica si aparece,vista posterior de la espalda masculina sin camisa,Manual Biomagnetismo - Tórax/Abdomen/Espalda,Tablas Holoacademia - Tronco,⏳ PENDIENTE - GENERAR,1020,1020_Ciatico_Derecho_Lumbar_4.png,
5,ESPALDA,Extras,Columna Vertebral,Predeterminados,Cervical 1 - Cervical 7,Cervical 1,Cervical 7,,,,Par normal (dos puntos distintos),no,no,Estilo médico sobrio · Cobertura anatómica conservadora,"vista posterior de la columna vertebral con vértebras numeradas (C1-C7, D1-D12, L1-L5, S1, Cx1)",Pares de Traumatismo Lavín / Variables,Manual Biomagnetismo - Especiales,⏳ PENDIENTE - GENERAR,1021,1021_Cervical_1_Cervical_7.png,
5,ESPALDA,Extras,Columna Vertebral,Predeterminados,Dorsal 1 - Dorsal 12,Dorsal 1,Dorsal 12,,,,Par normal (dos puntos distintos),no,no,Estilo médico sobrio · Cobertura anatómica conservadora,"vista posterior de la columna vertebral con vértebras numeradas (C1-C7, D1-D12, L1-L5, S1, Cx1)",Pares de Traumatismo Lavín / Variables,Manual Biomagnetismo - Especiales,⏳ PENDIENTE - GENERAR,1022,1022_Dorsal_1_Dorsal_12.png,
5,ESPALDA,Extras,Columna Vertebral,Predeterminados,Lumbar 1 - Lumbar 5,Lumbar 1,Lumbar 5,,,,Par normal (dos puntos distintos),no,no,Estilo médico sobrio · Cobertura anatómica conservadora,"vista posterior de la columna vertebral con vértebras numeradas (C1-C7, D1-D12, L1-L5, S1, Cx1)",Pares de Traumatismo Lavín / Variables,Manual Biomagnetismo - Especiales,⏳ PENDIENTE - GENERAR,1023,1023_Lumbar_1_Lumbar_5.png,
5,ESPALDA,Extras,Columna Vertebral,Predeterminados,Sacro 1 - Sacro 1,Sacro 1,Sacro 1,,,,Mismo punto simple (un marcador),no,SÍ,Licra negra ajustada + top negro si aplica · Sin desnudez · Estilo médico sobrio,"vista posterior de la columna vertebral con vértebras numeradas (C1-C7, D1-D12, L1-L5, S1, Cx1)",Pares de Traumatismo Lavín / Variables,Manual Biomagnetismo - Especiales,⏳ PENDIENTE - GENERAR,1024,1024_Sacro_1_Sacro_1.png,
5,ESPALDA,Extras,Columna Vertebral,Predeterminados,Coxis 1 - Sacro 4,Coxis 1,Sacro 4,,,,Par normal (dos puntos distintos),no,SÍ,Licra negra ajustada + top negro si aplica · Sin desnudez · Estilo médico sobrio,"vista posterior de la columna vertebral con vértebras numeradas (C1-C7, D1-D12, L1-L5, S1, Cx1)",Pares de Traumatismo Lavín / Variables,Manual Biomagnetismo - Especiales,⏳ PENDIENTE - GENERAR,1025,1025_Coxis_1_Sacro_4.png,
5,ESPALDA,Extras,Columna Vertebral,Predeterminados,Cervical 1ª - Piloro,Cervical 1ª,Piloro,,,,Par normal (dos puntos distintos),SÍ,no,Estilo médico sobrio · Cobertura anatómica conservadora,"vista posterior de la columna vertebral con vértebras numeradas (C1-C7, D1-D12, L1-L5, S1, Cx1)",Pares de Traumatismo Lavín / Variables,Manual Biomagnetismo - Especiales,⏳ PENDIENTE - GENERAR,1026,1026_Cervical_1a_Piloro.png,
5,ESPALDA,Extras,Columna Vertebral,Predeterminados,Cervical 1ª - Coxis,Cervical 1ª,Coxis,,,,Par normal (dos puntos distintos),SÍ,SÍ,Licra negra ajustada + top negro si aplica · Sin desnudez · Estilo médico sobrio,"vista posterior de la columna vertebral con vértebras numeradas (C1-C7, D1-D12, L1-L5, S1, Cx1)",Pares de Traumatismo Lavín / Variables,Manual Biomagnetismo - Especiales,⏳ PENDIENTE - GENERAR,1027,1027_Cervical_1a_Coxis.png,
5,ESPALDA,Extras,Columna Vertebral,Predeterminados,Lumbar 4ª - Lumbar 4ª,Lumbar 4ª,Lumbar 4ª,,Nisseria gonorrhoeae,,Mismo punto simple (un marcador),no,no,Estilo médico sobrio · Cobertura anatómica conservadora,"vista posterior de la columna vertebral con vértebras numeradas (C1-C7, D1-D12, L1-L5, S1, Cx1)",Pares de Traumatismo Lavín / Variables,Manual Biomagnetismo - Especiales,⏳ PENDIENTE - GENERAR,1028,1028_Lumbar_4a_Lumbar_4a.png,
5,ESPALDA,Extras,Columna Vertebral,Predeterminados,4ª Lumbar Derecha - Izquierda,4ª Lumbar Derecha,Izquierda,,,,Par normal (dos puntos distintos),no,no,Estilo médico sobrio · Cobertura anatómica conservadora,"vista posterior de la columna vertebral con vértebras numeradas (C1-C7, D1-D12, L1-L5, S1, Cx1)",Pares de Traumatismo Lavín / Variables,Manual Biomagnetismo - Especiales,⏳ PENDIENTE - GENERAR,1029,1029_4a_Lumbar_Derecha_Izquierda.png,
5,ESPALDA,Extras,Columna Vertebral,Predeterminados,Lumbar 2 - Lumbar 2,Lumbar 2,Lumbar 2,Bacteria,Clost ridiu mdificil e,,Mismo punto simple (un marcador),no,no,Estilo médico sobrio · Cobertura anatómica conservadora,"vista posterior de la columna vertebral con vértebras numeradas (C1-C7, D1-D12, L1-L5, S1, Cx1)",Pares de Traumatismo Lavín / Variables,Manual Biomagnetismo - Especiales,⏳ PENDIENTE - GENERAR,1030,1030_Lumbar_2_Lumbar_2.png,
5,ESPALDA,Extras,Columna Vertebral,Predeterminados,Vértebra Lumbar - Riñón Izquierdo,Vértebra Lumbar,Riñón Izquierdo,Virus,Leuc emia virus,,Par normal (dos puntos distintos),no,no,Estilo médico sobrio · Cobertura anatómica conservadora,"vista posterior de la columna vertebral con vértebras numeradas (C1-C7, D1-D12, L1-L5, S1, Cx1)",Pares de Traumatismo Lavín / Variables,Manual Biomagnetismo - Especiales,⏳ PENDIENTE - GENERAR,1031,1031_Vertebra_Lumbar_Rinon_Izquierdo.png,
5,ESPALDA,Extras,Columna Vertebral,Predeterminados,Dorsales - Lumbares,Dorsales,Lumbares,,,,Par normal (dos puntos distintos),no,no,Estilo médico sobrio · Cobertura anatómica conservadora,"vista posterior de la columna vertebral con vértebras numeradas (C1-C7, D1-D12, L1-L5, S1, Cx1)",Pares de Traumatismo Lavín / Variables,Manual Biomagnetismo - Especiales,⏳ PENDIENTE - GENERAR,1032,1032_Dorsales_Lumbares.png,
5,ESPALDA,Extras,Columna Vertebral,Predeterminados,Primera Cervical - Primera Cervical,Primera Cervical,Primera Cervical,,,,Mismo punto simple (un marcador),no,no,Estilo médico sobrio · Cobertura anatómica conservadora,"vista posterior de la columna vertebral con vértebras numeradas (C1-C7, D1-D12, L1-L5, S1, Cx1)",Pares de Traumatismo Lavín / Variables,Manual Biomagnetismo - Especiales,⏳ PENDIENTE - GENERAR,1033,1033_Primera_Cervical_Primera_Cervical.png,
5,ESPALDA,Extras,Columna Vertebral,Predeterminados,Canal Medular - Canal Medular,Canal Medular,Canal Medular,,,,Mismo punto simple (un marcador),no,SÍ,Licra negra ajustada + top negro si aplica · Sin desnudez · Estilo médico sobrio,"vista posterior de la columna vertebral con vértebras numeradas (C1-C7, D1-D12, L1-L5, S1, Cx1)",Pares de Traumatismo Lavín / Variables,Manual Biomagnetismo - Especiales,⏳ PENDIENTE - GENERAR,1034,1034_Canal_Medular_Canal_Medular.png,
5,ESPALDA,Extras,Columna Vertebral,Predeterminados,Dorsal 2 - Dorsal 12,Dorsal 2,Dorsal 12,,,,Par normal (dos puntos distintos),no,no,Estilo médico sobrio · Cobertura anatómica conservadora,"vista posterior de la columna vertebral con vértebras numeradas (C1-C7, D1-D12, L1-L5, S1, Cx1)",Pares de Traumatismo Lavín / Variables,Manual Biomagnetismo - Especiales,⏳ PENDIENTE - GENERAR,1035,1035_Dorsal_2_Dorsal_12.png,
5,ESPALDA,Extras,Columna Vertebral,Predeterminados,Coxis 1 - Coxis 1,Coxis 1,Coxis 1,,,,Mismo punto simple (un marcador),no,SÍ,Licra negra ajustada + top negro si aplica · Sin desnudez · Estilo médico sobrio,"vista posterior de la columna vertebral con vértebras numeradas (C1-C7, D1-D12, L1-L5, S1, Cx1)",Pares de Traumatismo Lavín / Variables,Manual Biomagnetismo - Especiales,⏳ PENDIENTE - GENERAR,1036,1036_Coxis_1_Coxis_1.png,
5,ESPALDA,Extras,Columna Vertebral,Predeterminados,Dorsal 12 - Dorsal 12,Dorsal 12,Dorsal 12,Bacteria,Neu moc oco ó Estre ptoc ocos pneu moni ae.,,Mismo punto simple (un marcador),no,no,Estilo médico sobrio · Cobertura anatómica conservadora,"vista posterior de la columna vertebral con vértebras numeradas (C1-C7, D1-D12, L1-L5, S1, Cx1)",Pares de Traumatismo Lavín / Variables,Manual Biomagnetismo - Especiales,⏳ PENDIENTE - GENERAR,1037,1037_Dorsal_12_Dorsal_12.png,
5,ESPALDA,Extras,Columna Vertebral,Predeterminados,Dorsal 12 - Lumbar,Dorsal 12,Lumbar,Sin clasificar,Meni ngoc oco.,,Par normal (dos puntos distintos),no,no,Estilo médico sobrio · Cobertura anatómica conservadora,"vista posterior de la columna vertebral con vértebras numeradas (C1-C7, D1-D12, L1-L5, S1, Cx1)",Pares de Traumatismo Lavín / Variables,Manual Biomagnetismo - Especiales,⏳ PENDIENTE - GENERAR,1038,1038_Dorsal_12_Lumbar.png,
5,ESPALDA,Extras,Columna Vertebral,Predeterminados,Dorsal 12 - Lumbar 1,Dorsal 12,Lumbar 1,Virus,Nork walk virus,,Par normal (dos puntos distintos),no,no,Estilo médico sobrio · Cobertura anatómica conservadora,"vista posterior de la columna vertebral con vértebras numeradas (C1-C7, D1-D12, L1-L5, S1, Cx1)",Pares de Traumatismo Lavín / Variables,Manual Biomagnetismo - Especiales,⏳ PENDIENTE - GENERAR,1039,1039_Dorsal_12_Lumbar_1.png,
5,ESPALDA,Extras,Columna Vertebral,Predeterminados,Lumbar 1 - Cervical 7,Lumbar 1,Cervical 7,Sin clasificar,,,Par normal (dos puntos distintos),SÍ,no,Estilo médico sobrio · Cobertura anatómica conservadora,"vista posterior de la columna vertebral con vértebras numeradas (C1-C7, D1-D12, L1-L5, S1, Cx1)",Pares de Traumatismo Lavín / Variables,Manual Biomagnetismo - Especiales,⏳ PENDIENTE - GENERAR,1040,1040_Lumbar_1_Cervical_7.png,
5,ESPALDA,Extras,Columna Vertebral,Predeterminados,Lumbar 1 - Lumbar 1,Lumbar 1,Lumbar 1,Bacteria,Myco plas maHomi nis,,Mismo punto simple (un marcador),no,no,Estilo médico sobrio · Cobertura anatómica conservadora,"vista posterior de la columna vertebral con vértebras numeradas (C1-C7, D1-D12, L1-L5, S1, Cx1)",Pares de Traumatismo Lavín / Variables,Manual Biomagnetismo - Especiales,⏳ PENDIENTE - GENERAR,1041,1041_Lumbar_1_Lumbar_1.png,
5,ESPALDA,Extras,Columna Vertebral,Predeterminados,Lumbar 5 - Lumbar 5,Lumbar 5,Lumbar 5,Bacteria,Stap hyloc occu s Dora do (-) o aure us,,Mismo punto simple (un marcador),no,no,Estilo médico sobrio · Cobertura anatómica conservadora,"vista posterior de la columna vertebral con vértebras numeradas (C1-C7, D1-D12, L1-L5, S1, Cx1)",Pares de Traumatismo Lavín / Variables,Manual Biomagnetismo - Especiales,⏳ PENDIENTE - GENERAR,1042,1042_Lumbar_5_Lumbar_5.png,
5,ESPALDA,Extras,Columna Vertebral,Homólogos,Cervical RAS - Cervical RAS,Cervical RAS,Cervical RAS,,,,Mismo punto simple (un marcador),no,no,Estilo médico sobrio · Cobertura anatómica conservadora,"vista posterior de la columna vertebral con vértebras numeradas (C1-C7, D1-D12, L1-L5, S1, Cx1)",Pares de Traumatismo Lavín / Variables,Manual Biomagnetismo - Especiales,⏳ PENDIENTE - GENERAR,1043,1043_Cervical_RAS_Cervical_RAS.png,
5,ESPALDA,Extras,Columna Vertebral,Homólogos,Dorsal RAS - Dorsal RAS,Dorsal RAS,Dorsal RAS,,,,Mismo punto simple (un marcador),no,no,Estilo médico sobrio · Cobertura anatómica conservadora,"vista posterior de la columna vertebral con vértebras numeradas (C1-C7, D1-D12, L1-L5, S1, Cx1)",Pares de Traumatismo Lavín / Variables,Manual Biomagnetismo - Especiales,⏳ PENDIENTE - GENERAR,1044,1044_Dorsal_RAS_Dorsal_RAS.png,
5,ESPALDA,Extras,Columna Vertebral,Homólogos,Lumbar RAS - Lumbar RAS,Lumbar RAS,Lumbar RAS,,,,Mismo punto simple (un marcador),no,no,Estilo médico sobrio · Cobertura anatómica conservadora,"vista posterior de la columna vertebral con vértebras numeradas (C1-C7, D1-D12, L1-L5, S1, Cx1)",Pares de Traumatismo Lavín / Variables,Manual Biomagnetismo - Especiales,⏳ PENDIENTE - GENERAR,1045,1045_Lumbar_RAS_Lumbar_RAS.png,
5,ESPALDA,Extras,Columna Vertebral,Homólogos,Sacro RAS - Sacro RAS,Sacro RAS,Sacro RAS,,,,Mismo punto simple (un marcador),no,SÍ,Licra negra ajustada + top negro si aplica · Sin desnudez · Estilo médico sobrio,"vista posterior de la columna vertebral con vértebras numeradas (C1-C7, D1-D12, L1-L5, S1, Cx1)",Pares de Traumatismo Lavín / Variables,Manual Biomagnetismo - Especiales,⏳ PENDIENTE - GENERAR,1046,1046_Sacro_RAS_Sacro_RAS.png,
5,ESPALDA,Extras,Columna Vertebral,Homólogos,Coxis RAS - Coxis RAS,Coxis RAS,Coxis RAS,,,,Mismo punto simple (un marcador),no,SÍ,Licra negra ajustada + top negro si aplica · Sin desnudez · Estilo médico sobrio,"vista posterior de la columna vertebral con vértebras numeradas (C1-C7, D1-D12, L1-L5, S1, Cx1)",Pares de Traumatismo Lavín / Variables,Manual Biomagnetismo - Especiales,⏳ PENDIENTE - GENERAR,1047,1047_Coxis_RAS_Coxis_RAS.png,
5,ESPALDA,Extras,Columna Vertebral,Homólogos,Cervical (RAS) - Cervical (RAS),Cervical (RAS),Cervical (RAS),Sin clasificar,,,Mismo punto simple (un marcador),no,no,Estilo médico sobrio · Cobertura anatómica conservadora,"vista posterior de la columna vertebral con vértebras numeradas (C1-C7, D1-D12, L1-L5, S1, Cx1)",Pares de Traumatismo Lavín / Variables,Manual Biomagnetismo - Especiales,⏳ PENDIENTE - GENERAR,1048,1048_Cervical_RAS_Cervical_RAS.png,
5,ESPALDA,Extras,Columna Vertebral,Homólogos,Dorsal (RAS) - Dorsal (RAS),Dorsal (RAS),Dorsal (RAS),,,,Mismo punto simple (un marcador),no,no,Estilo médico sobrio · Cobertura anatómica conservadora,"vista posterior de la columna vertebral con vértebras numeradas (C1-C7, D1-D12, L1-L5, S1, Cx1)",Pares de Traumatismo Lavín / Variables,Manual Biomagnetismo - Especiales,⏳ PENDIENTE - GENERAR,1049,1049_Dorsal_RAS_Dorsal_RAS.png,
5,ESPALDA,Extras,Columna Vertebral,Homólogos,Lumbar (RAS) - Lumbar (RAS),Lumbar (RAS),Lumbar (RAS),,,,Mismo punto simple (un marcador),no,no,Estilo médico sobrio · Cobertura anatómica conservadora,"vista posterior de la columna vertebral con vértebras numeradas (C1-C7, D1-D12, L1-L5, S1, Cx1)",Pares de Traumatismo Lavín / Variables,Manual Biomagnetismo - Especiales,⏳ PENDIENTE - GENERAR,1050,1050_Lumbar_RAS_Lumbar_RAS.png,
5,ESPALDA,Extras,Columna Vertebral,Rastreo Cervical,Cervical RAS - Dorsal RAS,Cervical RAS,Dorsal RAS,,,,Par normal (dos puntos distintos),SÍ,no,Estilo médico sobrio · Cobertura anatómica conservadora,"vista posterior de la columna vertebral con vértebras numeradas (C1-C7, D1-D12, L1-L5, S1, Cx1)",Pares de Traumatismo Lavín / Variables,Manual Biomagnetismo - Especiales,⏳ PENDIENTE - GENERAR,1051,1051_Cervical_RAS_Dorsal_RAS.png,
5,ESPALDA,Extras,Columna Vertebral,Rastreo Cervical,Cervical RAS - Lumbar RAS,Cervical RAS,Lumbar RAS,,,,Par normal (dos puntos distintos),SÍ,no,Estilo médico sobrio · Cobertura anatómica conservadora,"vista posterior de la columna vertebral con vértebras numeradas (C1-C7, D1-D12, L1-L5, S1, Cx1)",Pares de Traumatismo Lavín / Variables,Manual Biomagnetismo - Especiales,⏳ PENDIENTE - GENERAR,1052,1052_Cervical_RAS_Lumbar_RAS.png,
5,ESPALDA,Extras,Columna Vertebral,Rastreo Cervical,Cervical RAS - Sacro RAS,Cervical RAS,Sacro RAS,,,,Par normal (dos puntos distintos),SÍ,SÍ,Licra negra ajustada + top negro si aplica · Sin desnudez · Estilo médico sobrio,"vista posterior de la columna vertebral con vértebras numeradas (C1-C7, D1-D12, L1-L5, S1, Cx1)",Pares de Traumatismo Lavín / Variables,Manual Biomagnetismo - Especiales,⏳ PENDIENTE - GENERAR,1053,1053_Cervical_RAS_Sacro_RAS.png,
5,ESPALDA,Extras,Columna Vertebral,Rastreo Cervical,Cervical RAS - Coxis RAS,Cervical RAS,Coxis RAS,,,,Par normal (dos puntos distintos),SÍ,SÍ,Licra negra ajustada + top negro si aplica · Sin desnudez · Estilo médico sobrio,"vista posterior de la columna vertebral con vértebras numeradas (C1-C7, D1-D12, L1-L5, S1, Cx1)",Pares de Traumatismo Lavín / Variables,Manual Biomagnetismo - Especiales,⏳ PENDIENTE - GENERAR,1054,1054_Cervical_RAS_Coxis_RAS.png,
5,ESPALDA,Extras,Columna Vertebral,Rastreo Cervical,Cervical (RAS) - Dorsal (RAS),Cervical (RAS),Dorsal (RAS),,,,Par normal (dos puntos distintos),SÍ,no,Estilo médico sobrio · Cobertura anatómica conservadora,"vista posterior de la columna vertebral con vértebras numeradas (C1-C7, D1-D12, L1-L5, S1, Cx1)",Pares de Traumatismo Lavín / Variables,Manual Biomagnetismo - Especiales,⏳ PENDIENTE - GENERAR,1055,1055_Cervical_RAS_Dorsal_RAS.png,
5,ESPALDA,Extras,Columna Vertebral,Rastreo Cervical,Cervical (RAS) - Lumbar (RAS),Cervical (RAS),Lumbar (RAS),,,,Par normal (dos puntos distintos),SÍ,no,Estilo médico sobrio · Cobertura anatómica conservadora,"vista posterior de la columna vertebral con vértebras numeradas (C1-C7, D1-D12, L1-L5, S1, Cx1)",Pares de Traumatismo Lavín / Variables,Manual Biomagnetismo - Especiales,⏳ PENDIENTE - GENERAR,1056,1056_Cervical_RAS_Lumbar_RAS.png,
5,ESPALDA,Extras,Columna Vertebral,Rastreo Cervical,Cervical (RAS) - Coxis (RAS),Cervical (RAS),Coxis (RAS),,,,Par normal (dos puntos distintos),SÍ,SÍ,Licra negra ajustada + top negro si aplica · Sin desnudez · Estilo médico sobrio,"vista posterior de la columna vertebral con vértebras numeradas (C1-C7, D1-D12, L1-L5, S1, Cx1)",Pares de Traumatismo Lavín / Variables,Manual Biomagnetismo - Especiales,⏳ PENDIENTE - GENERAR,1057,1057_Cervical_RAS_Coxis_RAS.png,
5,ESPALDA,Extras,Columna Vertebral,Rastreo Dorsal,Dorsal RAS - Cervical RAS,Dorsal RAS,Cervical RAS,,,,Par normal (dos puntos distintos),SÍ,no,Estilo médico sobrio · Cobertura anatómica conservadora,"vista posterior de la columna vertebral con vértebras numeradas (C1-C7, D1-D12, L1-L5, S1, Cx1)",Pares de Traumatismo Lavín / Variables,Manual Biomagnetismo - Especiales,⏳ PENDIENTE - GENERAR,1058,1058_Dorsal_RAS_Cervical_RAS.png,
5,ESPALDA,Extras,Columna Vertebral,Rastreo Dorsal,Dorsal RAS - Lumbar RAS,Dorsal RAS,Lumbar RAS,,,,Par normal (dos puntos distintos),no,no,Estilo médico sobrio · Cobertura anatómica conservadora,"vista posterior de la columna vertebral con vértebras numeradas (C1-C7, D1-D12, L1-L5, S1, Cx1)",Pares de Traumatismo Lavín / Variables,Manual Biomagnetismo - Especiales,⏳ PENDIENTE - GENERAR,1059,1059_Dorsal_RAS_Lumbar_RAS.png,
5,ESPALDA,Extras,Columna Vertebral,Rastreo Dorsal,Dorsal RAS - Sacro RAS,Dorsal RAS,Sacro RAS,,,,Par normal (dos puntos distintos),SÍ,SÍ,Licra negra ajustada + top negro si aplica · Sin desnudez · Estilo médico sobrio,"vista posterior de la columna vertebral con vértebras numeradas (C1-C7, D1-D12, L1-L5, S1, Cx1)",Pares de Traumatismo Lavín / Variables,Manual Biomagnetismo - Especiales,⏳ PENDIENTE - GENERAR,1060,1060_Dorsal_RAS_Sacro_RAS.png,
5,ESPALDA,Extras,Columna Vertebral,Rastreo Dorsal,Dorsal RAS - Coxis RAS,Dorsal RAS,Coxis RAS,,,,Par normal (dos puntos distintos),SÍ,SÍ,Licra negra ajustada + top negro si aplica · Sin desnudez · Estilo médico sobrio,"vista posterior de la columna vertebral con vértebras numeradas (C1-C7, D1-D12, L1-L5, S1, Cx1)",Pares de Traumatismo Lavín / Variables,Manual Biomagnetismo - Especiales,⏳ PENDIENTE - GENERAR,1061,1061_Dorsal_RAS_Coxis_RAS.png,
5,ESPALDA,Extras,Columna Vertebral,Rastreo Dorsal,Dorsal (RAS) - Cervical (RAS),Dorsal (RAS),Cervical (RAS),,,,Par normal (dos puntos distintos),SÍ,no,Estilo médico sobrio · Cobertura anatómica conservadora,"vista posterior de la columna vertebral con vértebras numeradas (C1-C7, D1-D12, L1-L5, S1, Cx1)",Pares de Traumatismo Lavín / Variables,Manual Biomagnetismo - Especiales,⏳ PENDIENTE - GENERAR,1062,1062_Dorsal_RAS_Cervical_RAS.png,
5,ESPALDA,Extras,Columna Vertebral,Rastreo Dorsal,Dorsal (RAS) - Sacro (RAS),Dorsal (RAS),Sacro (RAS),,,,Par normal (dos puntos distintos),SÍ,SÍ,Licra negra ajustada + top negro si aplica · Sin desnudez · Estilo médico sobrio,"vista posterior de la columna vertebral con vértebras numeradas (C1-C7, D1-D12, L1-L5, S1, Cx1)",Pares de Traumatismo Lavín / Variables,Manual Biomagnetismo - Especiales,⏳ PENDIENTE - GENERAR,1063,1063_Dorsal_RAS_Sacro_RAS.png,
5,ESPALDA,Extras,Columna Vertebral,Rastreo Dorsal,Dorsal (RAS) - Coxis (RAS),Dorsal (RAS),Coxis (RAS),,,,Par normal (dos puntos distintos),SÍ,SÍ,Licra negra ajustada + top negro si aplica · Sin desnudez · Estilo médico sobrio,"vista posterior de la columna vertebral con vértebras numeradas (C1-C7, D1-D12, L1-L5, S1, Cx1)",Pares de Traumatismo Lavín / Variables,Manual Biomagnetismo - Especiales,⏳ PENDIENTE - GENERAR,1064,1064_Dorsal_RAS_Coxis_RAS.png,
5,ESPALDA,Extras,Columna Vertebral,Rastreo Lumbar,Lumbar RAS - Cervical RAS,Lumbar RAS,Cervical RAS,,,,Par normal (dos puntos distintos),SÍ,no,Estilo médico sobrio · Cobertura anatómica conservadora,"vista posterior de la columna vertebral con vértebras numeradas (C1-C7, D1-D12, L1-L5, S1, Cx1)",Pares de Traumatismo Lavín / Variables,Manual Biomagnetismo - Especiales,⏳ PENDIENTE - GENERAR,1065,1065_Lumbar_RAS_Cervical_RAS.png,
5,ESPALDA,Extras,Columna Vertebral,Rastreo Lumbar,Lumbar RAS - Dorsal RAS,Lumbar RAS,Dorsal RAS,,,,Par normal (dos puntos distintos),no,no,Estilo médico sobrio · Cobertura anatómica conservadora,"vista posterior de la columna vertebral con vértebras numeradas (C1-C7, D1-D12, L1-L5, S1, Cx1)",Pares de Traumatismo Lavín / Variables,Manual Biomagnetismo - Especiales,⏳ PENDIENTE - GENERAR,1066,1066_Lumbar_RAS_Dorsal_RAS.png,
5,ESPALDA,Extras,Columna Vertebral,Rastreo Lumbar,Lumbar RAS - Sacro RAS,Lumbar RAS,Sacro RAS,,,,Par normal (dos puntos distintos),SÍ,SÍ,Licra negra ajustada + top negro si aplica · Sin desnudez · Estilo médico sobrio,"vista posterior de la columna vertebral con vértebras numeradas (C1-C7, D1-D12, L1-L5, S1, Cx1)",Pares de Traumatismo Lavín / Variables,Manual Biomagnetismo - Especiales,⏳ PENDIENTE - GENERAR,1067,1067_Lumbar_RAS_Sacro_RAS.png,
5,ESPALDA,Extras,Columna Vertebral,Rastreo Lumbar,Lumbar RAS - Coxis RAS,Lumbar RAS,Coxis RAS,,,,Par normal (dos puntos distintos),SÍ,SÍ,Licra negra ajustada + top negro si aplica · Sin desnudez · Estilo médico sobrio,"vista posterior de la columna vertebral con vértebras numeradas (C1-C7, D1-D12, L1-L5, S1, Cx1)",Pares de Traumatismo Lavín / Variables,Manual Biomagnetismo - Especiales,⏳ PENDIENTE - GENERAR,1068,1068_Lumbar_RAS_Coxis_RAS.png,
5,ESPALDA,Extras,Columna Vertebral,Rastreo Lumbar,Lumbar (RAS) - Cervical (RAS),Lumbar (RAS),Cervical (RAS),,,,Par normal (dos puntos distintos),SÍ,no,Estilo médico sobrio · Cobertura anatómica conservadora,"vista posterior de la columna vertebral con vértebras numeradas (C1-C7, D1-D12, L1-L5, S1, Cx1)",Pares de Traumatismo Lavín / Variables,Manual Biomagnetismo - Especiales,⏳ PENDIENTE - GENERAR,1069,1069_Lumbar_RAS_Cervical_RAS.png,
5,ESPALDA,Extras,Columna Vertebral,Rastreo Lumbar,Lumbar (RAS) - Sacro (RAS),Lumbar (RAS),Sacro (RAS),Especial/Disfunción,,,Par normal (dos puntos distintos),SÍ,SÍ,Licra negra ajustada + top negro si aplica · Sin desnudez · Estilo médico sobrio,"vista posterior de la columna vertebral con vértebras numeradas (C1-C7, D1-D12, L1-L5, S1, Cx1)",Pares de Traumatismo Lavín / Variables,Manual Biomagnetismo - Especiales,⏳ PENDIENTE - GENERAR,1070,1070_Lumbar_RAS_Sacro_RAS.png,
5,ESPALDA,Extras,Columna Vertebral,Rastreo Lumbar,Lumbar (RAS) - Coxis (RAS),Lumbar (RAS),Coxis (RAS),,,,Par normal (dos puntos distintos),SÍ,SÍ,Licra negra ajustada + top negro si aplica · Sin desnudez · Estilo médico sobrio,"vista posterior de la columna vertebral con vértebras numeradas (C1-C7, D1-D12, L1-L5, S1, Cx1)",Pares de Traumatismo Lavín / Variables,Manual Biomagnetismo - Especiales,⏳ PENDIENTE - GENERAR,1071,1071_Lumbar_RAS_Coxis_RAS.png,
5,ESPALDA,Extras,Columna Vertebral,Rastreo Sacro,Sacro RAS - Cervical RAS,Sacro RAS,Cervical RAS,,,,Par normal (dos puntos distintos),SÍ,SÍ,Licra negra ajustada + top negro si aplica · Sin desnudez · Estilo médico sobrio,"vista posterior de la columna vertebral con vértebras numeradas (C1-C7, D1-D12, L1-L5, S1, Cx1)",Pares de Traumatismo Lavín / Variables,Manual Biomagnetismo - Especiales,⏳ PENDIENTE - GENERAR,1072,1072_Sacro_RAS_Cervical_RAS.png,
5,ESPALDA,Extras,Columna Vertebral,Rastreo Sacro,Sacro RAS - Dorsal RAS,Sacro RAS,Dorsal RAS,,,,Par normal (dos puntos distintos),SÍ,SÍ,Licra negra ajustada + top negro si aplica · Sin desnudez · Estilo médico sobrio,"vista posterior de la columna vertebral con vértebras numeradas (C1-C7, D1-D12, L1-L5, S1, Cx1)",Pares de Traumatismo Lavín / Variables,Manual Biomagnetismo - Especiales,⏳ PENDIENTE - GENERAR,1073,1073_Sacro_RAS_Dorsal_RAS.png,
5,ESPALDA,Extras,Columna Vertebral,Rastreo Sacro,Sacro RAS - Lumbar RAS,Sacro RAS,Lumbar RAS,,,,Par normal (dos puntos distintos),SÍ,SÍ,Licra negra ajustada + top negro si aplica · Sin desnudez · Estilo médico sobrio,"vista posterior de la columna vertebral con vértebras numeradas (C1-C7, D1-D12, L1-L5, S1, Cx1)",Pares de Traumatismo Lavín / Variables,Manual Biomagnetismo - Especiales,⏳ PENDIENTE - GENERAR,1074,1074_Sacro_RAS_Lumbar_RAS.png,
5,ESPALDA,Extras,Columna Vertebral,Rastreo Sacro,Sacro RAS - Coxis RAS,Sacro RAS,Coxis RAS,,,,Par normal (dos puntos distintos),no,SÍ,Licra negra ajustada + top negro si aplica · Sin desnudez · Estilo médico sobrio,"vista posterior de la columna vertebral con vértebras numeradas (C1-C7, D1-D12, L1-L5, S1, Cx1)",Pares de Traumatismo Lavín / Variables,Manual Biomagnetismo - Especiales,⏳ PENDIENTE - GENERAR,1075,1075_Sacro_RAS_Coxis_RAS.png,
5,ESPALDA,Extras,Columna Vertebral,Rastreo Sacro,Sacro (RAS) - Dorsal (RAS),Sacro (RAS),Dorsal (RAS),,,,Par normal (dos puntos distintos),SÍ,SÍ,Licra negra ajustada + top negro si aplica · Sin desnudez · Estilo médico sobrio,"vista posterior de la columna vertebral con vértebras numeradas (C1-C7, D1-D12, L1-L5, S1, Cx1)",Pares de Traumatismo Lavín / Variables,Manual Biomagnetismo - Especiales,⏳ PENDIENTE - GENERAR,1076,1076_Sacro_RAS_Dorsal_RAS.png,
5,ESPALDA,Extras,Columna Vertebral,Rastreo Sacro,Sacro (RAS) - Lumbar (RAS),Sacro (RAS),Lumbar (RAS),Especial/Disfunción,,,Par normal (dos puntos distintos),SÍ,SÍ,Licra negra ajustada + top negro si aplica · Sin desnudez · Estilo médico sobrio,"vista posterior de la columna vertebral con vértebras numeradas (C1-C7, D1-D12, L1-L5, S1, Cx1)",Pares de Traumatismo Lavín / Variables,Manual Biomagnetismo - Especiales,⏳ PENDIENTE - GENERAR,1077,1077_Sacro_RAS_Lumbar_RAS.png,
5,ESPALDA,Extras,Columna Vertebral,Rastreo Coxis,Coxis RAS - Cervical RAS,Coxis RAS,Cervical RAS,,,,Par normal (dos puntos distintos),SÍ,SÍ,Licra negra ajustada + top negro si aplica · Sin desnudez · Estilo médico sobrio,"vista posterior de la columna vertebral con vértebras numeradas (C1-C7, D1-D12, L1-L5, S1, Cx1)",Pares de Traumatismo Lavín / Variables,Manual Biomagnetismo - Especiales,⏳ PENDIENTE - GENERAR,1078,1078_Coxis_RAS_Cervical_RAS.png,
5,ESPALDA,Extras,Columna Vertebral,Rastreo Coxis,Coxis RAS - Dorsal RAS,Coxis RAS,Dorsal RAS,,,,Par normal (dos puntos distintos),SÍ,SÍ,Licra negra ajustada + top negro si aplica · Sin desnudez · Estilo médico sobrio,"vista posterior de la columna vertebral con vértebras numeradas (C1-C7, D1-D12, L1-L5, S1, Cx1)",Pares de Traumatismo Lavín / Variables,Manual Biomagnetismo - Especiales,⏳ PENDIENTE - GENERAR,1079,1079_Coxis_RAS_Dorsal_RAS.png,
5,ESPALDA,Extras,Columna Vertebral,Rastreo Coxis,Coxis RAS - Lumbar RAS,Coxis RAS,Lumbar RAS,,,,Par normal (dos puntos distintos),SÍ,SÍ,Licra negra ajustada + top negro si aplica · Sin desnudez · Estilo médico sobrio,"vista posterior de la columna vertebral con vértebras numeradas (C1-C7, D1-D12, L1-L5, S1, Cx1)",Pares de Traumatismo Lavín / Variables,Manual Biomagnetismo - Especiales,⏳ PENDIENTE - GENERAR,1080,1080_Coxis_RAS_Lumbar_RAS.png,
5,ESPALDA,Extras,Columna Vertebral,Rastreo Coxis,Coxis RAS - Sacro RAS,Coxis RAS,Sacro RAS,,,,Par normal (dos puntos distintos),no,SÍ,Licra negra ajustada + top negro si aplica · Sin desnudez · Estilo médico sobrio,"vista posterior de la columna vertebral con vértebras numeradas (C1-C7, D1-D12, L1-L5, S1, Cx1)",Pares de Traumatismo Lavín / Variables,Manual Biomagnetismo - Especiales,⏳ PENDIENTE - GENERAR,1081,1081_Coxis_RAS_Sacro_RAS.png,
5,ESPALDA,Extras,Columna Vertebral,Rastreo Coxis,Coxis (RAS) - Cervical (RAS),Coxis (RAS),Cervical (RAS),,,,Par normal (dos puntos distintos),SÍ,SÍ,Licra negra ajustada + top negro si aplica · Sin desnudez · Estilo médico sobrio,"vista posterior de la columna vertebral con vértebras numeradas (C1-C7, D1-D12, L1-L5, S1, Cx1)",Pares de Traumatismo Lavín / Variables,Manual Biomagnetismo - Especiales,⏳ PENDIENTE - GENERAR,1082,1082_Coxis_RAS_Cervical_RAS.png,
5,ESPALDA,Extras,Columna Vertebral,Rastreo Coxis,Coxis (RAS) - Dorsal (RAS),Coxis (RAS),Dorsal (RAS),,,,Par normal (dos puntos distintos),SÍ,SÍ,Licra negra ajustada + top negro si aplica · Sin desnudez · Estilo médico sobrio,"vista posterior de la columna vertebral con vértebras numeradas (C1-C7, D1-D12, L1-L5, S1, Cx1)",Pares de Traumatismo Lavín / Variables,Manual Biomagnetismo - Especiales,⏳ PENDIENTE - GENERAR,1083,1083_Coxis_RAS_Dorsal_RAS.png,
5,ESPALDA,Extras,Columna Vertebral,Rastreo Coxis,Coxis (RAS) - Lumbar (RAS),Coxis (RAS),Lumbar (RAS),,,,Par normal (dos puntos distintos),SÍ,SÍ,Licra negra ajustada + top negro si aplica · Sin desnudez · Estilo médico sobrio,"vista posterior de la columna vertebral con vértebras numeradas (C1-C7, D1-D12, L1-L5, S1, Cx1)",Pares de Traumatismo Lavín / Variables,Manual Biomagnetismo - Especiales,⏳ PENDIENTE - GENERAR,1084,1084_Coxis_RAS_Lumbar_RAS.png,
6,PELVIS,Pelvis,Delantera,Pubis,Vejiga - Vejiga,Vejiga,Vejiga,Bacteria,streptococo A,,Mismo punto simple (un marcador),no,SÍ,Licra negra ajustada + top negro si aplica · Sin desnudez · Estilo médico sobrio,"vista médica anatómica de cadera y muslo superior, sujeto con pantalón corto deportivo oscuro",Tablas Holoacademia - Pelvis,Manual Biomagnetismo - Pelvis,✅ TIENE FICHA APROBADA,4,004_Vejiga_Vejiga.png,004_Vejiga_Vejiga.png
6,PELVIS,Pelvis,Delantera,Pubis,Suprapúbico - Suprapúbico,Suprapúbico,Suprapúbico,Virus,HTL V3 Retrovirus,,Mismo punto simple (un marcador),no,SÍ,Licra negra ajustada + top negro si aplica · Sin desnudez · Estilo médico sobrio,"vista médica anatómica de cadera y muslo superior, sujeto con pantalón corto deportivo oscuro",Tablas Holoacademia - Pelvis,Manual Biomagnetismo - Pelvis,⏳ PENDIENTE - GENERAR,1085,1085_Suprapubico_Suprapubico.png,
6,PELVIS,Pelvis,Delantera,Pubis,Pudendo - Pudendo,Pudendo,Pudendo,Virus,virus oParot,,Mismo punto simple (un marcador),no,SÍ,Licra negra ajustada + top negro si aplica · Sin desnudez · Estilo médico sobrio,"vista médica anatómica de cadera y muslo superior, sujeto con pantalón corto deportivo oscuro",Tablas Holoacademia - Pelvis,Manual Biomagnetismo - Pelvis,⏳ PENDIENTE - GENERAR,1086,1086_Pudendo_Pudendo.png,
6,PELVIS,Pelvis,Delantera,Pubis,Bulbo Raquídeo - Vejiga,Bulbo Raquídeo,Vejiga,Virus,virus delDeng,,Par normal (dos puntos distintos),SÍ,SÍ,Licra negra ajustada + top negro si aplica · Sin desnudez · Estilo médico sobrio,"vista médica anatómica de cadera y muslo superior, sujeto con pantalón corto deportivo oscuro",Tablas Holoacademia - Pelvis,Manual Biomagnetismo - Pelvis,⏳ PENDIENTE - GENERAR,1087,1087_Bulbo_Raquideo_Vejiga.png,
6,PELVIS,Pelvis,Delantera,Pubis,Bulbo Raquídeo - Vejiga Dengue,Bulbo Raquídeo,Vejiga Dengue,Virus,,,Par normal (dos puntos distintos),SÍ,SÍ,Licra negra ajustada + top negro si aplica · Sin desnudez · Estilo médico sobrio,"vista médica anatómica de cadera y muslo superior, sujeto con pantalón corto deportivo oscuro",Tablas Holoacademia - Pelvis,Manual Biomagnetismo - Pelvis,⏳ PENDIENTE - GENERAR,1088,1088_Bulbo_Raquideo_Vejiga_Dengue.png,
6,PELVIS,Pelvis,Delantera,Pubis,Clítoris - Uretra,Clítoris,Uretra,Bacteria,Chla mydi a T.,,Par normal (dos puntos distintos),no,SÍ,Licra negra ajustada + top negro si aplica · Sin desnudez · Estilo médico sobrio,"vista médica anatómica de cadera y muslo superior, sujeto con pantalón corto deportivo oscuro",Tablas Holoacademia - Pelvis,Manual Biomagnetismo - Pelvis,⏳ PENDIENTE - GENERAR,1089,1089_Clitoris_Uretra.png,
6,PELVIS,Pelvis,Delantera,Pubis,Clítoris - Pelvis Hueso Pélvico,Clítoris,Pelvis Hueso Pélvico,,,,Par normal (dos puntos distintos),no,SÍ,Licra negra ajustada + top negro si aplica · Sin desnudez · Estilo médico sobrio,"vista médica anatómica de cadera y muslo superior, sujeto con pantalón corto deportivo oscuro",Tablas Holoacademia - Pelvis,Manual Biomagnetismo - Pelvis,⏳ PENDIENTE - GENERAR,1090,1090_Clitoris_Pelvis_Hueso_Pelvico.png,
6,PELVIS,Pelvis,Delantera,Pubis,Colón Transverso - Vejiga,Colón Transverso,Vejiga,Bacteria,Vibrio cholerae,,Par normal (dos puntos distintos),no,SÍ,Licra negra ajustada + top negro si aplica · Sin desnudez · Estilo médico sobrio,"vista médica anatómica de cadera y muslo superior, sujeto con pantalón corto deportivo oscuro",Tablas Holoacademia - Pelvis,Manual Biomagnetismo - Pelvis,⏳ PENDIENTE - GENERAR,1091,1091_Colon_Transverso_Vejiga.png,
6,PELVIS,Pelvis,Delantera,Pubis,Esfínter Uretral - Esfínter Uretral,Esfínter Uretral,Esfínter Uretral,Virus,,,Mismo punto simple (un marcador),no,SÍ,Licra negra ajustada + top negro si aplica · Sin desnudez · Estilo médico sobrio,"vista médica anatómica de cadera y muslo superior, sujeto con pantalón corto deportivo oscuro",Tablas Holoacademia - Pelvis,Manual Biomagnetismo - Pelvis,⏳ PENDIENTE - GENERAR,1092,1092_Esfinter_Uretral_Esfinter_Uretral.png,
6,PELVIS,Pelvis,Delantera,Pubis,Esfínter de la Uretra - Esfínter,Esfínter de la Uretra,Esfínter,,,,Par normal (dos puntos distintos),no,SÍ,Licra negra ajustada + top negro si aplica · Sin desnudez · Estilo médico sobrio,"vista médica anatómica de cadera y muslo superior, sujeto con pantalón corto deportivo oscuro",Tablas Holoacademia - Pelvis,Manual Biomagnetismo - Pelvis,⏳ PENDIENTE - GENERAR,1093,1093_Esfinter_de_la_Uretra_Esfinter.png,
6,PELVIS,Pelvis,Delantera,Pubis,Esfínter Uretra - Esfínter Uretra,Esfínter Uretra,Esfínter Uretra,Virus,Rabia,,Mismo punto simple (un marcador),no,SÍ,Licra negra ajustada + top negro si aplica · Sin desnudez · Estilo médico sobrio,"vista médica anatómica de cadera y muslo superior, sujeto con pantalón corto deportivo oscuro",Tablas Holoacademia - Pelvis,Manual Biomagnetismo - Pelvis,⏳ PENDIENTE - GENERAR,1094,1094_Esfinter_Uretra_Esfinter_Uretra.png,
6,PELVIS,Pelvis,Delantera,Pubis,Esófago - Vejiga Izquierda,Esófago,Vejiga Izquierda,Hongo,Citoplasma caps.,,Par normal (dos puntos distintos),SÍ,SÍ,Licra negra ajustada + top negro si aplica · Sin desnudez · Estilo médico sobrio,"vista médica anatómica de cadera y muslo superior, sujeto con pantalón corto deportivo oscuro",Tablas Holoacademia - Pelvis,Manual Biomagnetismo - Pelvis,⏳ PENDIENTE - GENERAR,1095,1095_Esofago_Vejiga_Izquierda.png,
6,PELVIS,Pelvis,Delantera,Pubis,Gen - Vejiga,Gen,Vejiga,Virus,,,Par normal (dos puntos distintos),no,SÍ,Licra negra ajustada + top negro si aplica · Sin desnudez · Estilo médico sobrio,"vista médica anatómica de cadera y muslo superior, sujeto con pantalón corto deportivo oscuro",Tablas Holoacademia - Pelvis,Manual Biomagnetismo - Pelvis,⏳ PENDIENTE - GENERAR,1096,1096_Gen_Vejiga.png,
6,PELVIS,Pelvis,Delantera,Pubis,Esfínter de la Uretra - Esfínter de la Uretra,Esfínter de la Uretra,Esfínter de la Uretra,,,,Mismo punto simple (un marcador),no,SÍ,Licra negra ajustada + top negro si aplica · Sin desnudez · Estilo médico sobrio,"vista médica anatómica de cadera y muslo superior, sujeto con pantalón corto deportivo oscuro",Tablas Holoacademia - Pelvis,Manual Biomagnetismo - Pelvis,⏳ PENDIENTE - GENERAR,1097,1097_Esfinter_de_la_Uretra_Esfinter_de_la_Uretra.png,
6,PELVIS,Pelvis,Delantera,Pubis,Gen-Ombligo - Órgano,Gen,Ombligo,,,,Par normal (dos puntos distintos),no,SÍ,Licra negra ajustada + top negro si aplica · Sin desnudez · Estilo médico sobrio,"vista médica anatómica de cadera y muslo superior, sujeto con pantalón corto deportivo oscuro",Tablas Holoacademia - Pelvis,Manual Biomagnetismo - Pelvis,⏳ PENDIENTE - GENERAR,1098,1098_Gen_Ombligo_Organo.png,
6,PELVIS,Pelvis,Delantera,Pubis,Vejiga - Hipófisis,Vejiga,Hipófisis,Virus,Flavivicus,,Par normal (dos puntos distintos),SÍ,SÍ,Licra negra ajustada + top negro si aplica · Sin desnudez · Estilo médico sobrio,"vista médica anatómica de cadera y muslo superior, sujeto con pantalón corto deportivo oscuro",Tablas Holoacademia - Pelvis,Manual Biomagnetismo - Pelvis,⏳ PENDIENTE - GENERAR,1099,1099_Vejiga_Hipofisis.png,
6,PELVIS,Pelvis,Delantera,Pubis,Vejiga - Bulbo,Vejiga,Bulbo,Virus,Dengue,,Par normal (dos puntos distintos),SÍ,SÍ,Licra negra ajustada + top negro si aplica · Sin desnudez · Estilo médico sobrio,"vista médica anatómica de cadera y muslo superior, sujeto con pantalón corto deportivo oscuro",Tablas Holoacademia - Pelvis,Manual Biomagnetismo - Pelvis,⏳ PENDIENTE - GENERAR,1100,1100_Vejiga_Bulbo.png,
6,PELVIS,Pelvis,Delantera,Pubis,Vejiga - Ano,Vejiga,Ano,Bacteria,Enter ococ o,,Par normal (dos puntos distintos),no,SÍ,Licra negra ajustada + top negro si aplica · Sin desnudez · Estilo médico sobrio,"vista médica anatómica de cadera y muslo superior, sujeto con pantalón corto deportivo oscuro",Tablas Holoacademia - Pelvis,Manual Biomagnetismo - Pelvis,✅ TIENE FICHA APROBADA,105,105_Vejiga_Ano.png,105_Vejiga_Ano.png
6,PELVIS,Pelvis,Delantera,Pubis,Vejiga - Timo,Vejiga,Timo,Sin clasificar,Espe cial,,Par normal (dos puntos distintos),SÍ,SÍ,Licra negra ajustada + top negro si aplica · Sin desnudez · Estilo médico sobrio,"vista médica anatómica de cadera y muslo superior, sujeto con pantalón corto deportivo oscuro",Tablas Holoacademia - Pelvis,Manual Biomagnetismo - Pelvis,⏳ PENDIENTE - GENERAR,1101,1101_Vejiga_Timo.png,
6,PELVIS,Pelvis,Delantera,Pubis,Vejiga - Riñón,Vejiga,Riñón,Especial/Disfunción,Espe cial,,Par normal (dos puntos distintos),SÍ,SÍ,Licra negra ajustada + top negro si aplica · Sin desnudez · Estilo médico sobrio,"vista médica anatómica de cadera y muslo superior, sujeto con pantalón corto deportivo oscuro",Tablas Holoacademia - Pelvis,Manual Biomagnetismo - Pelvis,⏳ PENDIENTE - GENERAR,1102,1102_Vejiga_Rinon.png,
6,PELVIS,Pelvis,Delantera,Pubis,Vejiga - Cadera,Vejiga,Cadera,,Meni ngoc oco,,Par normal (dos puntos distintos),no,SÍ,Licra negra ajustada + top negro si aplica · Sin desnudez · Estilo médico sobrio,"vista médica anatómica de cadera y muslo superior, sujeto con pantalón corto deportivo oscuro",Tablas Holoacademia - Pelvis,Manual Biomagnetismo - Pelvis,⏳ PENDIENTE - GENERAR,1103,1103_Vejiga_Cadera.png,
6,PELVIS,Pelvis,Delantera,Pubis,Vejiga - Colon Transverso,Vejiga,Colon Transverso,Bacteria,Vibrio cholerae,,Par normal (dos puntos distintos),no,SÍ,Licra negra ajustada + top negro si aplica · Sin desnudez · Estilo médico sobrio,"vista médica anatómica de cadera y muslo superior, sujeto con pantalón corto deportivo oscuro",Tablas Holoacademia - Pelvis,Manual Biomagnetismo - Pelvis,⏳ PENDIENTE - GENERAR,1104,1104_Vejiga_Colon_Transverso.png,
6,PELVIS,Pelvis,Delantera,Pubis,Vejiga - Vagina,Vejiga,Vagina,Disfunción,Conc epció n,,Par normal (dos puntos distintos),no,SÍ,Licra negra ajustada + top negro si aplica · Sin desnudez · Estilo médico sobrio,"vista médica anatómica de cadera y muslo superior, sujeto con pantalón corto deportivo oscuro",Tablas Holoacademia - Pelvis,Manual Biomagnetismo - Pelvis,⏳ PENDIENTE - GENERAR,1105,1105_Vejiga_Vagina.png,
6,PELVIS,Pelvis,Delantera,Pubis,Vejiga - Sacro,Vejiga,Sacro,Bacteria,Strep toco ccus G,,Par normal (dos puntos distintos),no,SÍ,Licra negra ajustada + top negro si aplica · Sin desnudez · Estilo médico sobrio,"vista médica anatómica de cadera y muslo superior, sujeto con pantalón corto deportivo oscuro",Tablas Holoacademia - Pelvis,Manual Biomagnetismo - Pelvis,✅ TIENE FICHA APROBADA,61,061_SACRO_Vejiga.png,061_SACRO_Vejiga.png
6,PELVIS,Pelvis,Delantera,Pubis,Cáliz Renal - Uretero ADNpatógeno,Cáliz Renal,Uretero ADNpatógeno,,,,Par normal (dos puntos distintos),SÍ,SÍ,Licra negra ajustada + top negro si aplica · Sin desnudez · Estilo médico sobrio,"vista médica anatómica de cadera y muslo superior, sujeto con pantalón corto deportivo oscuro",Tablas Holoacademia - Pelvis,Manual Biomagnetismo - Pelvis,⏳ PENDIENTE - GENERAR,1106,1106_Caliz_Renal_Uretero_ADNpatogeno.png,
6,PELVIS,Pelvis,Delantera,Pubis,Clítoris - Suprapúbico,Clítoris,Suprapúbico,Bacteria,Espiroqueta,,Par normal (dos puntos distintos),no,SÍ,Licra negra ajustada + top negro si aplica · Sin desnudez · Estilo médico sobrio,"vista médica anatómica de cadera y muslo superior, sujeto con pantalón corto deportivo oscuro",Tablas Holoacademia - Pelvis,Manual Biomagnetismo - Pelvis,⏳ PENDIENTE - GENERAR,1107,1107_Clitoris_Suprapubico.png,
6,PELVIS,Pelvis,Delantera,Pubis,Cápsula Renal - Vejiga,Cápsula Renal,Vejiga,Especial/Disfunción,Espe cial Toxi nasdel riñón,,Par normal (dos puntos distintos),no,SÍ,Licra negra ajustada + top negro si aplica · Sin desnudez · Estilo médico sobrio,"vista médica anatómica de cadera y muslo superior, sujeto con pantalón corto deportivo oscuro",Tablas Holoacademia - Pelvis,Manual Biomagnetismo - Pelvis,⏳ PENDIENTE - GENERAR,1108,1108_Capsula_Renal_Vejiga.png,
6,PELVIS,Pelvis,Delantera,Pubis,Esófago - Vejiga,Esófago,Vejiga,Sin clasificar,Citoplasma Caps,,Par normal (dos puntos distintos),SÍ,SÍ,Licra negra ajustada + top negro si aplica · Sin desnudez · Estilo médico sobrio,"vista médica anatómica de cadera y muslo superior, sujeto con pantalón corto deportivo oscuro",Tablas Holoacademia - Pelvis,Manual Biomagnetismo - Pelvis,⏳ PENDIENTE - GENERAR,1109,1109_Esofago_Vejiga.png,
6,PELVIS,Pelvis,Delantera,Pubis,Post Pineal - Vejiga,Post Pineal,Vejiga,Hongo,Cryto cocc us,,Par normal (dos puntos distintos),SÍ,SÍ,Licra negra ajustada + top negro si aplica · Sin desnudez · Estilo médico sobrio,"vista médica anatómica de cadera y muslo superior, sujeto con pantalón corto deportivo oscuro",Tablas Holoacademia - Pelvis,Manual Biomagnetismo - Pelvis,⏳ PENDIENTE - GENERAR,1110,1110_Post_Pineal_Vejiga.png,
6,PELVIS,Pelvis,Delantera,Pubis,Pudendo - Articulaciones,Pudendo,Articulaciones,Especial/Disfunción,Espe cial,,Par normal (dos puntos distintos),no,SÍ,Licra negra ajustada + top negro si aplica · Sin desnudez · Estilo médico sobrio,"vista médica anatómica de cadera y muslo superior, sujeto con pantalón corto deportivo oscuro",Tablas Holoacademia - Pelvis,Manual Biomagnetismo - Pelvis,⏳ PENDIENTE - GENERAR,1111,1111_Pudendo_Articulaciones.png,
6,PELVIS,Pelvis,Delantera,Pubis,Suprapúbico - Suprarrenales,Suprapúbico,Suprarrenales,Sin clasificar,Staphylococcus Aureus Coagulasa,,Par normal (dos puntos distintos),no,SÍ,Licra negra ajustada + top negro si aplica · Sin desnudez · Estilo médico sobrio,"vista médica anatómica de cadera y muslo superior, sujeto con pantalón corto deportivo oscuro",Tablas Holoacademia - Pelvis,Manual Biomagnetismo - Pelvis,⏳ PENDIENTE - GENERAR,1112,1112_Suprapubico_Suprarrenales.png,
6,PELVIS,Pelvis,Delantera,Pubis,Vejiga - Riñón Izquierdo,Vejiga,Riñón Izquierdo,Bacteria,Escherichia coli,,Par normal (dos puntos distintos),SÍ,SÍ,Licra negra ajustada + top negro si aplica · Sin desnudez · Estilo médico sobrio,"vista médica anatómica de cadera y muslo superior, sujeto con pantalón corto deportivo oscuro",Tablas Holoacademia - Pelvis,Manual Biomagnetismo - Pelvis,⏳ PENDIENTE - GENERAR,1113,1113_Vejiga_Rinon_Izquierdo.png,
6,PELVIS,Pelvis,Delantera,Cadera,Cadera - Cadera,Cadera,Cadera,Bacteria,Yersinia pestis,,Mismo punto simple (un marcador),no,SÍ,Licra negra ajustada + top negro si aplica · Sin desnudez · Estilo médico sobrio,"vista médica anatómica de cadera y muslo superior, sujeto con pantalón corto deportivo oscuro",Tablas Holoacademia - Pelvis,Manual Biomagnetismo - Pelvis,✅ TIENE FICHA APROBADA,39,039_Cadera_cadera.png,039_Cadera_cadera.png
6,PELVIS,Pelvis,Delantera,Cadera,Cresta Ilíaca - Cresta Ilíaca,Cresta Ilíaca,Cresta Ilíaca,Parásito,Tripanosoma gambi,,Mismo punto simple (un marcador),no,SÍ,Licra negra ajustada + top negro si aplica · Sin desnudez · Estilo médico sobrio,"vista médica anatómica de cadera y muslo superior, sujeto con pantalón corto deportivo oscuro",Tablas Holoacademia - Pelvis,Manual Biomagnetismo - Pelvis,⏳ PENDIENTE - GENERAR,1114,1114_Cresta_Iliaca_Cresta_Iliaca.png,
6,PELVIS,Pelvis,Delantera,Cadera,Nervio Inguinal - Nervio Inguinal,Nervio Inguinal,Nervio Inguinal,Virus,VIH,,Mismo punto simple (un marcador),no,SÍ,Licra negra ajustada + top negro si aplica · Sin desnudez · Estilo médico sobrio,"vista médica anatómica de cadera y muslo superior, sujeto con pantalón corto deportivo oscuro",Tablas Holoacademia - Pelvis,Manual Biomagnetismo - Pelvis,⏳ PENDIENTE - GENERAR,1115,1115_Nervio_Inguinal_Nervio_Inguinal.png,
6,PELVIS,Pelvis,Delantera,Cadera,Nervio Inguinal - Hígado,Nervio Inguinal,Hígado,Virus,Roseóla,,Par normal (dos puntos distintos),no,SÍ,Licra negra ajustada + top negro si aplica · Sin desnudez · Estilo médico sobrio,"vista médica anatómica de cadera y muslo superior, sujeto con pantalón corto deportivo oscuro",Tablas Holoacademia - Pelvis,Manual Biomagnetismo - Pelvis,✅ TIENE FICHA APROBADA,36,036_Higado_Nervio_inguinal.png,036_Higado_Nervio_inguinal.png
6,PELVIS,Pelvis,Delantera,Cadera,Articulación Sacroilíaca - Articulación Sacroilíaca,Articulación Sacroilíaca,Articulación Sacroilíaca,,,,Mismo punto simple (un marcador),no,SÍ,Licra negra ajustada + top negro si aplica · Sin desnudez · Estilo médico sobrio,"vista médica anatómica de cadera y muslo superior, sujeto con pantalón corto deportivo oscuro",Tablas Holoacademia - Pelvis,Manual Biomagnetismo - Pelvis,⏳ PENDIENTE - GENERAR,1116,1116_Articulacion_Sacroiliaca_Articulacion_Sacroiliaca.png,
6,PELVIS,Pelvis,Delantera,Cadera,Articulación - Nervio Inguinal,Articulación,Nervio Inguinal,Bacteria,Reumatis moArtic ular,,Par normal (dos puntos distintos),no,SÍ,Licra negra ajustada + top negro si aplica · Sin desnudez · Estilo médico sobrio,"vista médica anatómica de cadera y muslo superior, sujeto con pantalón corto deportivo oscuro",Tablas Holoacademia - Pelvis,Manual Biomagnetismo - Pelvis,⏳ PENDIENTE - GENERAR,1117,1117_Articulacion_Nervio_Inguinal.png,
6,PELVIS,Pelvis,Delantera,Cadera,Coxis Derecho - Coxis Izquierdo,Coxis Derecho,Coxis Izquierdo,,,,Bilateral real (derecho/izquierdo),no,SÍ,Licra negra ajustada + top negro si aplica · Sin desnudez · Estilo médico sobrio,"vista médica anatómica de cadera y muslo superior, sujeto con pantalón corto deportivo oscuro",Tablas Holoacademia - Pelvis,Manual Biomagnetismo - Pelvis,⏳ PENDIENTE - GENERAR,1118,1118_Coxis_Derecho_Coxis_Izquierdo.png,
6,PELVIS,Pelvis,Delantera,Cadera,Iliaco - Cápsula Renal Izquierda,Iliaco,Cápsula Renal Izquierda,Sin clasificar,Barto nella,,Par normal (dos puntos distintos),no,SÍ,Licra negra ajustada + top negro si aplica · Sin desnudez · Estilo médico sobrio,"vista médica anatómica de cadera y muslo superior, sujeto con pantalón corto deportivo oscuro",Tablas Holoacademia - Pelvis,Manual Biomagnetismo - Pelvis,⏳ PENDIENTE - GENERAR,1119,1119_Iliaco_Capsula_Renal_Izquierda.png,
6,PELVIS,Pelvis,Delantera,Cadera,Ingle - Ingle,Ingle,Ingle,,,,Mismo punto simple (un marcador),no,SÍ,Licra negra ajustada + top negro si aplica · Sin desnudez · Estilo médico sobrio,"vista médica anatómica de cadera y muslo superior, sujeto con pantalón corto deportivo oscuro",Tablas Holoacademia - Pelvis,Manual Biomagnetismo - Pelvis,⏳ PENDIENTE - GENERAR,1120,1120_Ingle_Ingle.png,
6,PELVIS,Pelvis,Delantera,Cadera,Nervio Femoral - Nervio Femoral,Nervio Femoral,Nervio Femoral,Virus,Herpes V,,Mismo punto simple (un marcador),no,SÍ,Licra negra ajustada + top negro si aplica · Sin desnudez · Estilo médico sobrio,"vista médica anatómica de cadera y muslo superior, sujeto con pantalón corto deportivo oscuro",Tablas Holoacademia - Pelvis,Manual Biomagnetismo - Pelvis,⏳ PENDIENTE - GENERAR,1121,1121_Nervio_Femoral_Nervio_Femoral.png,
6,PELVIS,Pelvis,Delantera,Cadera,Nervio Inguinal - Articulaciones,Nervio Inguinal,Articulaciones,Disfunción,Reumatismo,,Par normal (dos puntos distintos),no,SÍ,Licra negra ajustada + top negro si aplica · Sin desnudez · Estilo médico sobrio,"vista médica anatómica de cadera y muslo superior, sujeto con pantalón corto deportivo oscuro",Tablas Holoacademia - Pelvis,Manual Biomagnetismo - Pelvis,⏳ PENDIENTE - GENERAR,1122,1122_Nervio_Inguinal_Articulaciones.png,
6,PELVIS,Pelvis,Delantera,Cadera,Nervio Inguinal Derecho - Hígado,Nervio Inguinal Derecho,Hígado,Virus,Rose ola. Neur oder matit is HER PES 6,,Par normal (dos puntos distintos),no,SÍ,Licra negra ajustada + top negro si aplica · Sin desnudez · Estilo médico sobrio,"vista médica anatómica de cadera y muslo superior, sujeto con pantalón corto deportivo oscuro",Tablas Holoacademia - Pelvis,Manual Biomagnetismo - Pelvis,⏳ PENDIENTE - GENERAR,1123,1123_Nervio_Inguinal_Derecho_Higado.png,
6,PELVIS,Pelvis,Delantera,Cadera,Nervio Vago - Riñón Contralateral,Nervio Vago,Riñón Contralateral,,,,Par normal (dos puntos distintos),no,SÍ,Licra negra ajustada + top negro si aplica · Sin desnudez · Estilo médico sobrio,"vista médica anatómica de cadera y muslo superior, sujeto con pantalón corto deportivo oscuro",Tablas Holoacademia - Pelvis,Manual Biomagnetismo - Pelvis,⏳ PENDIENTE - GENERAR,1124,1124_Nervio_Vago_Rinon_Contralateral.png,
6,PELVIS,Pelvis,Delantera,Cadera,Nervio Vago - Suprarrenal,Nervio Vago,Suprarrenal,Sin clasificar,,,Par normal (dos puntos distintos),no,SÍ,Licra negra ajustada + top negro si aplica · Sin desnudez · Estilo médico sobrio,"vista médica anatómica de cadera y muslo superior, sujeto con pantalón corto deportivo oscuro",Tablas Holoacademia - Pelvis,Manual Biomagnetismo - Pelvis,⏳ PENDIENTE - GENERAR,1125,1125_Nervio_Vago_Suprarrenal.png,
6,PELVIS,Pelvis,Delantera,Cadera,Plexo Lumbar - Plexo Lumbar,Plexo Lumbar,Plexo Lumbar,Bacteria,Enter ococ cusfaeca lis,,Mismo punto simple (un marcador),no,SÍ,Licra negra ajustada + top negro si aplica · Sin desnudez · Estilo médico sobrio,"vista médica anatómica de cadera y muslo superior, sujeto con pantalón corto deportivo oscuro",Tablas Holoacademia - Pelvis,Manual Biomagnetismo - Pelvis,⏳ PENDIENTE - GENERAR,1126,1126_Plexo_Lumbar_Plexo_Lumbar.png,
6,PELVIS,Pelvis,Delantera,Cadera,Rama Isquion - Rama Isquion,Rama Isquion,Rama Isquion,Bacteria,Streptococcus C,,Mismo punto simple (un marcador),no,SÍ,Licra negra ajustada + top negro si aplica · Sin desnudez · Estilo médico sobrio,"vista médica anatómica de cadera y muslo superior, sujeto con pantalón corto deportivo oscuro",Tablas Holoacademia - Pelvis,Manual Biomagnetismo - Pelvis,⏳ PENDIENTE - GENERAR,1127,1127_Rama_Isquion_Rama_Isquion.png,
6,PELVIS,Pelvis,Delantera,Cadera,Nervio Inguinal - Testículo,Nervio Inguinal,Testículo,Especial/Disfunción,,,Par normal (dos puntos distintos),no,SÍ,Licra negra ajustada + top negro si aplica · Sin desnudez · Estilo médico sobrio,"vista médica anatómica de cadera y muslo superior, sujeto con pantalón corto deportivo oscuro",Tablas Holoacademia - Pelvis,Manual Biomagnetismo - Pelvis,⏳ PENDIENTE - GENERAR,1128,1128_Nervio_Inguinal_Testiculo.png,
6,PELVIS,Pelvis,Delantera,Cadera,Nervio Inguinal - Riñón Contralateral,Nervio Inguinal,Riñón Contralateral,Sin clasificar,,,Par normal (dos puntos distintos),no,SÍ,Licra negra ajustada + top negro si aplica · Sin desnudez · Estilo médico sobrio,"vista médica anatómica de cadera y muslo superior, sujeto con pantalón corto deportivo oscuro",Tablas Holoacademia - Pelvis,Manual Biomagnetismo - Pelvis,⏳ PENDIENTE - GENERAR,1129,1129_Nervio_Inguinal_Rinon_Contralateral.png,
6,PELVIS,Pelvis,Delantera,Cadera,Saco de Douglas - Nervio Inguinal,Saco de Douglas,Nervio Inguinal,Virus,Norw alk,,Par normal (dos puntos distintos),no,SÍ,Licra negra ajustada + top negro si aplica · Sin desnudez · Estilo médico sobrio,"vista médica anatómica de cadera y muslo superior, sujeto con pantalón corto deportivo oscuro",Tablas Holoacademia - Pelvis,Manual Biomagnetismo - Pelvis,⏳ PENDIENTE - GENERAR,1130,1130_Saco_de_Douglas_Nervio_Inguinal.png,
6,PELVIS,Pelvis,Delantera,Fémur,Cuello de Fémur - Cuello de Fémur,Cuello de Fémur,Cuello de Fémur,Reservorio,DE VIRUS,,Mismo punto simple (un marcador),no,SÍ,Licra negra ajustada + top negro si aplica · Sin desnudez · Estilo médico sobrio,"vista médica anatómica de cadera y muslo superior, sujeto con pantalón corto deportivo oscuro",Tablas Holoacademia - Pelvis,Manual Biomagnetismo - Pelvis,⏳ PENDIENTE - GENERAR,1131,1131_Cuello_de_Femur_Cuello_de_Femur.png,
6,PELVIS,Pelvis,Delantera,Fémur,Trocánter Mayor - Trocánter Mayor,Trocánter Mayor,Trocánter Mayor,Bacteria,Salmonela tiphy,,Mismo punto simple (un marcador),no,SÍ,Licra negra ajustada + top negro si aplica · Sin desnudez · Estilo médico sobrio,"vista médica anatómica de cadera y muslo superior, sujeto con pantalón corto deportivo oscuro",Tablas Holoacademia - Pelvis,Manual Biomagnetismo - Pelvis,✅ TIENE FICHA APROBADA,102,102_Trocanter_mayor_trocanter_mayor.png,102_Trocanter_mayor_trocanter_mayor.png
6,PELVIS,Pelvis,Delantera,Fémur,Trocánter Mayor - Riñón HOMOLAT,Trocánter Mayor,Riñón HOMOLAT,,,,Par normal (dos puntos distintos),SÍ,SÍ,Licra negra ajustada + top negro si aplica · Sin desnudez · Estilo médico sobrio,"vista médica anatómica de cadera y muslo superior, sujeto con pantalón corto deportivo oscuro",Tablas Holoacademia - Pelvis,Manual Biomagnetismo - Pelvis,⏳ PENDIENTE - GENERAR,1132,1132_Trocanter_Mayor_Rinon_HOMOLAT.png,
6,PELVIS,Pelvis,Delantera,Fémur,Trocánter Menor - Trocánter Menor,Trocánter Menor,Trocánter Menor,Virus,Virus linfotropo,,Mismo punto simple (un marcador),no,SÍ,Licra negra ajustada + top negro si aplica · Sin desnudez · Estilo médico sobrio,"vista médica anatómica de cadera y muslo superior, sujeto con pantalón corto deportivo oscuro",Tablas Holoacademia - Pelvis,Manual Biomagnetismo - Pelvis,⏳ PENDIENTE - GENERAR,1133,1133_Trocanter_Menor_Trocanter_Menor.png,
6,PELVIS,Pelvis,Delantera,Fémur,Cabeza de Fémur - Cabeza de Fémur,Cabeza de Fémur,Cabeza de Fémur,Reservorio,Rese rvori o,,Mismo punto simple (un marcador),no,SÍ,Licra negra ajustada + top negro si aplica · Sin desnudez · Estilo médico sobrio,"vista médica anatómica de cadera y muslo superior, sujeto con pantalón corto deportivo oscuro",Tablas Holoacademia - Pelvis,Manual Biomagnetismo - Pelvis,⏳ PENDIENTE - GENERAR,1134,1134_Cabeza_de_Femur_Cabeza_de_Femur.png,
6,PELVIS,Pelvis,Delantera,Fémur,Cresta Iliaca Frontal Derecha - Perone Lateral,Cresta Iliaca Frontal Derecha,Perone Lateral,Virus,Papiloma,,Par normal (dos puntos distintos),SÍ,SÍ,Licra negra ajustada + top negro si aplica · Sin desnudez · Estilo médico sobrio,"vista médica anatómica de cadera y muslo superior, sujeto con pantalón corto deportivo oscuro",Tablas Holoacademia - Pelvis,Manual Biomagnetismo - Pelvis,⏳ PENDIENTE - GENERAR,1135,1135_Cresta_Iliaca_Frontal_Derecha_Perone_Lateral.png,
6,PELVIS,Pelvis,Delantera,Fémur,Cuello de Fémur Derecho - Calcáneo Izquierdo,Cuello de Fémur Derecho,Calcáneo Izquierdo,Hongo,Cándida Glabrata,,Par normal (dos puntos distintos),SÍ,SÍ,Licra negra ajustada + top negro si aplica · Sin desnudez · Estilo médico sobrio,"vista médica anatómica de cadera y muslo superior, sujeto con pantalón corto deportivo oscuro",Tablas Holoacademia - Pelvis,Manual Biomagnetismo - Pelvis,⏳ PENDIENTE - GENERAR,1136,1136_Cuello_de_Femur_Derecho_Calcaneo_Izquierdo.png,
6,PELVIS,Pelvis,Delantera,Fémur,Cervical 3ª - Supraespinoso,Cervical 3ª,Supraespinoso,Sin clasificar,,,Par normal (dos puntos distintos),SÍ,SÍ,Licra negra ajustada + top negro si aplica · Sin desnudez · Estilo médico sobrio,"vista médica anatómica de cadera y muslo superior, sujeto con pantalón corto deportivo oscuro",Tablas Holoacademia - Pelvis,Manual Biomagnetismo - Pelvis,⏳ PENDIENTE - GENERAR,1137,1137_Cervical_3a_Supraespinoso.png,
6,PELVIS,Pelvis,Delantera,Fémur,Trocánter Menor - Riñón HOMOLAT,Trocánter Menor,Riñón HOMOLAT,,,,Par normal (dos puntos distintos),SÍ,SÍ,Licra negra ajustada + top negro si aplica · Sin desnudez · Estilo médico sobrio,"vista médica anatómica de cadera y muslo superior, sujeto con pantalón corto deportivo oscuro",Tablas Holoacademia - Pelvis,Manual Biomagnetismo - Pelvis,⏳ PENDIENTE - GENERAR,1138,1138_Trocanter_Menor_Rinon_HOMOLAT.png,
6,PELVIS,Pelvis,Delantera,Conexiones Sistémicas,Atlas - Testículo,Atlas,Testículo,Sin clasificar,Dieg uer. LIND A,,Par normal (dos puntos distintos),SÍ,SÍ,Licra negra ajustada + top negro si aplica · Sin desnudez · Estilo médico sobrio,"vista médica anatómica de cadera y muslo superior, sujeto con pantalón corto deportivo oscuro",Tablas Holoacademia - Pelvis,Manual Biomagnetismo - Pelvis,⏳ PENDIENTE - GENERAR,1139,1139_Atlas_Testiculo.png,
6,PELVIS,Pelvis,Delantera,Conexiones Sistémicas,Atlas - Útero,Atlas,Útero,Especial/Disfunción,Dieg uer. LIND A,,Par normal (dos puntos distintos),SÍ,SÍ,Licra negra ajustada + top negro si aplica · Sin desnudez · Estilo médico sobrio,"vista médica anatómica de cadera y muslo superior, sujeto con pantalón corto deportivo oscuro",Tablas Holoacademia - Pelvis,Manual Biomagnetismo - Pelvis,✅ TIENE FICHA APROBADA,74,074_Atlas_Utero.png,074_Atlas_Utero.png
6,PELVIS,Pelvis,Delantera,Conexiones Sistémicas,Atlas Útero - Linda Celos,Atlas Útero,Linda Celos,,,,Par normal (dos puntos distintos),no,SÍ,Licra negra ajustada + top negro si aplica · Sin desnudez · Estilo médico sobrio,"vista médica anatómica de cadera y muslo superior, sujeto con pantalón corto deportivo oscuro",Tablas Holoacademia - Pelvis,Manual Biomagnetismo - Pelvis,⏳ PENDIENTE - GENERAR,1140,1140_Atlas_Utero_Linda_Celos.png,
6,PELVIS,Pelvis,Delantera,Conexiones Sistémicas,Cáliz Renal - Uretero,Cáliz Renal,Uretero,Virus,Herpes V,,Par normal (dos puntos distintos),SÍ,SÍ,Licra negra ajustada + top negro si aplica · Sin desnudez · Estilo médico sobrio,"vista médica anatómica de cadera y muslo superior, sujeto con pantalón corto deportivo oscuro",Tablas Holoacademia - Pelvis,Manual Biomagnetismo - Pelvis,⏳ PENDIENTE - GENERAR,1141,1141_Caliz_Renal_Uretero.png,
6,PELVIS,Pelvis,Delantera,Conexiones Sistémicas,Cáliz Renal - Uretero Herpes,Cáliz Renal,Uretero Herpes,Virus,Virus,,Par normal (dos puntos distintos),SÍ,SÍ,Licra negra ajustada + top negro si aplica · Sin desnudez · Estilo médico sobrio,"vista médica anatómica de cadera y muslo superior, sujeto con pantalón corto deportivo oscuro",Tablas Holoacademia - Pelvis,Manual Biomagnetismo - Pelvis,⏳ PENDIENTE - GENERAR,1142,1142_Caliz_Renal_Uretero_Herpes.png,
6,PELVIS,Pelvis,Delantera,Conexiones Sistémicas,Cervical 1 - Coxis,Cervical 1,Coxis,,,,Par normal (dos puntos distintos),SÍ,SÍ,Licra negra ajustada + top negro si aplica · Sin desnudez · Estilo médico sobrio,"vista médica anatómica de cadera y muslo superior, sujeto con pantalón corto deportivo oscuro",Tablas Holoacademia - Pelvis,Manual Biomagnetismo - Pelvis,⏳ PENDIENTE - GENERAR,1143,1143_Cervical_1_Coxis.png,
6,PELVIS,Pelvis,Delantera,Conexiones Sistémicas,Cervical 3 - Sacro Parasimpático,Cervical 3,Sacro Parasimpático,Disfunción,,,Par normal (dos puntos distintos),SÍ,SÍ,Licra negra ajustada + top negro si aplica · Sin desnudez · Estilo médico sobrio,"vista médica anatómica de cadera y muslo superior, sujeto con pantalón corto deportivo oscuro",Tablas Holoacademia - Pelvis,Manual Biomagnetismo - Pelvis,⏳ PENDIENTE - GENERAR,1144,1144_Cervical_3_Sacro_Parasimpatico.png,
6,PELVIS,Pelvis,Delantera,Conexiones Sistémicas,Cervical - Sacro Contralateral,Cervical,Sacro Contralateral,Sin clasificar,Disfu nció nPara simp ática,,Par normal (dos puntos distintos),SÍ,SÍ,Licra negra ajustada + top negro si aplica · Sin desnudez · Estilo médico sobrio,"vista médica anatómica de cadera y muslo superior, sujeto con pantalón corto deportivo oscuro",Tablas Holoacademia - Pelvis,Manual Biomagnetismo - Pelvis,⏳ PENDIENTE - GENERAR,1145,1145_Cervical_Sacro_Contralateral.png,
6,PELVIS,Pelvis,Delantera,Conexiones Sistémicas,Cervicales - Sacro,Cervicales,Sacro,Sin clasificar,,,Par normal (dos puntos distintos),SÍ,SÍ,Licra negra ajustada + top negro si aplica · Sin desnudez · Estilo médico sobrio,"vista médica anatómica de cadera y muslo superior, sujeto con pantalón corto deportivo oscuro",Tablas Holoacademia - Pelvis,Manual Biomagnetismo - Pelvis,⏳ PENDIENTE - GENERAR,1146,1146_Cervicales_Sacro.png,
6,PELVIS,Pelvis,Delantera,Conexiones Sistémicas,Cervicales - Utero,Cervicales,Utero,Especial/Disfunción,Espe cial Vegi nitis,,Par normal (dos puntos distintos),SÍ,SÍ,Licra negra ajustada + top negro si aplica · Sin desnudez · Estilo médico sobrio,"vista médica anatómica de cadera y muslo superior, sujeto con pantalón corto deportivo oscuro",Tablas Holoacademia - Pelvis,Manual Biomagnetismo - Pelvis,⏳ PENDIENTE - GENERAR,1147,1147_Cervicales_Utero.png,
6,PELVIS,Pelvis,Delantera,Conexiones Sistémicas,Ciático Derecho - Útero,Ciático Derecho,Útero,Especial/Disfunción,,,Par normal (dos puntos distintos),SÍ,SÍ,Licra negra ajustada + top negro si aplica · Sin desnudez · Estilo médico sobrio,"vista médica anatómica de cadera y muslo superior, sujeto con pantalón corto deportivo oscuro",Tablas Holoacademia - Pelvis,Manual Biomagnetismo - Pelvis,⏳ PENDIENTE - GENERAR,1148,1148_Ciatico_Derecho_Utero.png,
6,PELVIS,Pelvis,Delantera,Conexiones Sistémicas,Conducto Eferente - Sacro,Conducto Eferente,Sacro,Virus,Rotavirus,,Par normal (dos puntos distintos),no,SÍ,Licra negra ajustada + top negro si aplica · Sin desnudez · Estilo médico sobrio,"vista médica anatómica de cadera y muslo superior, sujeto con pantalón corto deportivo oscuro",Tablas Holoacademia - Pelvis,Manual Biomagnetismo - Pelvis,⏳ PENDIENTE - GENERAR,1149,1149_Conducto_Eferente_Sacro.png,
6,PELVIS,Pelvis,Delantera,Conexiones Sistémicas,Coxis - Ciática,Coxis,Ciática,Sin clasificar,,,Par normal (dos puntos distintos),no,SÍ,Licra negra ajustada + top negro si aplica · Sin desnudez · Estilo médico sobrio,"vista médica anatómica de cadera y muslo superior, sujeto con pantalón corto deportivo oscuro",Tablas Holoacademia - Pelvis,Manual Biomagnetismo - Pelvis,⏳ PENDIENTE - GENERAR,1150,1150_Coxis_Ciatica.png,
6,PELVIS,Pelvis,Delantera,Conexiones Sistémicas,Coxis - Ciático,Coxis,Ciático,Especial/Disfunción,Espe cial,,Par normal (dos puntos distintos),SÍ,SÍ,Licra negra ajustada + top negro si aplica · Sin desnudez · Estilo médico sobrio,"vista médica anatómica de cadera y muslo superior, sujeto con pantalón corto deportivo oscuro",Tablas Holoacademia - Pelvis,Manual Biomagnetismo - Pelvis,⏳ PENDIENTE - GENERAR,1151,1151_Coxis_Ciatico.png,
6,PELVIS,Pelvis,Delantera,Conexiones Sistémicas,Coxis - Coxis Vertical,Coxis,Coxis Vertical,Virus,virus Trastornos pélvicos,,Par normal (dos puntos distintos),no,SÍ,Licra negra ajustada + top negro si aplica · Sin desnudez · Estilo médico sobrio,"vista médica anatómica de cadera y muslo superior, sujeto con pantalón corto deportivo oscuro",Tablas Holoacademia - Pelvis,Manual Biomagnetismo - Pelvis,⏳ PENDIENTE - GENERAR,1152,1152_Coxis_Coxis_Vertical.png,
6,PELVIS,Pelvis,Delantera,Conexiones Sistémicas,Coxis - Plexo Cervical,Coxis,Plexo Cervical,Especial/Disfunción,Espe cial,,Par normal (dos puntos distintos),SÍ,SÍ,Licra negra ajustada + top negro si aplica · Sin desnudez · Estilo médico sobrio,"vista médica anatómica de cadera y muslo superior, sujeto con pantalón corto deportivo oscuro",Tablas Holoacademia - Pelvis,Manual Biomagnetismo - Pelvis,⏳ PENDIENTE - GENERAR,1153,1153_Coxis_Plexo_Cervical.png,
6,PELVIS,Pelvis,Delantera,Conexiones Sistémicas,Coxis Ciático - Calambres Piernas,Coxis Ciático,Calambres Piernas,Especial/Disfunción,,,Par normal (dos puntos distintos),no,SÍ,Licra negra ajustada + top negro si aplica · Sin desnudez · Estilo médico sobrio,"vista médica anatómica de cadera y muslo superior, sujeto con pantalón corto deportivo oscuro",Tablas Holoacademia - Pelvis,Manual Biomagnetismo - Pelvis,⏳ PENDIENTE - GENERAR,1154,1154_Coxis_Ciatico_Calambres_Piernas.png,
6,PELVIS,Pelvis,Delantera,Conexiones Sistémicas,Coxis Plexo - Cervical Ácido,Coxis Plexo,Cervical Ácido,Especial/Disfunción,Úrico,,Par normal (dos puntos distintos),SÍ,SÍ,Licra negra ajustada + top negro si aplica · Sin desnudez · Estilo médico sobrio,"vista médica anatómica de cadera y muslo superior, sujeto con pantalón corto deportivo oscuro",Tablas Holoacademia - Pelvis,Manual Biomagnetismo - Pelvis,⏳ PENDIENTE - GENERAR,1155,1155_Coxis_Plexo_Cervical_Acido.png,
6,PELVIS,Pelvis,Delantera,Conexiones Sistémicas,Cérvico - Útero,Cérvico,Útero,Especial/Disfunción,,,Par normal (dos puntos distintos),no,SÍ,Licra negra ajustada + top negro si aplica · Sin desnudez · Estilo médico sobrio,"vista médica anatómica de cadera y muslo superior, sujeto con pantalón corto deportivo oscuro",Tablas Holoacademia - Pelvis,Manual Biomagnetismo - Pelvis,⏳ PENDIENTE - GENERAR,1156,1156_Cervico_Utero.png,
6,PELVIS,Pelvis,Delantera,Conexiones Sistémicas,Cérvico Cérvico - Útero Insomnio,Cérvico Cérvico,Útero Insomnio,Emocional/Psicoemocional,,,Par normal (dos puntos distintos),no,SÍ,Licra negra ajustada + top negro si aplica · Sin desnudez · Estilo médico sobrio,"vista médica anatómica de cadera y muslo superior, sujeto con pantalón corto deportivo oscuro",Tablas Holoacademia - Pelvis,Manual Biomagnetismo - Pelvis,⏳ PENDIENTE - GENERAR,1157,1157_Cervico_Cervico_Utero_Insomnio.png,
6,PELVIS,Pelvis,Delantera,Conexiones Sistémicas,Cérvico Útero - Infección Vaginal,Cérvico Útero,Infección Vaginal,,,,Par normal (dos puntos distintos),no,SÍ,Licra negra ajustada + top negro si aplica · Sin desnudez · Estilo médico sobrio,"vista médica anatómica de cadera y muslo superior, sujeto con pantalón corto deportivo oscuro",Tablas Holoacademia - Pelvis,Manual Biomagnetismo - Pelvis,⏳ PENDIENTE - GENERAR,1158,1158_Cervico_Utero_Infeccion_Vaginal.png,
6,PELVIS,Pelvis,Delantera,Conexiones Sistémicas,Dorsal 6 - Sacro,Dorsal 6,Sacro,Virus,Faek alAlkal inzin g,,Par normal (dos puntos distintos),SÍ,SÍ,Licra negra ajustada + top negro si aplica · Sin desnudez · Estilo médico sobrio,"vista médica anatómica de cadera y muslo superior, sujeto con pantalón corto deportivo oscuro",Tablas Holoacademia - Pelvis,Manual Biomagnetismo - Pelvis,⏳ PENDIENTE - GENERAR,1159,1159_Dorsal_6_Sacro.png,
6,PELVIS,Pelvis,Delantera,Conexiones Sistémicas,Estómago - Próstata,Estómago,Próstata,Disfunción,,,Par normal (dos puntos distintos),no,SÍ,Licra negra ajustada + top negro si aplica · Sin desnudez · Estilo médico sobrio,"vista médica anatómica de cadera y muslo superior, sujeto con pantalón corto deportivo oscuro",Tablas Holoacademia - Pelvis,Manual Biomagnetismo - Pelvis,⏳ PENDIENTE - GENERAR,1160,1160_Estomago_Prostata.png,
6,PELVIS,Pelvis,Delantera,Conexiones Sistémicas,Estómago - Vagina,Estómago,Vagina,,,,Par normal (dos puntos distintos),no,SÍ,Licra negra ajustada + top negro si aplica · Sin desnudez · Estilo médico sobrio,"vista médica anatómica de cadera y muslo superior, sujeto con pantalón corto deportivo oscuro",Tablas Holoacademia - Pelvis,Manual Biomagnetismo - Pelvis,⏳ PENDIENTE - GENERAR,1161,1161_Estomago_Vagina.png,
6,PELVIS,Pelvis,Delantera,Conexiones Sistémicas,Cervical - Útero,Cervical,Útero,,,,Par normal (dos puntos distintos),SÍ,SÍ,Licra negra ajustada + top negro si aplica · Sin desnudez · Estilo médico sobrio,"vista médica anatómica de cadera y muslo superior, sujeto con pantalón corto deportivo oscuro",Tablas Holoacademia - Pelvis,Manual Biomagnetismo - Pelvis,⏳ PENDIENTE - GENERAR,1162,1162_Cervical_Utero.png,
6,PELVIS,Pelvis,Delantera,Conexiones Sistémicas,Cervical 3ª - Sacro Contrario,Cervical 3ª,Sacro Contrario,,,,Par normal (dos puntos distintos),SÍ,SÍ,Licra negra ajustada + top negro si aplica · Sin desnudez · Estilo médico sobrio,"vista médica anatómica de cadera y muslo superior, sujeto con pantalón corto deportivo oscuro",Tablas Holoacademia - Pelvis,Manual Biomagnetismo - Pelvis,⏳ PENDIENTE - GENERAR,1163,1163_Cervical_3a_Sacro_Contrario.png,
6,PELVIS,Pelvis,Delantera,Conexiones Sistémicas,Útero - Sacro,Útero,Sacro,Especial/Disfunción,Espe cial,,Par normal (dos puntos distintos),no,SÍ,Licra negra ajustada + top negro si aplica · Sin desnudez · Estilo médico sobrio,"vista médica anatómica de cadera y muslo superior, sujeto con pantalón corto deportivo oscuro",Tablas Holoacademia - Pelvis,Manual Biomagnetismo - Pelvis,✅ TIENE FICHA APROBADA,72,072_SACRO_Utero.png,072_SACRO_Utero.png
6,PELVIS,Pelvis,Delantera,Conexiones Sistémicas,Uretra - Sacro,Uretra,Sacro,,,,Par normal (dos puntos distintos),no,SÍ,Licra negra ajustada + top negro si aplica · Sin desnudez · Estilo médico sobrio,"vista médica anatómica de cadera y muslo superior, sujeto con pantalón corto deportivo oscuro",Tablas Holoacademia - Pelvis,Manual Biomagnetismo - Pelvis,⏳ PENDIENTE - GENERAR,1164,1164_Uretra_Sacro.png,
6,PELVIS,Pelvis,Delantera,Conexiones Sistémicas,Útero - Atlas,Útero,Atlas,Especial/Disfunción,Dieg uer. LIND A,,Par normal (dos puntos distintos),SÍ,SÍ,Licra negra ajustada + top negro si aplica · Sin desnudez · Estilo médico sobrio,"vista médica anatómica de cadera y muslo superior, sujeto con pantalón corto deportivo oscuro",Tablas Holoacademia - Pelvis,Manual Biomagnetismo - Pelvis,⏳ PENDIENTE - GENERAR,1165,1165_Utero_Atlas.png,
6,PELVIS,Pelvis,Delantera,Conexiones Sistémicas,Ciático Derecho - Lumbar 1,Ciático Derecho,Lumbar 1,Especial/Disfunción,,,Par normal (dos puntos distintos),SÍ,SÍ,Licra negra ajustada + top negro si aplica · Sin desnudez · Estilo médico sobrio,"vista médica anatómica de cadera y muslo superior, sujeto con pantalón corto deportivo oscuro",Tablas Holoacademia - Pelvis,Manual Biomagnetismo - Pelvis,⏳ PENDIENTE - GENERAR,1166,1166_Ciatico_Derecho_Lumbar_1.png,
6,PELVIS,Pelvis,Delantera,Conexiones Sistémicas,Ciático Derecho - Lumbar 5,Ciático Derecho,Lumbar 5,Especial/Disfunción,,,Par normal (dos puntos distintos),SÍ,SÍ,Licra negra ajustada + top negro si aplica · Sin desnudez · Estilo médico sobrio,"vista médica anatómica de cadera y muslo superior, sujeto con pantalón corto deportivo oscuro",Tablas Holoacademia - Pelvis,Manual Biomagnetismo - Pelvis,⏳ PENDIENTE - GENERAR,1167,1167_Ciatico_Derecho_Lumbar_5.png,
6,PELVIS,Pelvis,Delantera,Conexiones Sistémicas,Cuerpo de Páncreas - Útero,Cuerpo de Páncreas,Útero,Sin clasificar,,,Par normal (dos puntos distintos),no,SÍ,Licra negra ajustada + top negro si aplica · Sin desnudez · Estilo médico sobrio,"vista médica anatómica de cadera y muslo superior, sujeto con pantalón corto deportivo oscuro",Tablas Holoacademia - Pelvis,Manual Biomagnetismo - Pelvis,⏳ PENDIENTE - GENERAR,1168,1168_Cuerpo_de_Pancreas_Utero.png,
6,PELVIS,Pelvis,Delantera,Conexiones Sistémicas,Deltoides Izquierdo - Cervical,Deltoides Izquierdo,Cervical,Bacteria,Balantidium,,Par normal (dos puntos distintos),SÍ,SÍ,Licra negra ajustada + top negro si aplica · Sin desnudez · Estilo médico sobrio,"vista médica anatómica de cadera y muslo superior, sujeto con pantalón corto deportivo oscuro",Tablas Holoacademia - Pelvis,Manual Biomagnetismo - Pelvis,⏳ PENDIENTE - GENERAR,1169,1169_Deltoides_Izquierdo_Cervical.png,
6,PELVIS,Pelvis,Delantera,Conexiones Sistémicas,Nervio Inguinal - Útero,Nervio Inguinal,Útero,Especial/Disfunción,,,Par normal (dos puntos distintos),no,SÍ,Licra negra ajustada + top negro si aplica · Sin desnudez · Estilo médico sobrio,"vista médica anatómica de cadera y muslo superior, sujeto con pantalón corto deportivo oscuro",Tablas Holoacademia - Pelvis,Manual Biomagnetismo - Pelvis,⏳ PENDIENTE - GENERAR,1170,1170_Nervio_Inguinal_Utero.png,
6,PELVIS,Pelvis,Delantera,Conexiones Sistémicas,Ombligo - Útero,Ombligo,Útero,Emocional/Psicoemocional,Trini,,Par normal (dos puntos distintos),no,SÍ,Licra negra ajustada + top negro si aplica · Sin desnudez · Estilo médico sobrio,"vista médica anatómica de cadera y muslo superior, sujeto con pantalón corto deportivo oscuro",Tablas Holoacademia - Pelvis,Manual Biomagnetismo - Pelvis,⏳ PENDIENTE - GENERAR,1171,1171_Ombligo_Utero.png,
6,PELVIS,Pelvis,Delantera,Conexiones Sistémicas,Plexo Cervical Derecho - Útero,Plexo Cervical Derecho,Útero,Especial/Disfunción,,,Par normal (dos puntos distintos),SÍ,SÍ,Licra negra ajustada + top negro si aplica · Sin desnudez · Estilo médico sobrio,"vista médica anatómica de cadera y muslo superior, sujeto con pantalón corto deportivo oscuro",Tablas Holoacademia - Pelvis,Manual Biomagnetismo - Pelvis,⏳ PENDIENTE - GENERAR,1172,1172_Plexo_Cervical_Derecho_Utero.png,
6,PELVIS,Pelvis,Delantera,Conexiones Sistémicas,Ovario Derecho - Útero,Ovario Derecho,Útero,Emocional/Psicoemocional,Meningococcus,,Par normal (dos puntos distintos),no,SÍ,Licra negra ajustada + top negro si aplica · Sin desnudez · Estilo médico sobrio,"vista médica anatómica de cadera y muslo superior, sujeto con pantalón corto deportivo oscuro",Tablas Holoacademia - Pelvis,Manual Biomagnetismo - Pelvis,⏳ PENDIENTE - GENERAR,1173,1173_Ovario_Derecho_Utero.png,
6,PELVIS,Pelvis,Trasera,Sacro,Interiliaco - Sacro,Interiliaco,Sacro,Bacteria,Proteus,,Par normal (dos puntos distintos),no,SÍ,Licra negra ajustada + top negro si aplica · Sin desnudez · Estilo médico sobrio,"vista médica posterior de la región lumbar baja y cadera, con pantalón corto oscuro",Tablas Holoacademia - Pelvis,Manual Biomagnetismo - Pelvis,⏳ PENDIENTE - GENERAR,1174,1174_Interiliaco_Sacro.png,
6,PELVIS,Pelvis,Trasera,Sacro,Iliaco - Iliaco,Iliaco,Iliaco,Bacteria,Barto nella,,Mismo punto simple (un marcador),no,SÍ,Licra negra ajustada + top negro si aplica · Sin desnudez · Estilo médico sobrio,"vista médica posterior de la región lumbar baja y cadera, con pantalón corto oscuro",Tablas Holoacademia - Pelvis,Manual Biomagnetismo - Pelvis,⏳ PENDIENTE - GENERAR,1175,1175_Iliaco_Iliaco.png,
6,PELVIS,Pelvis,Trasera,Sacro,Sacro - Sacro,Sacro,Sacro,Bacteria,Prote usMira billis,,Mismo punto simple (un marcador),no,SÍ,Licra negra ajustada + top negro si aplica · Sin desnudez · Estilo médico sobrio,"vista médica posterior de la región lumbar baja y cadera, con pantalón corto oscuro",Tablas Holoacademia - Pelvis,Manual Biomagnetismo - Pelvis,✅ TIENE FICHA APROBADA,8,008_Sacro_Sacro.png,008_Sacro_Sacro.png
6,PELVIS,Pelvis,Trasera,Sacro,Saco de Douglas - Femoral,Saco de Douglas,Femoral,,,,Par normal (dos puntos distintos),no,SÍ,Licra negra ajustada + top negro si aplica · Sin desnudez · Estilo médico sobrio,"vista médica posterior de la región lumbar baja y cadera, con pantalón corto oscuro",Tablas Holoacademia - Pelvis,Manual Biomagnetismo - Pelvis,⏳ PENDIENTE - GENERAR,1176,1176_Saco_de_Douglas_Femoral.png,
6,PELVIS,Pelvis,Trasera,Sacro,154 + Sacro - Sacro,154 + Sacro,Sacro,Complejo,Proteus Mirabilis,,Par normal (dos puntos distintos),no,SÍ,Licra negra ajustada + top negro si aplica · Sin desnudez · Estilo médico sobrio,"vista médica posterior de la región lumbar baja y cadera, con pantalón corto oscuro",Tablas Holoacademia - Pelvis,Manual Biomagnetismo - Pelvis,⏳ PENDIENTE - GENERAR,1177,1177_154_Sacro_Sacro.png,
6,PELVIS,Pelvis,Trasera,Sacro,Articulación Sacro-Ilíaca - Articulación Sacro-Ilíaca,Articulación Sacro,Ilíaca,,,,Par normal (dos puntos distintos),no,SÍ,Licra negra ajustada + top negro si aplica · Sin desnudez · Estilo médico sobrio,"vista médica posterior de la región lumbar baja y cadera, con pantalón corto oscuro",Tablas Holoacademia - Pelvis,Manual Biomagnetismo - Pelvis,⏳ PENDIENTE - GENERAR,1178,1178_Articulacion_Sacro_Iliaca_Articulacion_Sacro_Iliaca.png,
6,PELVIS,Pelvis,Trasera,Sacro,Sacro - Coxis,Sacro,Coxis,Especial/Disfunción,Espe cial,,Par normal (dos puntos distintos),no,SÍ,Licra negra ajustada + top negro si aplica · Sin desnudez · Estilo médico sobrio,"vista médica posterior de la región lumbar baja y cadera, con pantalón corto oscuro",Tablas Holoacademia - Pelvis,Manual Biomagnetismo - Pelvis,⏳ PENDIENTE - GENERAR,1179,1179_Sacro_Coxis.png,
6,PELVIS,Pelvis,Trasera,Sacro,Sacro - Riñón Contralateral,Sacro,Riñón Contralateral,,,,Par normal (dos puntos distintos),SÍ,SÍ,Licra negra ajustada + top negro si aplica · Sin desnudez · Estilo médico sobrio,"vista médica posterior de la región lumbar baja y cadera, con pantalón corto oscuro",Tablas Holoacademia - Pelvis,Manual Biomagnetismo - Pelvis,⏳ PENDIENTE - GENERAR,1180,1180_Sacro_Rinon_Contralateral.png,
6,PELVIS,Pelvis,Trasera,Sacro,Sacro - Ciático,Sacro,Ciático,,,,Par normal (dos puntos distintos),SÍ,SÍ,Licra negra ajustada + top negro si aplica · Sin desnudez · Estilo médico sobrio,"vista médica posterior de la región lumbar baja y cadera, con pantalón corto oscuro",Tablas Holoacademia - Pelvis,Manual Biomagnetismo - Pelvis,⏳ PENDIENTE - GENERAR,1181,1181_Sacro_Ciatico.png,
6,PELVIS,Pelvis,Trasera,Sacro,Sacro - Cervical,Sacro,Cervical,Disfunción,Regula el S. N. Parasimpático,,Par normal (dos puntos distintos),SÍ,SÍ,Licra negra ajustada + top negro si aplica · Sin desnudez · Estilo médico sobrio,"vista médica posterior de la región lumbar baja y cadera, con pantalón corto oscuro",Tablas Holoacademia - Pelvis,Manual Biomagnetismo - Pelvis,⏳ PENDIENTE - GENERAR,1182,1182_Sacro_Cervical.png,
6,PELVIS,Pelvis,Trasera,Sacro,Sacro - Útero,Sacro,Útero,Especial/Disfunción,Espe cial,,Par normal (dos puntos distintos),no,SÍ,Licra negra ajustada + top negro si aplica · Sin desnudez · Estilo médico sobrio,"vista médica posterior de la región lumbar baja y cadera, con pantalón corto oscuro",Tablas Holoacademia - Pelvis,Manual Biomagnetismo - Pelvis,⏳ PENDIENTE - GENERAR,1183,1183_Sacro_Utero.png,
6,PELVIS,Pelvis,Trasera,Sacro,Sacro - Vejiga,Sacro,Vejiga,Bacteria,Strep toco ccus G,,Par normal (dos puntos distintos),no,SÍ,Licra negra ajustada + top negro si aplica · Sin desnudez · Estilo médico sobrio,"vista médica posterior de la región lumbar baja y cadera, con pantalón corto oscuro",Tablas Holoacademia - Pelvis,Manual Biomagnetismo - Pelvis,⏳ PENDIENTE - GENERAR,1184,1184_Sacro_Vejiga.png,
6,PELVIS,Pelvis,Trasera,Sacro,Sacro - Femoral,Sacro,Femoral,,,,Par normal (dos puntos distintos),no,SÍ,Licra negra ajustada + top negro si aplica · Sin desnudez · Estilo médico sobrio,"vista médica posterior de la región lumbar baja y cadera, con pantalón corto oscuro",Tablas Holoacademia - Pelvis,Manual Biomagnetismo - Pelvis,⏳ PENDIENTE - GENERAR,1185,1185_Sacro_Femoral.png,
6,PELVIS,Pelvis,Trasera,Sacro,Sacro IZQ - Femoral,Sacro IZQ,Femoral,,,,Par normal (dos puntos distintos),no,SÍ,Licra negra ajustada + top negro si aplica · Sin desnudez · Estilo médico sobrio,"vista médica posterior de la región lumbar baja y cadera, con pantalón corto oscuro",Tablas Holoacademia - Pelvis,Manual Biomagnetismo - Pelvis,⏳ PENDIENTE - GENERAR,1186,1186_Sacro_IZQ_Femoral.png,
6,PELVIS,Pelvis,Trasera,Sacro,Colon Ascendente - Sacro,Colon Ascendente,Sacro,Bacteria,Burkholderia Cepacia,,Par normal (dos puntos distintos),no,SÍ,Licra negra ajustada + top negro si aplica · Sin desnudez · Estilo médico sobrio,"vista médica posterior de la región lumbar baja y cadera, con pantalón corto oscuro",Tablas Holoacademia - Pelvis,Manual Biomagnetismo - Pelvis,⏳ PENDIENTE - GENERAR,1187,1187_Colon_Ascendente_Sacro.png,
6,PELVIS,Pelvis,Trasera,Sacro,Colón Transverso - Sacro,Colón Transverso,Sacro,Sin clasificar,Chlamydia Intestinalis,,Par normal (dos puntos distintos),no,SÍ,Licra negra ajustada + top negro si aplica · Sin desnudez · Estilo médico sobrio,"vista médica posterior de la región lumbar baja y cadera, con pantalón corto oscuro",Tablas Holoacademia - Pelvis,Manual Biomagnetismo - Pelvis,⏳ PENDIENTE - GENERAR,1188,1188_Colon_Transverso_Sacro.png,
6,PELVIS,Pelvis,Trasera,Sacro,Lumbar 4 - Sacro,Lumbar 4,Sacro,Bacteria,Proteus Mirabilis,,Par normal (dos puntos distintos),SÍ,SÍ,Licra negra ajustada + top negro si aplica · Sin desnudez · Estilo médico sobrio,"vista médica posterior de la región lumbar baja y cadera, con pantalón corto oscuro",Tablas Holoacademia - Pelvis,Manual Biomagnetismo - Pelvis,⏳ PENDIENTE - GENERAR,1189,1189_Lumbar_4_Sacro.png,
6,PELVIS,Pelvis,Trasera,Sacro,Nuca - Sacro,Nuca,Sacro,Especial/Disfunción,,,Par normal (dos puntos distintos),no,SÍ,Licra negra ajustada + top negro si aplica · Sin desnudez · Estilo médico sobrio,"vista médica posterior de la región lumbar baja y cadera, con pantalón corto oscuro",Tablas Holoacademia - Pelvis,Manual Biomagnetismo - Pelvis,⏳ PENDIENTE - GENERAR,1190,1190_Nuca_Sacro.png,
6,PELVIS,Pelvis,Trasera,Sacro,Sacro - Ciático Derecho,Sacro,Ciático Derecho,Especial/Disfunción,,,Par normal (dos puntos distintos),SÍ,SÍ,Licra negra ajustada + top negro si aplica · Sin desnudez · Estilo médico sobrio,"vista médica posterior de la región lumbar baja y cadera, con pantalón corto oscuro",Tablas Holoacademia - Pelvis,Manual Biomagnetismo - Pelvis,⏳ PENDIENTE - GENERAR,1191,1191_Sacro_Ciatico_Derecho.png,
6,PELVIS,Pelvis,Trasera,Sacro,Plexo Cervical Derecho - Sacro,Plexo Cervical Derecho,Sacro,Especial/Disfunción,,,Par normal (dos puntos distintos),SÍ,SÍ,Licra negra ajustada + top negro si aplica · Sin desnudez · Estilo médico sobrio,"vista médica posterior de la región lumbar baja y cadera, con pantalón corto oscuro",Tablas Holoacademia - Pelvis,Manual Biomagnetismo - Pelvis,⏳ PENDIENTE - GENERAR,1192,1192_Plexo_Cervical_Derecho_Sacro.png,
6,PELVIS,Pelvis,Trasera,Sacro,Plexo Cervical Izquierdo - Sacro,Plexo Cervical Izquierdo,Sacro,Especial/Disfunción,,,Par normal (dos puntos distintos),SÍ,SÍ,Licra negra ajustada + top negro si aplica · Sin desnudez · Estilo médico sobrio,"vista médica posterior de la región lumbar baja y cadera, con pantalón corto oscuro",Tablas Holoacademia - Pelvis,Manual Biomagnetismo - Pelvis,⏳ PENDIENTE - GENERAR,1193,1193_Plexo_Cervical_Izquierdo_Sacro.png,
6,PELVIS,Pelvis,Trasera,Coxis,Coxis - Coxis,Coxis,Coxis,Virus,Rotavirus,,Mismo punto simple (un marcador),no,SÍ,Licra negra ajustada + top negro si aplica · Sin desnudez · Estilo médico sobrio,"vista médica posterior de la región lumbar baja y cadera, con pantalón corto oscuro",Tablas Holoacademia - Pelvis,Manual Biomagnetismo - Pelvis,⏳ PENDIENTE - GENERAR,1194,1194_Coxis_Coxis.png,
6,PELVIS,Pelvis,Trasera,Coxis,Recto - Recto,Recto,Recto,Bacteria,Pseudomona aeruginosa,,Mismo punto simple (un marcador),no,SÍ,Licra negra ajustada + top negro si aplica · Sin desnudez · Estilo médico sobrio,"vista médica posterior de la región lumbar baja y cadera, con pantalón corto oscuro",Tablas Holoacademia - Pelvis,Manual Biomagnetismo - Pelvis,✅ TIENE FICHA APROBADA,6,006_Recto_Recto.png,006_Recto_Recto.png
6,PELVIS,Pelvis,Trasera,Coxis,Recto - Ano,Recto,Ano,Especial/Disfunción,Espe cial,,Par normal (dos puntos distintos),no,SÍ,Licra negra ajustada + top negro si aplica · Sin desnudez · Estilo médico sobrio,"vista médica posterior de la región lumbar baja y cadera, con pantalón corto oscuro",Tablas Holoacademia - Pelvis,Manual Biomagnetismo - Pelvis,⏳ PENDIENTE - GENERAR,1195,1195_Recto_Ano.png,
6,PELVIS,Pelvis,Trasera,Coxis,Ano - Ano,Ano,Ano,Virus,virus ódiver,,Mismo punto simple (un marcador),no,SÍ,Licra negra ajustada + top negro si aplica · Sin desnudez · Estilo médico sobrio,"vista médica posterior de la región lumbar baja y cadera, con pantalón corto oscuro",Tablas Holoacademia - Pelvis,Manual Biomagnetismo - Pelvis,⏳ PENDIENTE - GENERAR,1196,1196_Ano_Ano.png,
6,PELVIS,Pelvis,Trasera,Coxis,5 + Cáliz - Uretra,5 + Cáliz,Uretra,Complejo,Herpe V,,Par normal (dos puntos distintos),SÍ,SÍ,Licra negra ajustada + top negro si aplica · Sin desnudez · Estilo médico sobrio,"vista médica posterior de la región lumbar baja y cadera, con pantalón corto oscuro",Tablas Holoacademia - Pelvis,Manual Biomagnetismo - Pelvis,⏳ PENDIENTE - GENERAR,1197,1197_5_Caliz_Uretra.png,
6,PELVIS,Pelvis,Trasera,Coxis,Coccígeo - Coccígeo,Coccígeo,Coccígeo,,,,Mismo punto simple (un marcador),no,SÍ,Licra negra ajustada + top negro si aplica · Sin desnudez · Estilo médico sobrio,"vista médica posterior de la región lumbar baja y cadera, con pantalón corto oscuro",Tablas Holoacademia - Pelvis,Manual Biomagnetismo - Pelvis,⏳ PENDIENTE - GENERAR,1198,1198_Coccigeo_Coccigeo.png,
6,PELVIS,Pelvis,Trasera,Trasero,Glúteo - Glúteo,Glúteo,Glúteo,Parásito,Intestinal yVirus,,Mismo punto simple (un marcador),no,SÍ,Licra negra ajustada + top negro si aplica · Sin desnudez · Estilo médico sobrio,"vista médica posterior de la región lumbar baja y cadera, con pantalón corto oscuro",Tablas Holoacademia - Pelvis,Manual Biomagnetismo - Pelvis,✅ TIENE FICHA APROBADA,90,090_Gluteo_Gluteo.png,090_Gluteo_Gluteo.png
6,PELVIS,Pelvis,Trasera,Trasero,Glúteo - Femoral,Glúteo,Femoral,,,,Par normal (dos puntos distintos),no,SÍ,Licra negra ajustada + top negro si aplica · Sin desnudez · Estilo médico sobrio,"vista médica posterior de la región lumbar baja y cadera, con pantalón corto oscuro",Tablas Holoacademia - Pelvis,Manual Biomagnetismo - Pelvis,⏳ PENDIENTE - GENERAR,1199,1199_Gluteo_Femoral.png,
6,PELVIS,Pelvis,Trasera,Trasero,Rama Isquiática - Rama Isquiática,Rama Isquiática,Rama Isquiática,Bacteria,Estreptococo C,,Mismo punto simple (un marcador),no,SÍ,Licra negra ajustada + top negro si aplica · Sin desnudez · Estilo médico sobrio,"vista médica posterior de la región lumbar baja y cadera, con pantalón corto oscuro",Tablas Holoacademia - Pelvis,Manual Biomagnetismo - Pelvis,⏳ PENDIENTE - GENERAR,1200,1200_Rama_Isquiatica_Rama_Isquiatica.png,
6,PELVIS,Pelvis,Trasera,Trasero,Isquion - Isquion,Isquion,Isquion,Parásito,Oncoch Volvul,,Mismo punto simple (un marcador),no,SÍ,Licra negra ajustada + top negro si aplica · Sin desnudez · Estilo médico sobrio,"vista médica posterior de la región lumbar baja y cadera, con pantalón corto oscuro",Tablas Holoacademia - Pelvis,Manual Biomagnetismo - Pelvis,⏳ PENDIENTE - GENERAR,1201,1201_Isquion_Isquion.png,
6,PELVIS,Pelvis,Trasera,Trasero,Glúteo Medio - Glúteo Medio,Glúteo Medio,Glúteo Medio,Especial/Disfunción,Espe cial,,Mismo punto simple (un marcador),no,SÍ,Licra negra ajustada + top negro si aplica · Sin desnudez · Estilo médico sobrio,"vista médica posterior de la región lumbar baja y cadera, con pantalón corto oscuro",Tablas Holoacademia - Pelvis,Manual Biomagnetismo - Pelvis,⏳ PENDIENTE - GENERAR,1202,1202_Gluteo_Medio_Gluteo_Medio.png,
6,PELVIS,Pelvis,Trasera,Trasero,Glúteo - Vena Femoral,Glúteo,Vena Femoral,Parásito,Babe sia,,Par normal (dos puntos distintos),no,SÍ,Licra negra ajustada + top negro si aplica · Sin desnudez · Estilo médico sobrio,"vista médica posterior de la región lumbar baja y cadera, con pantalón corto oscuro",Tablas Holoacademia - Pelvis,Manual Biomagnetismo - Pelvis,✅ TIENE FICHA APROBADA,89,089_Gluteo_Vena_femoral.png,089_Gluteo_Vena_femoral.png
6,PELVIS,Pelvis,Trasera,Trasero,Glúteo Derecho - Hiato,Glúteo Derecho,Hiato,Bacteria,Enterobacter pneumoniae,,Par normal (dos puntos distintos),SÍ,SÍ,Licra negra ajustada + top negro si aplica · Sin desnudez · Estilo médico sobrio,"vista médica posterior de la región lumbar baja y cadera, con pantalón corto oscuro",Tablas Holoacademia - Pelvis,Manual Biomagnetismo - Pelvis,⏳ PENDIENTE - GENERAR,1203,1203_Gluteo_Derecho_Hiato.png,
6,PELVIS,Pelvis,Trasera,Trasero,Glúteo Izquierdo - Aquiles Izquierdo,Glúteo Izquierdo,Aquiles Izquierdo,Reservorio,UNIVERSAL,,Par normal (dos puntos distintos),SÍ,SÍ,Licra negra ajustada + top negro si aplica · Sin desnudez · Estilo médico sobrio,"vista médica posterior de la región lumbar baja y cadera, con pantalón corto oscuro",Tablas Holoacademia - Pelvis,Manual Biomagnetismo - Pelvis,⏳ PENDIENTE - GENERAR,1204,1204_Gluteo_Izquierdo_Aquiles_Izquierdo.png,
6,PELVIS,Pelvis,Trasera,Trasero,Glúteo Izquierdo - Aquiles,Glúteo Izquierdo,Aquiles,,,,Par normal (dos puntos distintos),SÍ,SÍ,Licra negra ajustada + top negro si aplica · Sin desnudez · Estilo médico sobrio,"vista médica posterior de la región lumbar baja y cadera, con pantalón corto oscuro",Tablas Holoacademia - Pelvis,Manual Biomagnetismo - Pelvis,⏳ PENDIENTE - GENERAR,1205,1205_Gluteo_Izquierdo_Aquiles.png,
6,PELVIS,Pelvis,Trasera,Trasero,Glúteo Izquierdo - Hiato,Glúteo Izquierdo,Hiato,Bacteria,Enterobacter Pneumoniae,,Par normal (dos puntos distintos),SÍ,SÍ,Licra negra ajustada + top negro si aplica · Sin desnudez · Estilo médico sobrio,"vista médica posterior de la región lumbar baja y cadera, con pantalón corto oscuro",Tablas Holoacademia - Pelvis,Manual Biomagnetismo - Pelvis,⏳ PENDIENTE - GENERAR,1206,1206_Gluteo_Izquierdo_Hiato.png,
6,PELVIS,Pelvis,Trasera,Trasero,e Glúteo - Glúteo,e Glúteo,Glúteo,Complejo,Parásitos intestinales,,Par normal (dos puntos distintos),no,SÍ,Licra negra ajustada + top negro si aplica · Sin desnudez · Estilo médico sobrio,"vista médica posterior de la región lumbar baja y cadera, con pantalón corto oscuro",Tablas Holoacademia - Pelvis,Manual Biomagnetismo - Pelvis,⏳ PENDIENTE - GENERAR,1207,1207_e_Gluteo_Gluteo.png,
6,PELVIS,Pelvis,Trasera,Trasero,Glúteo Medio - Vena Femoral,Glúteo Medio,Vena Femoral,Parásito,Babe sia,,Par normal (dos puntos distintos),no,SÍ,Licra negra ajustada + top negro si aplica · Sin desnudez · Estilo médico sobrio,"vista médica posterior de la región lumbar baja y cadera, con pantalón corto oscuro",Tablas Holoacademia - Pelvis,Manual Biomagnetismo - Pelvis,⏳ PENDIENTE - GENERAR,1208,1208_Gluteo_Medio_Vena_Femoral.png,
6,PELVIS,Pelvis,Trasera,Trasero,Glúteo Menor Derecho - Sacro,Glúteo Menor Derecho,Sacro,Bacteria,Ureoplasma Urealyticum,,Par normal (dos puntos distintos),no,SÍ,Licra negra ajustada + top negro si aplica · Sin desnudez · Estilo médico sobrio,"vista médica posterior de la región lumbar baja y cadera, con pantalón corto oscuro",Tablas Holoacademia - Pelvis,Manual Biomagnetismo - Pelvis,⏳ PENDIENTE - GENERAR,1209,1209_Gluteo_Menor_Derecho_Sacro.png,
6,PELVIS,Pelvis,Trasera,Trasero,Glúteo - Ganglios Mesentéricos,Glúteo,Ganglios Mesentéricos,Sin clasificar,,,Par normal (dos puntos distintos),no,SÍ,Licra negra ajustada + top negro si aplica · Sin desnudez · Estilo médico sobrio,"vista médica posterior de la región lumbar baja y cadera, con pantalón corto oscuro",Tablas Holoacademia - Pelvis,Manual Biomagnetismo - Pelvis,⏳ PENDIENTE - GENERAR,1210,1210_Gluteo_Ganglios_Mesentericos.png,
6,PELVIS,Pelvis,Trasera,Trasero,Glúteo - Glúteo Bacteria,Glúteo,Glúteo Bacteria,,,,Par normal (dos puntos distintos),no,SÍ,Licra negra ajustada + top negro si aplica · Sin desnudez · Estilo médico sobrio,"vista médica posterior de la región lumbar baja y cadera, con pantalón corto oscuro",Tablas Holoacademia - Pelvis,Manual Biomagnetismo - Pelvis,⏳ PENDIENTE - GENERAR,1211,1211_Gluteo_Gluteo_Bacteria.png,
6,PELVIS,Pelvis,Trasera,Trasero,Glúteo - Hiato,Glúteo,Hiato,Bacteria,Enterobacter pneumoniae,,Par normal (dos puntos distintos),SÍ,SÍ,Licra negra ajustada + top negro si aplica · Sin desnudez · Estilo médico sobrio,"vista médica posterior de la región lumbar baja y cadera, con pantalón corto oscuro",Tablas Holoacademia - Pelvis,Manual Biomagnetismo - Pelvis,⏳ PENDIENTE - GENERAR,1212,1212_Gluteo_Hiato.png,
6,PELVIS,Pelvis,Trasera,Trasero,Glúteo Vena - Femoral Babesia,Glúteo Vena,Femoral Babesia,Parásito,,,Par normal (dos puntos distintos),no,SÍ,Licra negra ajustada + top negro si aplica · Sin desnudez · Estilo médico sobrio,"vista médica posterior de la región lumbar baja y cadera, con pantalón corto oscuro",Tablas Holoacademia - Pelvis,Manual Biomagnetismo - Pelvis,⏳ PENDIENTE - GENERAR,1213,1213_Gluteo_Vena_Femoral_Babesia.png,
6,PELVIS,Pelvis,Trasera,Trasero,Hiato - Testículo Izquierdo,Hiato,Testículo Izquierdo,Bacteria,Helicobacter pylori,,Par normal (dos puntos distintos),SÍ,SÍ,Licra negra ajustada + top negro si aplica · Sin desnudez · Estilo médico sobrio,"vista médica posterior de la región lumbar baja y cadera, con pantalón corto oscuro",Tablas Holoacademia - Pelvis,Manual Biomagnetismo - Pelvis,⏳ PENDIENTE - GENERAR,1214,1214_Hiato_Testiculo_Izquierdo.png,
6,PELVIS,Pelvis,Trasera,Trasero,Hiato - Testículo,Hiato,Testículo,Complejo,Helicobácter pilori,,Par normal (dos puntos distintos),SÍ,SÍ,Licra negra ajustada + top negro si aplica · Sin desnudez · Estilo médico sobrio,"vista médica posterior de la región lumbar baja y cadera, con pantalón corto oscuro",Tablas Holoacademia - Pelvis,Manual Biomagnetismo - Pelvis,⏳ PENDIENTE - GENERAR,1215,1215_Hiato_Testiculo.png,
6,PELVIS,Pelvis,Trasera,Trasero,Hiato - Testículo Derecho,Hiato,Testículo Derecho,Bacteria,Helicobacter Pylori,,Par normal (dos puntos distintos),SÍ,SÍ,Licra negra ajustada + top negro si aplica · Sin desnudez · Estilo médico sobrio,"vista médica posterior de la región lumbar baja y cadera, con pantalón corto oscuro",Tablas Holoacademia - Pelvis,Manual Biomagnetismo - Pelvis,⏳ PENDIENTE - GENERAR,1216,1216_Hiato_Testiculo_Derecho.png,
6,PELVIS,Pelvis,Trasera,Trasero,Hiato - Vagina,Hiato,Vagina,Bacteria,Helicobacter pylori,,Par normal (dos puntos distintos),SÍ,SÍ,Licra negra ajustada + top negro si aplica · Sin desnudez · Estilo médico sobrio,"vista médica posterior de la región lumbar baja y cadera, con pantalón corto oscuro",Tablas Holoacademia - Pelvis,Manual Biomagnetismo - Pelvis,⏳ PENDIENTE - GENERAR,1217,1217_Hiato_Vagina.png,
6,PELVIS,Pelvis,Trasera,Trasero,HIATO ESOFÁGICO - Vagina,HIATO ESOFÁGICO,Vagina,Bacteria,Helic obác terPilori,,Par normal (dos puntos distintos),SÍ,SÍ,Licra negra ajustada + top negro si aplica · Sin desnudez · Estilo médico sobrio,"vista médica posterior de la región lumbar baja y cadera, con pantalón corto oscuro",Tablas Holoacademia - Pelvis,Manual Biomagnetismo - Pelvis,⏳ PENDIENTE - GENERAR,1218,1218_HIATO_ESOFAGICO_Vagina.png,
6,PELVIS,Pelvis,Trasera,Trasero,Hiato Esofágico - Testículo Derecho,Hiato Esofágico,Testículo Derecho,Bacteria,Helicobacter pylori,,Par normal (dos puntos distintos),SÍ,SÍ,Licra negra ajustada + top negro si aplica · Sin desnudez · Estilo médico sobrio,"vista médica posterior de la región lumbar baja y cadera, con pantalón corto oscuro",Tablas Holoacademia - Pelvis,Manual Biomagnetismo - Pelvis,⏳ PENDIENTE - GENERAR,1219,1219_Hiato_Esofagico_Testiculo_Derecho.png,
6,PELVIS,Pelvis,Trasera,Trasero,Hoyuelo del Glúteo Derecho - Lumbar 2,Hoyuelo del Glúteo Derecho,Lumbar 2,Especial/Disfunción,,,Par normal (dos puntos distintos),SÍ,SÍ,Licra negra ajustada + top negro si aplica · Sin desnudez · Estilo médico sobrio,"vista médica posterior de la región lumbar baja y cadera, con pantalón corto oscuro",Tablas Holoacademia - Pelvis,Manual Biomagnetismo - Pelvis,⏳ PENDIENTE - GENERAR,1220,1220_Hoyuelo_del_Gluteo_Derecho_Lumbar_2.png,
6,PELVIS,Pelvis,Trasera,Trasero,Hoyuelo del Glúteo Izquierdo - Lumbar 2,Hoyuelo del Glúteo Izquierdo,Lumbar 2,Especial/Disfunción,,,Par normal (dos puntos distintos),SÍ,SÍ,Licra negra ajustada + top negro si aplica · Sin desnudez · Estilo médico sobrio,"vista médica posterior de la región lumbar baja y cadera, con pantalón corto oscuro",Tablas Holoacademia - Pelvis,Manual Biomagnetismo - Pelvis,⏳ PENDIENTE - GENERAR,1221,1221_Hoyuelo_del_Gluteo_Izquierdo_Lumbar_2.png,
6,PELVIS,Pelvis,Trasera,Trasero,Hoyuelo del Glúteo - Lumbar 2,Hoyuelo del Glúteo,Lumbar 2,Especial/Disfunción,Especial,,Par normal (dos puntos distintos),SÍ,SÍ,Licra negra ajustada + top negro si aplica · Sin desnudez · Estilo médico sobrio,"vista médica posterior de la región lumbar baja y cadera, con pantalón corto oscuro",Tablas Holoacademia - Pelvis,Manual Biomagnetismo - Pelvis,⏳ PENDIENTE - GENERAR,1222,1222_Hoyuelo_del_Gluteo_Lumbar_2.png,
6,PELVIS,Pelvis,Trasera,Trasero,Hueco - Glúteo Izquierdo,Hueco,Glúteo Izquierdo,,,,Par normal (dos puntos distintos),no,SÍ,Licra negra ajustada + top negro si aplica · Sin desnudez · Estilo médico sobrio,"vista médica posterior de la región lumbar baja y cadera, con pantalón corto oscuro",Tablas Holoacademia - Pelvis,Manual Biomagnetismo - Pelvis,⏳ PENDIENTE - GENERAR,1223,1223_Hueco_Gluteo_Izquierdo.png,
6,PELVIS,Pelvis,Trasera,Trasero,Glúteo Izquierdo - Tendón Aquiles Derecho,Glúteo Izquierdo,Tendón Aquiles Derecho,,,,Par normal (dos puntos distintos),SÍ,SÍ,Licra negra ajustada + top negro si aplica · Sin desnudez · Estilo médico sobrio,"vista médica posterior de la región lumbar baja y cadera, con pantalón corto oscuro",Tablas Holoacademia - Pelvis,Manual Biomagnetismo - Pelvis,⏳ PENDIENTE - GENERAR,1224,1224_Gluteo_Izquierdo_Tendon_Aquiles_Derecho.png,
6,PELVIS,Pelvis,Trasera,Trasero,Hiporasis - Útero,Hiporasis,Útero,Disfunción,,,Par normal (dos puntos distintos),no,SÍ,Licra negra ajustada + top negro si aplica · Sin desnudez · Estilo médico sobrio,"vista médica posterior de la región lumbar baja y cadera, con pantalón corto oscuro",Tablas Holoacademia - Pelvis,Manual Biomagnetismo - Pelvis,⏳ PENDIENTE - GENERAR,1225,1225_Hiporasis_Utero.png,
6,PELVIS,Pelvis,Trasera,Trasero,HIPÓFISIS - Útero,HIPÓFISIS,Útero,Disfunción,,,Par normal (dos puntos distintos),SÍ,SÍ,Licra negra ajustada + top negro si aplica · Sin desnudez · Estilo médico sobrio,"vista médica posterior de la región lumbar baja y cadera, con pantalón corto oscuro",Tablas Holoacademia - Pelvis,Manual Biomagnetismo - Pelvis,⏳ PENDIENTE - GENERAR,1226,1226_HIPOFISIS_Utero.png,
6,PELVIS,Pelvis,Trasera,Trasero,Rama - Rama Isquiática,Rama,Rama Isquiática,Bacteria,Streptococcus C,,Par normal (dos puntos distintos),no,SÍ,Licra negra ajustada + top negro si aplica · Sin desnudez · Estilo médico sobrio,"vista médica posterior de la región lumbar baja y cadera, con pantalón corto oscuro",Tablas Holoacademia - Pelvis,Manual Biomagnetismo - Pelvis,⏳ PENDIENTE - GENERAR,1227,1227_Rama_Rama_Isquiatica.png,
6,PELVIS,Pelvis,Trasera,Trasero,Ciático Derecho - Lumbar 2,Ciático Derecho,Lumbar 2,Especial/Disfunción,,,Par normal (dos puntos distintos),SÍ,SÍ,Licra negra ajustada + top negro si aplica · Sin desnudez · Estilo médico sobrio,"vista médica posterior de la región lumbar baja y cadera, con pantalón corto oscuro",Tablas Holoacademia - Pelvis,Manual Biomagnetismo - Pelvis,⏳ PENDIENTE - GENERAR,1228,1228_Ciatico_Derecho_Lumbar_2.png,
6,PELVIS,Pelvis,Trasera,Trasero,Cresta Ilíaca - Rama Isquiática,Cresta Ilíaca,Rama Isquiática,Bacteria,Streptococcus C,,Par normal (dos puntos distintos),no,SÍ,Licra negra ajustada + top negro si aplica · Sin desnudez · Estilo médico sobrio,"vista médica posterior de la región lumbar baja y cadera, con pantalón corto oscuro",Tablas Holoacademia - Pelvis,Manual Biomagnetismo - Pelvis,⏳ PENDIENTE - GENERAR,1229,1229_Cresta_Iliaca_Rama_Isquiatica.png,
6,PELVIS,Pelvis,Trasera,Trasero,Dorsal 5 - Lumbar 2,Dorsal 5,Lumbar 2,Bacteria,Neisseria meningitidis,,Par normal (dos puntos distintos),no,SÍ,Licra negra ajustada + top negro si aplica · Sin desnudez · Estilo médico sobrio,"vista médica posterior de la región lumbar baja y cadera, con pantalón corto oscuro",Tablas Holoacademia - Pelvis,Manual Biomagnetismo - Pelvis,⏳ PENDIENTE - GENERAR,1230,1230_Dorsal_5_Lumbar_2.png,
6,PELVIS,Pelvis,Trasera,Trasero,Esófago - Hiato,Esófago,Hiato,Bacteria,Neisseria,,Par normal (dos puntos distintos),no,SÍ,Licra negra ajustada + top negro si aplica · Sin desnudez · Estilo médico sobrio,"vista médica posterior de la región lumbar baja y cadera, con pantalón corto oscuro",Tablas Holoacademia - Pelvis,Manual Biomagnetismo - Pelvis,⏳ PENDIENTE - GENERAR,1231,1231_Esofago_Hiato.png,
6,PELVIS,Pelvis,Trasera,Trasero,Hiato - Hiato,Hiato,Hiato,Disfunción,Disfu nció n,,Mismo punto simple (un marcador),no,SÍ,Licra negra ajustada + top negro si aplica · Sin desnudez · Estilo médico sobrio,"vista médica posterior de la región lumbar baja y cadera, con pantalón corto oscuro",Tablas Holoacademia - Pelvis,Manual Biomagnetismo - Pelvis,⏳ PENDIENTE - GENERAR,1232,1232_Hiato_Hiato.png,
6,PELVIS,Pelvis,Trasera,Trasero,Hiato - Lengua,Hiato,Lengua,Parásito,Triquinella,,Par normal (dos puntos distintos),no,SÍ,Licra negra ajustada + top negro si aplica · Sin desnudez · Estilo médico sobrio,"vista médica posterior de la región lumbar baja y cadera, con pantalón corto oscuro",Tablas Holoacademia - Pelvis,Manual Biomagnetismo - Pelvis,⏳ PENDIENTE - GENERAR,1233,1233_Hiato_Lengua.png,
6,PELVIS,Pelvis,Trasera,Trasero,Hiato - Pulmón Frontal DER,Hiato,Pulmón Frontal DER,,,,Par normal (dos puntos distintos),SÍ,SÍ,Licra negra ajustada + top negro si aplica · Sin desnudez · Estilo médico sobrio,"vista médica posterior de la región lumbar baja y cadera, con pantalón corto oscuro",Tablas Holoacademia - Pelvis,Manual Biomagnetismo - Pelvis,⏳ PENDIENTE - GENERAR,1234,1234_Hiato_Pulmon_Frontal_DER.png,
6,PELVIS,Pelvis,Trasera,Trasero,Lumbar 2 - Lumbar,Lumbar 2,Lumbar,Sin clasificar,Clostridium Dificike,,Par normal (dos puntos distintos),no,SÍ,Licra negra ajustada + top negro si aplica · Sin desnudez · Estilo médico sobrio,"vista médica posterior de la región lumbar baja y cadera, con pantalón corto oscuro",Tablas Holoacademia - Pelvis,Manual Biomagnetismo - Pelvis,⏳ PENDIENTE - GENERAR,1235,1235_Lumbar_2_Lumbar.png,
6,PELVIS,Pelvis,Trasera,Trasero,Riñón - Glúteo,Riñón,Glúteo,Sin clasificar,,,Par normal (dos puntos distintos),SÍ,SÍ,Licra negra ajustada + top negro si aplica · Sin desnudez · Estilo médico sobrio,"vista médica posterior de la región lumbar baja y cadera, con pantalón corto oscuro",Tablas Holoacademia - Pelvis,Manual Biomagnetismo - Pelvis,⏳ PENDIENTE - GENERAR,1236,1236_Rinon_Gluteo.png,
6,PELVIS,Pelvis,Sexo,Fémina A,Útero - Útero,Útero,Útero,Especial/Disfunción,Espe cial,,Mismo punto simple (un marcador),no,SÍ,Licra negra ajustada + top negro si aplica · Sin desnudez · Estilo médico sobrio,"vista médica anatómica de la región inferior del abdomen, con pantalón corto oscuro cubriendo",Tablas Holoacademia - Pelvis,Manual Biomagnetismo - Pelvis,✅ TIENE FICHA APROBADA,50,050_Utero_Utero.png,050_Utero_Utero.png
6,PELVIS,Pelvis,Sexo,Fémina A,Útero - Ovario RAS,Útero,Ovario RAS,,,,Par normal (dos puntos distintos),no,SÍ,Licra negra ajustada + top negro si aplica · Sin desnudez · Estilo médico sobrio,"vista médica anatómica de la región inferior del abdomen, con pantalón corto oscuro cubriendo",Tablas Holoacademia - Pelvis,Manual Biomagnetismo - Pelvis,⏳ PENDIENTE - GENERAR,1237,1237_Utero_Ovario_RAS.png,
6,PELVIS,Pelvis,Sexo,Fémina A,Clítoris - Clítoris,Clítoris,Clítoris,Bacteria,Espiroqueta,,Mismo punto simple (un marcador),no,SÍ,Licra negra ajustada + top negro si aplica · Sin desnudez · Estilo médico sobrio,"vista médica anatómica de la región inferior del abdomen, con pantalón corto oscuro cubriendo",Tablas Holoacademia - Pelvis,Manual Biomagnetismo - Pelvis,⏳ PENDIENTE - GENERAR,1238,1238_Clitoris_Clitoris.png,
6,PELVIS,Pelvis,Sexo,Fémina A,Clítoris - Sacro,Clítoris,Sacro,Bacteria,Espiroqueta,,Par normal (dos puntos distintos),no,SÍ,Licra negra ajustada + top negro si aplica · Sin desnudez · Estilo médico sobrio,"vista médica anatómica de la región inferior del abdomen, con pantalón corto oscuro cubriendo",Tablas Holoacademia - Pelvis,Manual Biomagnetismo - Pelvis,✅ TIENE FICHA APROBADA,81,081_Clitoris_sacro.png,081_Clitoris_sacro.png
6,PELVIS,Pelvis,Sexo,Fémina A,Uretra - Uretra,Uretra,Uretra,Virus,Virus Asoc iado,,Mismo punto simple (un marcador),no,SÍ,Licra negra ajustada + top negro si aplica · Sin desnudez · Estilo médico sobrio,"vista médica anatómica de la región inferior del abdomen, con pantalón corto oscuro cubriendo",Tablas Holoacademia - Pelvis,Manual Biomagnetismo - Pelvis,✅ TIENE FICHA APROBADA,38,038_Uretra_Uretra.png,038_Uretra_Uretra.png
6,PELVIS,Pelvis,Sexo,Fémina A,Uretra - Pelvis,Uretra,Pelvis,,,,Par normal (dos puntos distintos),no,SÍ,Licra negra ajustada + top negro si aplica · Sin desnudez · Estilo médico sobrio,"vista médica anatómica de la región inferior del abdomen, con pantalón corto oscuro cubriendo",Tablas Holoacademia - Pelvis,Manual Biomagnetismo - Pelvis,⏳ PENDIENTE - GENERAR,1239,1239_Uretra_Pelvis.png,
6,PELVIS,Pelvis,Sexo,Fémina A,Uretra - Uretero,Uretra,Uretero,Bacteria,hongo vadonde,,Par normal (dos puntos distintos),no,SÍ,Licra negra ajustada + top negro si aplica · Sin desnudez · Estilo médico sobrio,"vista médica anatómica de la región inferior del abdomen, con pantalón corto oscuro cubriendo",Tablas Holoacademia - Pelvis,Manual Biomagnetismo - Pelvis,⏳ PENDIENTE - GENERAR,1240,1240_Uretra_Uretero.png,
6,PELVIS,Pelvis,Sexo,Fémina A,Uretra - Vagina,Uretra,Vagina,Reservorio,Yersi nia pesti s. Yola nda. Y Estre ptoc occu s aure us coag ulasa,,Par normal (dos puntos distintos),no,SÍ,Licra negra ajustada + top negro si aplica · Sin desnudez · Estilo médico sobrio,"vista médica anatómica de la región inferior del abdomen, con pantalón corto oscuro cubriendo",Tablas Holoacademia - Pelvis,Manual Biomagnetismo - Pelvis,⏳ PENDIENTE - GENERAR,1241,1241_Uretra_Vagina.png,
6,PELVIS,Pelvis,Sexo,Fémina A,Uretra - Clítoris,Uretra,Clítoris,Bacteria,Chla mydi a T.,,Par normal (dos puntos distintos),no,SÍ,Licra negra ajustada + top negro si aplica · Sin desnudez · Estilo médico sobrio,"vista médica anatómica de la región inferior del abdomen, con pantalón corto oscuro cubriendo",Tablas Holoacademia - Pelvis,Manual Biomagnetismo - Pelvis,⏳ PENDIENTE - GENERAR,1242,1242_Uretra_Clitoris.png,
6,PELVIS,Pelvis,Sexo,Fémina A,Uretra - Ureteros,Uretra,Ureteros,Virus,,,Par normal (dos puntos distintos),no,SÍ,Licra negra ajustada + top negro si aplica · Sin desnudez · Estilo médico sobrio,"vista médica anatómica de la región inferior del abdomen, con pantalón corto oscuro cubriendo",Tablas Holoacademia - Pelvis,Manual Biomagnetismo - Pelvis,⏳ PENDIENTE - GENERAR,1243,1243_Uretra_Ureteros.png,
6,PELVIS,Pelvis,Sexo,Fémina A,Clítoris - Ciático,Clítoris,Ciático,Sin clasificar,,,Par normal (dos puntos distintos),SÍ,SÍ,Licra negra ajustada + top negro si aplica · Sin desnudez · Estilo médico sobrio,"vista médica anatómica de la región inferior del abdomen, con pantalón corto oscuro cubriendo",Tablas Holoacademia - Pelvis,Manual Biomagnetismo - Pelvis,⏳ PENDIENTE - GENERAR,1244,1244_Clitoris_Ciatico.png,
6,PELVIS,Pelvis,Sexo,Fémina A,Polo - Uretra,Polo,Uretra,Bacteria,Serra tiaMarc ens,,Par normal (dos puntos distintos),no,SÍ,Licra negra ajustada + top negro si aplica · Sin desnudez · Estilo médico sobrio,"vista médica anatómica de la región inferior del abdomen, con pantalón corto oscuro cubriendo",Tablas Holoacademia - Pelvis,Manual Biomagnetismo - Pelvis,✅ TIENE FICHA APROBADA,97,097_POLO_Uretra.png,097_POLO_Uretra.png
6,PELVIS,Pelvis,Sexo,Fémina A,Riñón Derecho - Uretra,Riñón Derecho,Uretra,Disfunción,Providencia Stuarti,,Par normal (dos puntos distintos),SÍ,SÍ,Licra negra ajustada + top negro si aplica · Sin desnudez · Estilo médico sobrio,"vista médica anatómica de la región inferior del abdomen, con pantalón corto oscuro cubriendo",Tablas Holoacademia - Pelvis,Manual Biomagnetismo - Pelvis,⏳ PENDIENTE - GENERAR,1245,1245_Rinon_Derecho_Uretra.png,
6,PELVIS,Pelvis,Sexo,Fémina A,Uretra - Uretra(Clítoris En Mujer),Uretra,Uretra(Clítoris En Mujer),Virus,Corona,,Par normal (dos puntos distintos),no,SÍ,Licra negra ajustada + top negro si aplica · Sin desnudez · Estilo médico sobrio,"vista médica anatómica de la región inferior del abdomen, con pantalón corto oscuro cubriendo",Tablas Holoacademia - Pelvis,Manual Biomagnetismo - Pelvis,⏳ PENDIENTE - GENERAR,1246,1246_Uretra_Uretra_Clitoris_En_Mujer.png,
6,PELVIS,Pelvis,Sexo,Fémina B,Vagina - Vagina,Vagina,Vagina,Reservorio,Yersinia pestis,,Mismo punto simple (un marcador),no,SÍ,Licra negra ajustada + top negro si aplica · Sin desnudez · Estilo médico sobrio,"vista médica anatómica de la región inferior del abdomen, con pantalón corto oscuro cubriendo",Tablas Holoacademia - Pelvis,Manual Biomagnetismo - Pelvis,✅ TIENE FICHA APROBADA,7,007_Vagina_Vagina.png,007_Vagina_Vagina.png
6,PELVIS,Pelvis,Sexo,Fémina B,Vagina - Vejiga Media,Vagina,Vejiga Media,,,,Par normal (dos puntos distintos),no,SÍ,Licra negra ajustada + top negro si aplica · Sin desnudez · Estilo médico sobrio,"vista médica anatómica de la región inferior del abdomen, con pantalón corto oscuro cubriendo",Tablas Holoacademia - Pelvis,Manual Biomagnetismo - Pelvis,⏳ PENDIENTE - GENERAR,1247,1247_Vagina_Vejiga_Media.png,
6,PELVIS,Pelvis,Sexo,Fémina B,Trompa RAS - Trompa,Trompa RAS,Trompa,,,,Mismo punto simple (un marcador),no,SÍ,Licra negra ajustada + top negro si aplica · Sin desnudez · Estilo médico sobrio,"vista médica anatómica de la región inferior del abdomen, con pantalón corto oscuro cubriendo",Tablas Holoacademia - Pelvis,Manual Biomagnetismo - Pelvis,⏳ PENDIENTE - GENERAR,1248,1248_Trompa_RAS_Trompa.png,
6,PELVIS,Pelvis,Sexo,Fémina B,Trompa RAS - Útero,Trompa RAS,Útero,,,,Par normal (dos puntos distintos),no,SÍ,Licra negra ajustada + top negro si aplica · Sin desnudez · Estilo médico sobrio,"vista médica anatómica de la región inferior del abdomen, con pantalón corto oscuro cubriendo",Tablas Holoacademia - Pelvis,Manual Biomagnetismo - Pelvis,⏳ PENDIENTE - GENERAR,1249,1249_Trompa_RAS_Utero.png,
6,PELVIS,Pelvis,Sexo,Fémina B,Ovario - Ovario,Ovario,Ovario,Disfunción,de ovarios,,Mismo punto simple (un marcador),no,SÍ,Licra negra ajustada + top negro si aplica · Sin desnudez · Estilo médico sobrio,"vista médica anatómica de la región inferior del abdomen, con pantalón corto oscuro cubriendo",Tablas Holoacademia - Pelvis,Manual Biomagnetismo - Pelvis,⏳ PENDIENTE - GENERAR,1250,1250_Ovario_Ovario.png,
6,PELVIS,Pelvis,Sexo,Fémina B,e + Trompa - Trompa,e + Trompa,Trompa,Complejo,Parvovirus,,Par normal (dos puntos distintos),no,SÍ,Licra negra ajustada + top negro si aplica · Sin desnudez · Estilo médico sobrio,"vista médica anatómica de la región inferior del abdomen, con pantalón corto oscuro cubriendo",Tablas Holoacademia - Pelvis,Manual Biomagnetismo - Pelvis,⏳ PENDIENTE - GENERAR,1251,1251_e_Trompa_Trompa.png,
6,PELVIS,Pelvis,Sexo,Fémina B,Anexo - Anexo,Anexo,Anexo,Virus,virus Síntomas en,,Mismo punto simple (un marcador),no,SÍ,Licra negra ajustada + top negro si aplica · Sin desnudez · Estilo médico sobrio,"vista médica anatómica de la región inferior del abdomen, con pantalón corto oscuro cubriendo",Tablas Holoacademia - Pelvis,Manual Biomagnetismo - Pelvis,⏳ PENDIENTE - GENERAR,1252,1252_Anexo_Anexo.png,
6,PELVIS,Pelvis,Sexo,Fémina B,Anexo - Ano,Anexo,Ano,Virus,virus Síntomas en,,Par normal (dos puntos distintos),no,SÍ,Licra negra ajustada + top negro si aplica · Sin desnudez · Estilo médico sobrio,"vista médica anatómica de la región inferior del abdomen, con pantalón corto oscuro cubriendo",Tablas Holoacademia - Pelvis,Manual Biomagnetismo - Pelvis,⏳ PENDIENTE - GENERAR,1253,1253_Anexo_Ano.png,
6,PELVIS,Pelvis,Sexo,Fémina B,Anexo - Riñón del Mismo Lado,Anexo,Riñón del Mismo Lado,Virus,virus No se,,Par normal (dos puntos distintos),no,SÍ,Licra negra ajustada + top negro si aplica · Sin desnudez · Estilo médico sobrio,"vista médica anatómica de la región inferior del abdomen, con pantalón corto oscuro cubriendo",Tablas Holoacademia - Pelvis,Manual Biomagnetismo - Pelvis,⏳ PENDIENTE - GENERAR,1254,1254_Anexo_Rinon_del_Mismo_Lado.png,
6,PELVIS,Pelvis,Sexo,Fémina B,Ovario - Suprarrenales,Ovario,Suprarrenales,Bacteria,Prote usVulg aris,,Par normal (dos puntos distintos),SÍ,SÍ,Licra negra ajustada + top negro si aplica · Sin desnudez · Estilo médico sobrio,"vista médica anatómica de la región inferior del abdomen, con pantalón corto oscuro cubriendo",Tablas Holoacademia - Pelvis,Manual Biomagnetismo - Pelvis,⏳ PENDIENTE - GENERAR,1255,1255_Ovario_Suprarrenales.png,
6,PELVIS,Pelvis,Sexo,Fémina B,Ovario - Riñón,Ovario,Riñón,Especial/Disfunción,,,Par normal (dos puntos distintos),SÍ,SÍ,Licra negra ajustada + top negro si aplica · Sin desnudez · Estilo médico sobrio,"vista médica anatómica de la región inferior del abdomen, con pantalón corto oscuro cubriendo",Tablas Holoacademia - Pelvis,Manual Biomagnetismo - Pelvis,⏳ PENDIENTE - GENERAR,1256,1256_Ovario_Rinon.png,
6,PELVIS,Pelvis,Sexo,Fémina B,Ovario - Útero,Ovario,Útero,Especial/Disfunción,Durá n,,Par normal (dos puntos distintos),no,SÍ,Licra negra ajustada + top negro si aplica · Sin desnudez · Estilo médico sobrio,"vista médica anatómica de la región inferior del abdomen, con pantalón corto oscuro cubriendo",Tablas Holoacademia - Pelvis,Manual Biomagnetismo - Pelvis,✅ TIENE FICHA APROBADA,96,096_Ovario_Utero.png,096_Ovario_Utero.png
6,PELVIS,Pelvis,Sexo,Fémina B,Saco de Douglas - Vena Femoral,Saco de Douglas,Vena Femoral,Sin clasificar,Norw alk. Norm aviru s,,Par normal (dos puntos distintos),no,SÍ,Licra negra ajustada + top negro si aplica · Sin desnudez · Estilo médico sobrio,"vista médica anatómica de la región inferior del abdomen, con pantalón corto oscuro cubriendo",Tablas Holoacademia - Pelvis,Manual Biomagnetismo - Pelvis,⏳ PENDIENTE - GENERAR,1257,1257_Saco_de_Douglas_Vena_Femoral.png,
6,PELVIS,Pelvis,Sexo,Fémina B,Trompa de Falopio - Trompa de Falopio,Trompa de Falopio,Trompa de Falopio,Virus,Parvovirus,,Mismo punto simple (un marcador),no,SÍ,Licra negra ajustada + top negro si aplica · Sin desnudez · Estilo médico sobrio,"vista médica anatómica de la región inferior del abdomen, con pantalón corto oscuro cubriendo",Tablas Holoacademia - Pelvis,Manual Biomagnetismo - Pelvis,⏳ PENDIENTE - GENERAR,1258,1258_Trompa_de_Falopio_Trompa_de_Falopio.png,
6,PELVIS,Pelvis,Sexo,Fémina B,Trompa - Ovario del Mismo Lado,Trompa,Ovario del Mismo Lado,,,,Par normal (dos puntos distintos),no,SÍ,Licra negra ajustada + top negro si aplica · Sin desnudez · Estilo médico sobrio,"vista médica anatómica de la región inferior del abdomen, con pantalón corto oscuro cubriendo",Tablas Holoacademia - Pelvis,Manual Biomagnetismo - Pelvis,⏳ PENDIENTE - GENERAR,1259,1259_Trompa_Ovario_del_Mismo_Lado.png,
6,PELVIS,Pelvis,Sexo,Fémina B,Útero - Riñón,Útero,Riñón,Especial/Disfunción,Espe cial,,Par normal (dos puntos distintos),SÍ,SÍ,Licra negra ajustada + top negro si aplica · Sin desnudez · Estilo médico sobrio,"vista médica anatómica de la región inferior del abdomen, con pantalón corto oscuro cubriendo",Tablas Holoacademia - Pelvis,Manual Biomagnetismo - Pelvis,⏳ PENDIENTE - GENERAR,1260,1260_Utero_Rinon.png,
6,PELVIS,Pelvis,Sexo,Fémina B,Útero - Recto,Útero,Recto,Virus,Papiloma virus,,Par normal (dos puntos distintos),no,SÍ,Licra negra ajustada + top negro si aplica · Sin desnudez · Estilo médico sobrio,"vista médica anatómica de la región inferior del abdomen, con pantalón corto oscuro cubriendo",Tablas Holoacademia - Pelvis,Manual Biomagnetismo - Pelvis,⏳ PENDIENTE - GENERAR,1261,1261_Utero_Recto.png,
6,PELVIS,Pelvis,Sexo,Fémina B,Útero - Ovario,Útero,Ovario,Especial/Disfunción,Durá n,,Par normal (dos puntos distintos),no,SÍ,Licra negra ajustada + top negro si aplica · Sin desnudez · Estilo médico sobrio,"vista médica anatómica de la región inferior del abdomen, con pantalón corto oscuro cubriendo",Tablas Holoacademia - Pelvis,Manual Biomagnetismo - Pelvis,⏳ PENDIENTE - GENERAR,1262,1262_Utero_Ovario.png,
6,PELVIS,Pelvis,Sexo,Fémina B,Útero - Hígado,Útero,Hígado,Especial/Disfunción,,,Par normal (dos puntos distintos),no,SÍ,Licra negra ajustada + top negro si aplica · Sin desnudez · Estilo médico sobrio,"vista médica anatómica de la región inferior del abdomen, con pantalón corto oscuro cubriendo",Tablas Holoacademia - Pelvis,Manual Biomagnetismo - Pelvis,⏳ PENDIENTE - GENERAR,1263,1263_Utero_Higado.png,
6,PELVIS,Pelvis,Sexo,Fémina B,Vagina - Ovario,Vagina,Ovario,Especial/Disfunción,Espe cial,,Par normal (dos puntos distintos),no,SÍ,Licra negra ajustada + top negro si aplica · Sin desnudez · Estilo médico sobrio,"vista médica anatómica de la región inferior del abdomen, con pantalón corto oscuro cubriendo",Tablas Holoacademia - Pelvis,Manual Biomagnetismo - Pelvis,✅ TIENE FICHA APROBADA,104,104_Vagina_Ovario.png,104_Vagina_Ovario.png
6,PELVIS,Pelvis,Sexo,Fémina B,Vagina - Útero,Vagina,Útero,Especial/Disfunción,Espe cial,,Par normal (dos puntos distintos),no,SÍ,Licra negra ajustada + top negro si aplica · Sin desnudez · Estilo médico sobrio,"vista médica anatómica de la región inferior del abdomen, con pantalón corto oscuro cubriendo",Tablas Holoacademia - Pelvis,Manual Biomagnetismo - Pelvis,⏳ PENDIENTE - GENERAR,1264,1264_Vagina_Utero.png,
6,PELVIS,Pelvis,Sexo,Fémina B,Vagina - Recto,Vagina,Recto,Virus,Papiloma humano,,Par normal (dos puntos distintos),no,SÍ,Licra negra ajustada + top negro si aplica · Sin desnudez · Estilo médico sobrio,"vista médica anatómica de la región inferior del abdomen, con pantalón corto oscuro cubriendo",Tablas Holoacademia - Pelvis,Manual Biomagnetismo - Pelvis,⏳ PENDIENTE - GENERAR,1265,1265_Vagina_Recto.png,
6,PELVIS,Pelvis,Sexo,Fémina B,Vagina - Riñón Izquierdo,Vagina,Riñón Izquierdo,Sin clasificar,Escherichia Colli,,Par normal (dos puntos distintos),SÍ,SÍ,Licra negra ajustada + top negro si aplica · Sin desnudez · Estilo médico sobrio,"vista médica anatómica de la región inferior del abdomen, con pantalón corto oscuro cubriendo",Tablas Holoacademia - Pelvis,Manual Biomagnetismo - Pelvis,⏳ PENDIENTE - GENERAR,1266,1266_Vagina_Rinon_Izquierdo.png,
6,PELVIS,Pelvis,Sexo,Fémina B,Vagina - Riñón Derecho,Vagina,Riñón Derecho,,,,Par normal (dos puntos distintos),SÍ,SÍ,Licra negra ajustada + top negro si aplica · Sin desnudez · Estilo médico sobrio,"vista médica anatómica de la región inferior del abdomen, con pantalón corto oscuro cubriendo",Tablas Holoacademia - Pelvis,Manual Biomagnetismo - Pelvis,⏳ PENDIENTE - GENERAR,1267,1267_Vagina_Rinon_Derecho.png,
6,PELVIS,Pelvis,Sexo,Fémina B,Trompa (RAS) - Trompa,Trompa (RAS),Trompa,Virus,Parvovirus,,Par normal (dos puntos distintos),no,SÍ,Licra negra ajustada + top negro si aplica · Sin desnudez · Estilo médico sobrio,"vista médica anatómica de la región inferior del abdomen, con pantalón corto oscuro cubriendo",Tablas Holoacademia - Pelvis,Manual Biomagnetismo - Pelvis,✅ TIENE FICHA APROBADA,63,063_Trompa_Trompa.png,063_Trompa_Trompa.png
6,PELVIS,Pelvis,Sexo,Fémina B,Sacro - Ovario,Sacro,Ovario,,,,Par normal (dos puntos distintos),no,SÍ,Licra negra ajustada + top negro si aplica · Sin desnudez · Estilo médico sobrio,"vista médica anatómica de la región inferior del abdomen, con pantalón corto oscuro cubriendo",Tablas Holoacademia - Pelvis,Manual Biomagnetismo - Pelvis,⏳ PENDIENTE - GENERAR,1268,1268_Sacro_Ovario.png,
6,PELVIS,Pelvis,Sexo,Fémina B,Sacro - Ovario IZQ,Sacro,Ovario IZQ,,,,Par normal (dos puntos distintos),no,SÍ,Licra negra ajustada + top negro si aplica · Sin desnudez · Estilo médico sobrio,"vista médica anatómica de la región inferior del abdomen, con pantalón corto oscuro cubriendo",Tablas Holoacademia - Pelvis,Manual Biomagnetismo - Pelvis,⏳ PENDIENTE - GENERAR,1269,1269_Sacro_Ovario_IZQ.png,
6,PELVIS,Pelvis,Sexo,Fémina B,Ovario - Trompa,Ovario,Trompa,Especial/Disfunción,Espe cial,,Par normal (dos puntos distintos),no,SÍ,Licra negra ajustada + top negro si aplica · Sin desnudez · Estilo médico sobrio,"vista médica anatómica de la región inferior del abdomen, con pantalón corto oscuro cubriendo",Tablas Holoacademia - Pelvis,Manual Biomagnetismo - Pelvis,✅ TIENE FICHA APROBADA,95,095_Ovario_Trompa.png,095_Ovario_Trompa.png
6,PELVIS,Pelvis,Sexo,Fémina B,Suprarrenales - Recto,Suprarrenales,Recto,Parásito,Leptospirosis,,Par normal (dos puntos distintos),SÍ,SÍ,Licra negra ajustada + top negro si aplica · Sin desnudez · Estilo médico sobrio,"vista médica anatómica de la región inferior del abdomen, con pantalón corto oscuro cubriendo",Tablas Holoacademia - Pelvis,Manual Biomagnetismo - Pelvis,⏳ PENDIENTE - GENERAR,1270,1270_Suprarrenales_Recto.png,
6,PELVIS,Pelvis,Sexo,Fémina B,Trompa - Útero,Trompa,Útero,Sin clasificar,Paty,,Par normal (dos puntos distintos),no,SÍ,Licra negra ajustada + top negro si aplica · Sin desnudez · Estilo médico sobrio,"vista médica anatómica de la región inferior del abdomen, con pantalón corto oscuro cubriendo",Tablas Holoacademia - Pelvis,Manual Biomagnetismo - Pelvis,⏳ PENDIENTE - GENERAR,1271,1271_Trompa_Utero.png,
6,PELVIS,Pelvis,Sexo,Fémina B,Ovario IZQ - Útero,Ovario IZQ,Útero,,,,Par normal (dos puntos distintos),no,SÍ,Licra negra ajustada + top negro si aplica · Sin desnudez · Estilo médico sobrio,"vista médica anatómica de la región inferior del abdomen, con pantalón corto oscuro cubriendo",Tablas Holoacademia - Pelvis,Manual Biomagnetismo - Pelvis,⏳ PENDIENTE - GENERAR,1272,1272_Ovario_IZQ_Utero.png,
6,PELVIS,Pelvis,Sexo,Fémina B,Vagina - Riñón,Vagina,Riñón,Bacteria,Escherichia,,Par normal (dos puntos distintos),SÍ,SÍ,Licra negra ajustada + top negro si aplica · Sin desnudez · Estilo médico sobrio,"vista médica anatómica de la región inferior del abdomen, con pantalón corto oscuro cubriendo",Tablas Holoacademia - Pelvis,Manual Biomagnetismo - Pelvis,⏳ PENDIENTE - GENERAR,1273,1273_Vagina_Rinon.png,
6,PELVIS,Pelvis,Sexo,Macho,Cuerpo Cavernoso - Cuerpo Cavernoso,Cuerpo Cavernoso,Cuerpo Cavernoso,Sin clasificar,,,Mismo punto simple (un marcador),no,SÍ,Licra negra ajustada + top negro si aplica · Sin desnudez · Estilo médico sobrio,"vista médica anatómica de la región inferior del abdomen, con pantalón corto oscuro cubriendo",Tablas Holoacademia - Pelvis,Manual Biomagnetismo - Pelvis,⏳ PENDIENTE - GENERAR,1274,1274_Cuerpo_Cavernoso_Cuerpo_Cavernoso.png,
6,PELVIS,Pelvis,Sexo,Macho,Testículo - Testículo,Testículo,Testículo,Bacteria,Yersinia pestis,,Mismo punto simple (un marcador),no,SÍ,Licra negra ajustada + top negro si aplica · Sin desnudez · Estilo médico sobrio,"vista médica anatómica de la región inferior del abdomen, con pantalón corto oscuro cubriendo",Tablas Holoacademia - Pelvis,Manual Biomagnetismo - Pelvis,✅ TIENE FICHA APROBADA,49,049_Testiculo_testiculo.png,049_Testiculo_testiculo.png
6,PELVIS,Pelvis,Sexo,Macho,Próstata - Próstata,Próstata,Próstata,Disfunción,Disfu nció n,,Mismo punto simple (un marcador),no,SÍ,Licra negra ajustada + top negro si aplica · Sin desnudez · Estilo médico sobrio,"vista médica anatómica de la región inferior del abdomen, con pantalón corto oscuro cubriendo",Tablas Holoacademia - Pelvis,Manual Biomagnetismo - Pelvis,⏳ PENDIENTE - GENERAR,1275,1275_Prostata_Prostata.png,
6,PELVIS,Pelvis,Sexo,Macho,Próstata - Recto,Próstata,Recto,Virus,Papiloma,,Par normal (dos puntos distintos),no,SÍ,Licra negra ajustada + top negro si aplica · Sin desnudez · Estilo médico sobrio,"vista médica anatómica de la región inferior del abdomen, con pantalón corto oscuro cubriendo",Tablas Holoacademia - Pelvis,Manual Biomagnetismo - Pelvis,✅ TIENE FICHA APROBADA,59,059_Prostata_Recto.png,059_Prostata_Recto.png
6,PELVIS,Pelvis,Sexo,Macho,Ano - Testículo Izquierdo,Ano,Testículo Izquierdo,Disfunción,,,Par normal (dos puntos distintos),no,SÍ,Licra negra ajustada + top negro si aplica · Sin desnudez · Estilo médico sobrio,"vista médica anatómica de la región inferior del abdomen, con pantalón corto oscuro cubriendo",Tablas Holoacademia - Pelvis,Manual Biomagnetismo - Pelvis,⏳ PENDIENTE - GENERAR,1276,1276_Ano_Testiculo_Izquierdo.png,
6,PELVIS,Pelvis,Sexo,Macho,Pene - Pene,Pene,Pene,Bacteria,Espiroqueta,,Mismo punto simple (un marcador),no,SÍ,Licra negra ajustada + top negro si aplica · Sin desnudez · Estilo médico sobrio,"vista médica anatómica de la región inferior del abdomen, con pantalón corto oscuro cubriendo",Tablas Holoacademia - Pelvis,Manual Biomagnetismo - Pelvis,⏳ PENDIENTE - GENERAR,1277,1277_Pene_Pene.png,
6,PELVIS,Pelvis,Sexo,Macho,Timo - Pene,Timo,Pene,Disfunción,DEPAT XI,,Par normal (dos puntos distintos),no,SÍ,Licra negra ajustada + top negro si aplica · Sin desnudez · Estilo médico sobrio,"vista médica anatómica de la región inferior del abdomen, con pantalón corto oscuro cubriendo",Tablas Holoacademia - Pelvis,Manual Biomagnetismo - Pelvis,✅ TIENE FICHA APROBADA,69,069_PENE_TIMO.png,069_PENE_TIMO.png
6,PELVIS,Pelvis,Sexo,Macho,Recto - Timo,Recto,Timo,Virus,VIH 1 (SID A),,Par normal (dos puntos distintos),SÍ,SÍ,Licra negra ajustada + top negro si aplica · Sin desnudez · Estilo médico sobrio,"vista médica anatómica de la región inferior del abdomen, con pantalón corto oscuro cubriendo",Tablas Holoacademia - Pelvis,Manual Biomagnetismo - Pelvis,⏳ PENDIENTE - GENERAR,1278,1278_Recto_Timo.png,
6,PELVIS,Pelvis,Sexo,Macho,Timo - Testículos,Timo,Testículos,Emocional/Psicoemocional,,,Par normal (dos puntos distintos),SÍ,SÍ,Licra negra ajustada + top negro si aplica · Sin desnudez · Estilo médico sobrio,"vista médica anatómica de la región inferior del abdomen, con pantalón corto oscuro cubriendo",Tablas Holoacademia - Pelvis,Manual Biomagnetismo - Pelvis,⏳ PENDIENTE - GENERAR,1279,1279_Timo_Testiculos.png,
6,PELVIS,Pelvis,Sexo,Macho,Timo - Ovarios,Timo,Ovarios,,,,Par normal (dos puntos distintos),SÍ,SÍ,Licra negra ajustada + top negro si aplica · Sin desnudez · Estilo médico sobrio,"vista médica anatómica de la región inferior del abdomen, con pantalón corto oscuro cubriendo",Tablas Holoacademia - Pelvis,Manual Biomagnetismo - Pelvis,⏳ PENDIENTE - GENERAR,1280,1280_Timo_Ovarios.png,
6,PELVIS,Pelvis,Sexo,Macho,Testículo - Próstata,Testículo,Próstata,,,,Par normal (dos puntos distintos),no,SÍ,Licra negra ajustada + top negro si aplica · Sin desnudez · Estilo médico sobrio,"vista médica anatómica de la región inferior del abdomen, con pantalón corto oscuro cubriendo",Tablas Holoacademia - Pelvis,Manual Biomagnetismo - Pelvis,⏳ PENDIENTE - GENERAR,1281,1281_Testiculo_Prostata.png,
6,PELVIS,Pelvis,Sexo,Macho,Testículo - Recto,Testículo,Recto,Virus,Papil oma,,Par normal (dos puntos distintos),no,SÍ,Licra negra ajustada + top negro si aplica · Sin desnudez · Estilo médico sobrio,"vista médica anatómica de la región inferior del abdomen, con pantalón corto oscuro cubriendo",Tablas Holoacademia - Pelvis,Manual Biomagnetismo - Pelvis,⏳ PENDIENTE - GENERAR,1282,1282_Testiculo_Recto.png,
6,PELVIS,Pelvis,Sexo,Macho,Pene - Pelvis,Pene,Pelvis,Sin clasificar,Treponema Espiroqueta E,,Par normal (dos puntos distintos),no,SÍ,Licra negra ajustada + top negro si aplica · Sin desnudez · Estilo médico sobrio,"vista médica anatómica de la región inferior del abdomen, con pantalón corto oscuro cubriendo",Tablas Holoacademia - Pelvis,Manual Biomagnetismo - Pelvis,⏳ PENDIENTE - GENERAR,1283,1283_Pene_Pelvis.png,
6,PELVIS,Pelvis,Sexo,Macho,Próstata - Dorsal,Próstata,Dorsal,Sin clasificar,Treponema Espiroqueta E,,Par normal (dos puntos distintos),SÍ,SÍ,Licra negra ajustada + top negro si aplica · Sin desnudez · Estilo médico sobrio,"vista médica anatómica de la región inferior del abdomen, con pantalón corto oscuro cubriendo",Tablas Holoacademia - Pelvis,Manual Biomagnetismo - Pelvis,⏳ PENDIENTE - GENERAR,1284,1284_Prostata_Dorsal.png,
7,MIEMBROS,Miembros,Brazo,Brazo Alto,Deltoides - Deltoides,Deltoides,Deltoides,Complejo,Treponema pallidum,,Mismo punto simple (un marcador),no,no,Torso sin camisa OK · No genitales visibles · Ropa interior en zona pélvica si aparece,vista frontal de los brazos extendidos a los lados,Tablas Holoacademia - Miembros,Manual Biomagnetismo - Extremidades,✅ TIENE FICHA APROBADA,18,018_Deltoides_deltoides.png,018_Deltoides_deltoides.png
7,MIEMBROS,Miembros,Brazo,Brazo Alto,Deltoides DER - Riñón DER,Deltoides DER,Riñón DER,,,,Par normal (dos puntos distintos),SÍ,no,Torso sin camisa OK · No genitales visibles · Ropa interior en zona pélvica si aparece,vista frontal de los brazos extendidos a los lados,Tablas Holoacademia - Miembros,Manual Biomagnetismo - Extremidades,⏳ PENDIENTE - GENERAR,1285,1285_Deltoides_DER_Rinon_DER.png,
7,MIEMBROS,Miembros,Brazo,Brazo Alto,Bursa - Bursa,Bursa,Bursa,Bacteria,Actinomyces,,Mismo punto simple (un marcador),no,no,Torso sin camisa OK · No genitales visibles · Ropa interior en zona pélvica si aparece,vista frontal de los brazos extendidos a los lados,Tablas Holoacademia - Miembros,Manual Biomagnetismo - Extremidades,⏳ PENDIENTE - GENERAR,1286,1286_Bursa_Bursa.png,
7,MIEMBROS,Miembros,Brazo,Brazo Alto,Húmero - Húmero,Húmero,Húmero,Bacteria,Enterobacter pneumoniae,,Mismo punto simple (un marcador),no,no,Torso sin camisa OK · No genitales visibles · Ropa interior en zona pélvica si aparece,vista frontal de los brazos extendidos a los lados,Tablas Holoacademia - Miembros,Manual Biomagnetismo - Extremidades,⏳ PENDIENTE - GENERAR,1287,1287_Humero_Humero.png,
7,MIEMBROS,Miembros,Brazo,Brazo Alto,Acromion - Acromion,Acromion,Acromion,,,,Mismo punto simple (un marcador),no,no,Torso sin camisa OK · No genitales visibles · Ropa interior en zona pélvica si aparece,vista frontal de los brazos extendidos a los lados,Tablas Holoacademia - Miembros,Manual Biomagnetismo - Extremidades,⏳ PENDIENTE - GENERAR,1288,1288_Acromion_Acromion.png,
7,MIEMBROS,Miembros,Brazo,Brazo Alto,Acromium - Acromium,Acromium,Acromium,Hongo en General,,,Mismo punto simple (un marcador),no,no,Torso sin camisa OK · No genitales visibles · Ropa interior en zona pélvica si aparece,vista frontal de los brazos extendidos a los lados,Tablas Holoacademia - Miembros,Manual Biomagnetismo - Extremidades,⏳ PENDIENTE - GENERAR,1289,1289_Acromium_Acromium.png,
7,MIEMBROS,Miembros,Brazo,Brazo Alto,Deltoides - Riñón Lateral,Deltoides,Riñón Lateral,,,,Par normal (dos puntos distintos),SÍ,no,Torso sin camisa OK · No genitales visibles · Ropa interior en zona pélvica si aparece,vista frontal de los brazos extendidos a los lados,Tablas Holoacademia - Miembros,Manual Biomagnetismo - Extremidades,⏳ PENDIENTE - GENERAR,1290,1290_Deltoides_Rinon_Lateral.png,
7,MIEMBROS,Miembros,Brazo,Brazo Alto,Deltoides Derecho - Deltoides Izquierdo,Deltoides Derecho,Deltoides Izquierdo,,,,Bilateral real (derecho/izquierdo),no,no,Torso sin camisa OK · No genitales visibles · Ropa interior en zona pélvica si aparece,vista frontal de los brazos extendidos a los lados,Tablas Holoacademia - Miembros,Manual Biomagnetismo - Extremidades,⏳ PENDIENTE - GENERAR,1291,1291_Deltoides_Derecho_Deltoides_Izquierdo.png,
7,MIEMBROS,Miembros,Brazo,Brazo Alto,Escápula MI - Centro del Omóplato,Escápula MI,Centro del Omóplato,,,,Par normal (dos puntos distintos),no,no,Torso sin camisa OK · No genitales visibles · Ropa interior en zona pélvica si aparece,vista frontal de los brazos extendidos a los lados,Tablas Holoacademia - Miembros,Manual Biomagnetismo - Extremidades,⏳ PENDIENTE - GENERAR,1292,1292_Escapula_MI_Centro_del_Omoplato.png,
7,MIEMBROS,Miembros,Brazo,Brazo Alto,Omóplato - Omóplato,Omóplato,Omóplato,,,,Mismo punto simple (un marcador),no,no,Torso sin camisa OK · No genitales visibles · Ropa interior en zona pélvica si aparece,vista frontal de los brazos extendidos a los lados,Tablas Holoacademia - Miembros,Manual Biomagnetismo - Extremidades,⏳ PENDIENTE - GENERAR,1293,1293_Omoplato_Omoplato.png,
7,MIEMBROS,Miembros,Brazo,Brazo Alto,Latísimus - Latísimus,Latísimus,Latísimus,,Yersinia pneumoniae,,Mismo punto simple (un marcador),no,no,Torso sin camisa OK · No genitales visibles · Ropa interior en zona pélvica si aparece,vista frontal de los brazos extendidos a los lados,Tablas Holoacademia - Miembros,Manual Biomagnetismo - Extremidades,⏳ PENDIENTE - GENERAR,1294,1294_Latisimus_Latisimus.png,
7,MIEMBROS,Miembros,Brazo,Brazo Alto,Braquial Derecho - Braquial Izquierdo,Braquial Derecho,Braquial Izquierdo,,,,Bilateral real (derecho/izquierdo),no,no,Torso sin camisa OK · No genitales visibles · Ropa interior en zona pélvica si aparece,vista frontal de los brazos extendidos a los lados,Tablas Holoacademia - Miembros,Manual Biomagnetismo - Extremidades,⏳ PENDIENTE - GENERAR,1295,1295_Braquial_Derecho_Braquial_Izquierdo.png,
7,MIEMBROS,Miembros,Brazo,Brazo Alto,Deltoides - Bursa,Deltoides,Bursa,,,,Par normal (dos puntos distintos),no,no,Torso sin camisa OK · No genitales visibles · Ropa interior en zona pélvica si aparece,vista frontal de los brazos extendidos a los lados,Tablas Holoacademia - Miembros,Manual Biomagnetismo - Extremidades,⏳ PENDIENTE - GENERAR,1296,1296_Deltoides_Bursa.png,
7,MIEMBROS,Miembros,Brazo,Brazo Alto,Cervical - Deltoides,Cervical,Deltoides,Bacteria,Balantidium,,Par normal (dos puntos distintos),SÍ,no,Torso sin camisa OK · No genitales visibles · Ropa interior en zona pélvica si aparece,vista frontal de los brazos extendidos a los lados,Tablas Holoacademia - Miembros,Manual Biomagnetismo - Extremidades,⏳ PENDIENTE - GENERAR,1297,1297_Cervical_Deltoides.png,
7,MIEMBROS,Miembros,Brazo,Brazo Alto,Cervical 1 - Deltoides,Cervical 1,Deltoides,Parásito,,,Par normal (dos puntos distintos),SÍ,no,Torso sin camisa OK · No genitales visibles · Ropa interior en zona pélvica si aparece,vista frontal de los brazos extendidos a los lados,Tablas Holoacademia - Miembros,Manual Biomagnetismo - Extremidades,⏳ PENDIENTE - GENERAR,1298,1298_Cervical_1_Deltoides.png,
7,MIEMBROS,Miembros,Brazo,Brazo Alto,Deltoides - Riñón del Mismo Lado,Deltoides,Riñón del Mismo Lado,Hongo,Leish maní a,,Par normal (dos puntos distintos),SÍ,no,Torso sin camisa OK · No genitales visibles · Ropa interior en zona pélvica si aparece,vista frontal de los brazos extendidos a los lados,Tablas Holoacademia - Miembros,Manual Biomagnetismo - Extremidades,⏳ PENDIENTE - GENERAR,1299,1299_Deltoides_Rinon_del_Mismo_Lado.png,
7,MIEMBROS,Miembros,Brazo,Brazo Alto,Deltoides - Cuadrado,Deltoides,Cuadrado,Especial/Disfunción,Espe cial,,Par normal (dos puntos distintos),SÍ,no,Torso sin camisa OK · No genitales visibles · Ropa interior en zona pélvica si aparece,vista frontal de los brazos extendidos a los lados,Tablas Holoacademia - Miembros,Manual Biomagnetismo - Extremidades,⏳ PENDIENTE - GENERAR,1300,1300_Deltoides_Cuadrado.png,
7,MIEMBROS,Miembros,Brazo,Brazo Alto,Deltoides - Riñón Mismo Lado,Deltoides,Riñón Mismo Lado,Parásito,Leishmania,,Par normal (dos puntos distintos),SÍ,no,Torso sin camisa OK · No genitales visibles · Ropa interior en zona pélvica si aparece,vista frontal de los brazos extendidos a los lados,Tablas Holoacademia - Miembros,Manual Biomagnetismo - Extremidades,⏳ PENDIENTE - GENERAR,1301,1301_Deltoides_Rinon_Mismo_Lado.png,
7,MIEMBROS,Miembros,Brazo,Brazo Medio,Codo - Codo,Codo,Codo,Parásito,Castañeda,,Mismo punto simple (un marcador),no,no,Torso sin camisa OK · No genitales visibles · Ropa interior en zona pélvica si aparece,vista frontal de los brazos extendidos a los lados,Tablas Holoacademia - Miembros,Manual Biomagnetismo - Extremidades,⏳ PENDIENTE - GENERAR,1302,1302_Codo_Codo.png,
7,MIEMBROS,Miembros,Brazo,Brazo Medio,Braquial - Braquial,Braquial,Braquial,Bacteria,Streptococcus Agalactiae,,Mismo punto simple (un marcador),no,no,Torso sin camisa OK · No genitales visibles · Ropa interior en zona pélvica si aparece,vista frontal de los brazos extendidos a los lados,Tablas Holoacademia - Miembros,Manual Biomagnetismo - Extremidades,✅ TIENE FICHA APROBADA,26,026_Braquial_Braquial.png,026_Braquial_Braquial.png
7,MIEMBROS,Miembros,Brazo,Brazo Medio,Radio - Radio,Radio,Radio,Hongo,Microsporum,,Mismo punto simple (un marcador),no,no,Torso sin camisa OK · No genitales visibles · Ropa interior en zona pélvica si aparece,vista frontal de los brazos extendidos a los lados,Tablas Holoacademia - Miembros,Manual Biomagnetismo - Extremidades,⏳ PENDIENTE - GENERAR,1303,1303_Radio_Radio.png,
7,MIEMBROS,Miembros,Brazo,Brazo Medio,Cúbito - Cúbito,Cúbito,Cúbito,Virus,Herpes,,Mismo punto simple (un marcador),no,no,Torso sin camisa OK · No genitales visibles · Ropa interior en zona pélvica si aparece,vista frontal de los brazos extendidos a los lados,Tablas Holoacademia - Miembros,Manual Biomagnetismo - Extremidades,⏳ PENDIENTE - GENERAR,1304,1304_Cubito_Cubito.png,
7,MIEMBROS,Miembros,Brazo,Brazo Medio,Bursa - Codo,Bursa,Codo,Bacteria,Streptococcus B,,Par normal (dos puntos distintos),no,no,Torso sin camisa OK · No genitales visibles · Ropa interior en zona pélvica si aparece,vista frontal de los brazos extendidos a los lados,Tablas Holoacademia - Miembros,Manual Biomagnetismo - Extremidades,⏳ PENDIENTE - GENERAR,1305,1305_Bursa_Codo.png,
7,MIEMBROS,Miembros,Brazo,Brazo Medio,Ulna - Ulna,Ulna,Ulna,,,,Mismo punto simple (un marcador),no,no,Torso sin camisa OK · No genitales visibles · Ropa interior en zona pélvica si aparece,vista frontal de los brazos extendidos a los lados,Tablas Holoacademia - Miembros,Manual Biomagnetismo - Extremidades,⏳ PENDIENTE - GENERAR,1306,1306_Ulna_Ulna.png,
7,MIEMBROS,Miembros,Brazo,Brazo Medio,Braquial - Codo,Braquial,Codo,Especial/Disfunción,Espe cial,,Par normal (dos puntos distintos),no,no,Torso sin camisa OK · No genitales visibles · Ropa interior en zona pélvica si aparece,vista frontal de los brazos extendidos a los lados,Tablas Holoacademia - Miembros,Manual Biomagnetismo - Extremidades,✅ TIENE FICHA APROBADA,77,077_Braquial_Codo.png,077_Braquial_Codo.png
7,MIEMBROS,Miembros,Brazo,Mano,Muñeca Anterior - Muñeca Anterior,Muñeca Anterior,Muñeca Anterior,,,,Mismo punto simple (un marcador),no,no,Torso sin camisa OK · No genitales visibles · Ropa interior en zona pélvica si aparece,vista frontal de los brazos extendidos a los lados,Tablas Holoacademia - Miembros,Manual Biomagnetismo - Extremidades,⏳ PENDIENTE - GENERAR,1307,1307_Muneca_Anterior_Muneca_Anterior.png,
7,MIEMBROS,Miembros,Brazo,Mano,Muñeca Posterior - Muñeca Posterior,Muñeca Posterior,Muñeca Posterior,,,,Mismo punto simple (un marcador),no,no,Torso sin camisa OK · No genitales visibles · Ropa interior en zona pélvica si aparece,vista frontal de los brazos extendidos a los lados,Tablas Holoacademia - Miembros,Manual Biomagnetismo - Extremidades,⏳ PENDIENTE - GENERAR,1308,1308_Muneca_Posterior_Muneca_Posterior.png,
7,MIEMBROS,Miembros,Brazo,Mano,Palma - Palma,Palma,Palma,Sin clasificar,Plasmodium Vivax Falciporum,,Mismo punto simple (un marcador),no,no,Torso sin camisa OK · No genitales visibles · Ropa interior en zona pélvica si aparece,vista frontal de los brazos extendidos a los lados,Tablas Holoacademia - Miembros,Manual Biomagnetismo - Extremidades,⏳ PENDIENTE - GENERAR,1309,1309_Palma_Palma.png,
7,MIEMBROS,Miembros,Brazo,Mano,Palma RAS - Plantar RAS,Palma RAS,Plantar RAS,,,,Par normal (dos puntos distintos),SÍ,no,Torso sin camisa OK · No genitales visibles · Ropa interior en zona pélvica si aparece,vista frontal de los brazos extendidos a los lados,Tablas Holoacademia - Miembros,Manual Biomagnetismo - Extremidades,⏳ PENDIENTE - GENERAR,1310,1310_Palma_RAS_Plantar_RAS.png,
7,MIEMBROS,Miembros,Brazo,Mano,Dorso Mano - Dorso Mano,Dorso Mano,Dorso Mano,Reservorio,TOM AS,,Mismo punto simple (un marcador),no,SÍ,Licra negra ajustada + top negro si aplica · Sin desnudez · Estilo médico sobrio,vista frontal de los brazos extendidos a los lados,Tablas Holoacademia - Miembros,Manual Biomagnetismo - Extremidades,⏳ PENDIENTE - GENERAR,1311,1311_Dorso_Mano_Dorso_Mano.png,
7,MIEMBROS,Miembros,Brazo,Mano,Índice - Índice,Índice,Índice,Bacteria,Escherichia collí atípica,,Mismo punto simple (un marcador),no,no,Torso sin camisa OK · No genitales visibles · Ropa interior en zona pélvica si aparece,vista frontal de los brazos extendidos a los lados,Tablas Holoacademia - Miembros,Manual Biomagnetismo - Extremidades,⏳ PENDIENTE - GENERAR,1312,1312_Indice_Indice.png,
7,MIEMBROS,Miembros,Brazo,Mano,Palma Mano - Palma Mano,Palma Mano,Palma Mano,Emocional/Psicoemocional,Plasmodium,,Mismo punto simple (un marcador),no,SÍ,Licra negra ajustada + top negro si aplica · Sin desnudez · Estilo médico sobrio,vista frontal de los brazos extendidos a los lados,Tablas Holoacademia - Miembros,Manual Biomagnetismo - Extremidades,⏳ PENDIENTE - GENERAR,1313,1313_Palma_Mano_Palma_Mano.png,
7,MIEMBROS,Miembros,Brazo,Mano,Dedo Pulgar - Dedo Pulgar,Dedo Pulgar,Dedo Pulgar,,,,Mismo punto simple (un marcador),no,no,Torso sin camisa OK · No genitales visibles · Ropa interior en zona pélvica si aparece,vista frontal de los brazos extendidos a los lados,Tablas Holoacademia - Miembros,Manual Biomagnetismo - Extremidades,⏳ PENDIENTE - GENERAR,1314,1314_Dedo_Pulgar_Dedo_Pulgar.png,
7,MIEMBROS,Miembros,Brazo,Mano,Dedo Anular - Dedo Anular,Dedo Anular,Dedo Anular,Parásito,Giard iaLam bia,,Mismo punto simple (un marcador),no,no,Torso sin camisa OK · No genitales visibles · Ropa interior en zona pélvica si aparece,vista frontal de los brazos extendidos a los lados,Tablas Holoacademia - Miembros,Manual Biomagnetismo - Extremidades,⏳ PENDIENTE - GENERAR,1315,1315_Dedo_Anular_Dedo_Anular.png,
7,MIEMBROS,Miembros,Brazo,Mano,Dedo Meñique - Dedo Meñique,Dedo Meñique,Dedo Meñique,Sin clasificar,Helicobacter Pylori,,Mismo punto simple (un marcador),no,no,Torso sin camisa OK · No genitales visibles · Ropa interior en zona pélvica si aparece,vista frontal de los brazos extendidos a los lados,Tablas Holoacademia - Miembros,Manual Biomagnetismo - Extremidades,⏳ PENDIENTE - GENERAR,1316,1316_Dedo_Menique_Dedo_Menique.png,
7,MIEMBROS,Miembros,Brazo,Mano,Dedo Medio - Dedo Medio,Dedo Medio,Dedo Medio,Hongo,Klebsiella con,,Mismo punto simple (un marcador),no,no,Torso sin camisa OK · No genitales visibles · Ropa interior en zona pélvica si aparece,vista frontal de los brazos extendidos a los lados,Tablas Holoacademia - Miembros,Manual Biomagnetismo - Extremidades,⏳ PENDIENTE - GENERAR,1317,1317_Dedo_Medio_Dedo_Medio.png,
7,MIEMBROS,Miembros,Brazo,Mano,Muñeca - Muñeca,Muñeca,Muñeca,Bacteria,Ricketssia,,Mismo punto simple (un marcador),no,no,Torso sin camisa OK · No genitales visibles · Ropa interior en zona pélvica si aparece,vista frontal de los brazos extendidos a los lados,Tablas Holoacademia - Miembros,Manual Biomagnetismo - Extremidades,✅ TIENE FICHA APROBADA,3,003_Muneca_Muneca.png,003_Muneca_Muneca.png
7,MIEMBROS,Miembros,Brazo,Mano,Muñeca Derecha - Rodilla Externa,Muñeca Derecha,Rodilla Externa,,,,Par normal (dos puntos distintos),no,no,Torso sin camisa OK · No genitales visibles · Ropa interior en zona pélvica si aparece,vista frontal de los brazos extendidos a los lados,Tablas Holoacademia - Miembros,Manual Biomagnetismo - Extremidades,⏳ PENDIENTE - GENERAR,1318,1318_Muneca_Derecha_Rodilla_Externa.png,
7,MIEMBROS,Miembros,Brazo,Mano,Muñeca Anterior - Anterior,Muñeca Anterior,Anterior,,,,Par normal (dos puntos distintos),no,no,Torso sin camisa OK · No genitales visibles · Ropa interior en zona pélvica si aparece,vista frontal de los brazos extendidos a los lados,Tablas Holoacademia - Miembros,Manual Biomagnetismo - Extremidades,⏳ PENDIENTE - GENERAR,1319,1319_Muneca_Anterior_Anterior.png,
7,MIEMBROS,Miembros,Brazo,Mano,Posterior - Posterior,Posterior,Posterior,,,,Mismo punto simple (un marcador),no,no,Torso sin camisa OK · No genitales visibles · Ropa interior en zona pélvica si aparece,vista frontal de los brazos extendidos a los lados,Tablas Holoacademia - Miembros,Manual Biomagnetismo - Extremidades,⏳ PENDIENTE - GENERAR,1320,1320_Posterior_Posterior.png,
7,MIEMBROS,Miembros,Brazo,Mano,Palma (RAS) - Planta (RAS),Palma (RAS),Planta (RAS),,,,Par normal (dos puntos distintos),no,no,Torso sin camisa OK · No genitales visibles · Ropa interior en zona pélvica si aparece,vista frontal de los brazos extendidos a los lados,Tablas Holoacademia - Miembros,Manual Biomagnetismo - Extremidades,⏳ PENDIENTE - GENERAR,1321,1321_Palma_RAS_Planta_RAS.png,
7,MIEMBROS,Miembros,Brazo,Mano,Dedo Anular - Dedo Pulgar,Dedo Anular,Dedo Pulgar,Bacteria,,,Par normal (dos puntos distintos),no,no,Torso sin camisa OK · No genitales visibles · Ropa interior en zona pélvica si aparece,vista frontal de los brazos extendidos a los lados,Tablas Holoacademia - Miembros,Manual Biomagnetismo - Extremidades,⏳ PENDIENTE - GENERAR,1322,1322_Dedo_Anular_Dedo_Pulgar.png,
7,MIEMBROS,Miembros,Brazo,Mano,Dedo Meñique - Dedo Anular,Dedo Meñique,Dedo Anular,Bacteria,,,Par normal (dos puntos distintos),no,no,Torso sin camisa OK · No genitales visibles · Ropa interior en zona pélvica si aparece,vista frontal de los brazos extendidos a los lados,Tablas Holoacademia - Miembros,Manual Biomagnetismo - Extremidades,⏳ PENDIENTE - GENERAR,1323,1323_Dedo_Menique_Dedo_Anular.png,
7,MIEMBROS,Miembros,Brazo,Mano,Dedo Pulgar - Dedo Meñique,Dedo Pulgar,Dedo Meñique,Bacteria,,,Par normal (dos puntos distintos),no,no,Torso sin camisa OK · No genitales visibles · Ropa interior en zona pélvica si aparece,vista frontal de los brazos extendidos a los lados,Tablas Holoacademia - Miembros,Manual Biomagnetismo - Extremidades,⏳ PENDIENTE - GENERAR,1324,1324_Dedo_Pulgar_Dedo_Menique.png,
7,MIEMBROS,Miembros,Brazo,Mano,Muñeca - Rodilla,Muñeca,Rodilla,Especial/Disfunción,Espe cial,,Par normal (dos puntos distintos),no,no,Torso sin camisa OK · No genitales visibles · Ropa interior en zona pélvica si aparece,vista frontal de los brazos extendidos a los lados,Tablas Holoacademia - Miembros,Manual Biomagnetismo - Extremidades,⏳ PENDIENTE - GENERAR,1325,1325_Muneca_Rodilla.png,
7,MIEMBROS,Miembros,Brazo,Mano,Muñeca - Rodilla Externa,Muñeca,Rodilla Externa,Sin clasificar,,,Par normal (dos puntos distintos),no,no,Torso sin camisa OK · No genitales visibles · Ropa interior en zona pélvica si aparece,vista frontal de los brazos extendidos a los lados,Tablas Holoacademia - Miembros,Manual Biomagnetismo - Extremidades,⏳ PENDIENTE - GENERAR,1326,1326_Muneca_Rodilla_Externa.png,
7,MIEMBROS,Miembros,Pierna,Pierna Alta,Aductor Menor - Aductor Menor,Aductor Menor,Aductor Menor,Emocional/Psicoemocional,,,Mismo punto simple (un marcador),no,no,Torso sin camisa OK · No genitales visibles · Ropa interior en zona pélvica si aparece,"vista frontal de las piernas con muslos, rodillas, pantorrillas y pies",Tablas Holoacademia - Miembros,Manual Biomagnetismo - Extremidades,⏳ PENDIENTE - GENERAR,1327,1327_Aductor_Menor_Aductor_Menor.png,
7,MIEMBROS,Miembros,Pierna,Pierna Alta,Aductor - Aductor,Aductor,Aductor,Virus,virus conADN,,Mismo punto simple (un marcador),no,no,Torso sin camisa OK · No genitales visibles · Ropa interior en zona pélvica si aparece,"vista frontal de las piernas con muslos, rodillas, pantorrillas y pies",Tablas Holoacademia - Miembros,Manual Biomagnetismo - Extremidades,⏳ PENDIENTE - GENERAR,1328,1328_Aductor_Aductor.png,
7,MIEMBROS,Miembros,Pierna,Pierna Alta,Cuádriceps - Cuádriceps,Cuádriceps,Cuádriceps,Emocional/Psicoemocional,Intoxicación por bismuto,,Mismo punto simple (un marcador),no,no,Torso sin camisa OK · No genitales visibles · Ropa interior en zona pélvica si aparece,"vista frontal de las piernas con muslos, rodillas, pantorrillas y pies",Tablas Holoacademia - Miembros,Manual Biomagnetismo - Extremidades,⏳ PENDIENTE - GENERAR,1329,1329_Cuadriceps_Cuadriceps.png,
7,MIEMBROS,Miembros,Pierna,Pierna Alta,Tensor Fascia Lata - Tensor Fascia Lata,Tensor Fascia Lata,Tensor Fascia Lata,Bacteria,Gardnerella vaginalis,,Mismo punto simple (un marcador),no,no,Torso sin camisa OK · No genitales visibles · Ropa interior en zona pélvica si aparece,"vista frontal de las piernas con muslos, rodillas, pantorrillas y pies",Tablas Holoacademia - Miembros,Manual Biomagnetismo - Extremidades,⏳ PENDIENTE - GENERAR,1330,1330_Tensor_Fascia_Lata_Tensor_Fascia_Lata.png,
7,MIEMBROS,Miembros,Pierna,Pierna Alta,Retrotensor de la Fascia Lata - Rectoral,Retrotensor de la Fascia Lata,Rectoral,,,,Par normal (dos puntos distintos),SÍ,SÍ,Licra negra ajustada + top negro si aplica · Sin desnudez · Estilo médico sobrio,"vista frontal de las piernas con muslos, rodillas, pantorrillas y pies",Tablas Holoacademia - Miembros,Manual Biomagnetismo - Extremidades,⏳ PENDIENTE - GENERAR,1331,1331_Retrotensor_de_la_Fascia_Lata_Rectoral.png,
7,MIEMBROS,Miembros,Pierna,Pierna Alta,Fémur - Fémur,Fémur,Fémur,Reservorio,Rese rvori o,,Mismo punto simple (un marcador),no,no,Torso sin camisa OK · No genitales visibles · Ropa interior en zona pélvica si aparece,"vista frontal de las piernas con muslos, rodillas, pantorrillas y pies",Tablas Holoacademia - Miembros,Manual Biomagnetismo - Extremidades,⏳ PENDIENTE - GENERAR,1332,1332_Femur_Femur.png,
7,MIEMBROS,Miembros,Pierna,Pierna Alta,Fémur Posterior - Fémur Posterior,Fémur Posterior,Fémur Posterior,Bacteria,Actin omyc es,,Mismo punto simple (un marcador),no,no,Torso sin camisa OK · No genitales visibles · Ropa interior en zona pélvica si aparece,"vista frontal de las piernas con muslos, rodillas, pantorrillas y pies",Tablas Holoacademia - Miembros,Manual Biomagnetismo - Extremidades,⏳ PENDIENTE - GENERAR,1333,1333_Femur_Posterior_Femur_Posterior.png,
7,MIEMBROS,Miembros,Pierna,Pierna Alta,Músculo Psoasilíaco - Músculo Psoasilíaco,Músculo Psoasilíaco,Músculo Psoasilíaco,,,,Mismo punto simple (un marcador),no,no,Torso sin camisa OK · No genitales visibles · Ropa interior en zona pélvica si aparece,"vista frontal de las piernas con muslos, rodillas, pantorrillas y pies",Tablas Holoacademia - Miembros,Manual Biomagnetismo - Extremidades,⏳ PENDIENTE - GENERAR,1334,1334_Musculo_Psoasiliaco_Musculo_Psoasiliaco.png,
7,MIEMBROS,Miembros,Pierna,Pierna Alta,Poplíteo - Región Inguinal,Poplíteo,Región Inguinal,Virus,,,Par normal (dos puntos distintos),no,SÍ,Licra negra ajustada + top negro si aplica · Sin desnudez · Estilo médico sobrio,"vista frontal de las piernas con muslos, rodillas, pantorrillas y pies",Tablas Holoacademia - Miembros,Manual Biomagnetismo - Extremidades,⏳ PENDIENTE - GENERAR,1335,1335_Popliteo_Region_Inguinal.png,
7,MIEMBROS,Miembros,Pierna,Pierna Alta,Tensor Fascia Lata - Sartorio,Tensor Fascia Lata,Sartorio,,,,Par normal (dos puntos distintos),no,no,Torso sin camisa OK · No genitales visibles · Ropa interior en zona pélvica si aparece,"vista frontal de las piernas con muslos, rodillas, pantorrillas y pies",Tablas Holoacademia - Miembros,Manual Biomagnetismo - Extremidades,⏳ PENDIENTE - GENERAR,1336,1336_Tensor_Fascia_Lata_Sartorio.png,
7,MIEMBROS,Miembros,Pierna,Pierna Alta,Tensor Fascia Lata - Cuádriceps,Tensor Fascia Lata,Cuádriceps,,,,Par normal (dos puntos distintos),no,no,Torso sin camisa OK · No genitales visibles · Ropa interior en zona pélvica si aparece,"vista frontal de las piernas con muslos, rodillas, pantorrillas y pies",Tablas Holoacademia - Miembros,Manual Biomagnetismo - Extremidades,⏳ PENDIENTE - GENERAR,1337,1337_Tensor_Fascia_Lata_Cuadriceps.png,
7,MIEMBROS,Miembros,Pierna,Pierna Alta,Tensor Fascia Lata - Espina Ilíaca Posterior,Tensor Fascia Lata,Espina Ilíaca Posterior,,,,Par normal (dos puntos distintos),SÍ,no,Torso sin camisa OK · No genitales visibles · Ropa interior en zona pélvica si aparece,"vista frontal de las piernas con muslos, rodillas, pantorrillas y pies",Tablas Holoacademia - Miembros,Manual Biomagnetismo - Extremidades,⏳ PENDIENTE - GENERAR,1338,1338_Tensor_Fascia_Lata_Espina_Iliaca_Posterior.png,
7,MIEMBROS,Miembros,Pierna,Pierna Alta,Tensor Fascia Lata - Gracilis Superior,Tensor Fascia Lata,Gracilis Superior,,,,Par normal (dos puntos distintos),no,no,Torso sin camisa OK · No genitales visibles · Ropa interior en zona pélvica si aparece,"vista frontal de las piernas con muslos, rodillas, pantorrillas y pies",Tablas Holoacademia - Miembros,Manual Biomagnetismo - Extremidades,⏳ PENDIENTE - GENERAR,1339,1339_Tensor_Fascia_Lata_Gracilis_Superior.png,
7,MIEMBROS,Miembros,Pierna,Pierna Alta,Trocánter Mayor - Riñón Lateral,Trocánter Mayor,Riñón Lateral,,,,Par normal (dos puntos distintos),SÍ,no,Torso sin camisa OK · No genitales visibles · Ropa interior en zona pélvica si aparece,"vista frontal de las piernas con muslos, rodillas, pantorrillas y pies",Tablas Holoacademia - Miembros,Manual Biomagnetismo - Extremidades,⏳ PENDIENTE - GENERAR,1340,1340_Trocanter_Mayor_Rinon_Lateral.png,
7,MIEMBROS,Miembros,Pierna,Pierna Alta,Trocánter Mayor - Tensor Fascia Lata,Trocánter Mayor,Tensor Fascia Lata,,,,Par normal (dos puntos distintos),SÍ,no,Torso sin camisa OK · No genitales visibles · Ropa interior en zona pélvica si aparece,"vista frontal de las piernas con muslos, rodillas, pantorrillas y pies",Tablas Holoacademia - Miembros,Manual Biomagnetismo - Extremidades,⏳ PENDIENTE - GENERAR,1341,1341_Trocanter_Mayor_Tensor_Fascia_Lata.png,
7,MIEMBROS,Miembros,Pierna,Pierna Alta,Trocánter Mayor - Trocánter Menor,Trocánter Mayor,Trocánter Menor,Bacteria,Salm onell atifo,,Par normal (dos puntos distintos),no,no,Torso sin camisa OK · No genitales visibles · Ropa interior en zona pélvica si aparece,"vista frontal de las piernas con muslos, rodillas, pantorrillas y pies",Tablas Holoacademia - Miembros,Manual Biomagnetismo - Extremidades,⏳ PENDIENTE - GENERAR,1342,1342_Trocanter_Mayor_Trocanter_Menor.png,
7,MIEMBROS,Miembros,Pierna,Pierna Alta,Triángulo de Scarpa - Triángulo de Scarpa,Triángulo de Scarpa,Triángulo de Scarpa,,Myc obac teriu m lepra e.,,Mismo punto simple (un marcador),no,no,Torso sin camisa OK · No genitales visibles · Ropa interior en zona pélvica si aparece,"vista frontal de las piernas con muslos, rodillas, pantorrillas y pies",Tablas Holoacademia - Miembros,Manual Biomagnetismo - Extremidades,⏳ PENDIENTE - GENERAR,1343,1343_Triangulo_de_Scarpa_Triangulo_de_Scarpa.png,
7,MIEMBROS,Miembros,Pierna,Pierna Media,Ligamento Externo de Rodilla - Mesenterio,Ligamento Externo de Rodilla,Mesenterio,,,,Par normal (dos puntos distintos),no,no,Torso sin camisa OK · No genitales visibles · Ropa interior en zona pélvica si aparece,"vista frontal de las piernas con muslos, rodillas, pantorrillas y pies",Tablas Holoacademia - Miembros,Manual Biomagnetismo - Extremidades,⏳ PENDIENTE - GENERAR,1344,1344_Ligamento_Externo_de_Rodilla_Mesenterio.png,
7,MIEMBROS,Miembros,Pierna,Pierna Media,Rótula - Rótula,Rótula,Rótula,Bacteria,Stap hyloc occu sDora do (+),,Mismo punto simple (un marcador),no,no,Torso sin camisa OK · No genitales visibles · Ropa interior en zona pélvica si aparece,"vista frontal de las piernas con muslos, rodillas, pantorrillas y pies",Tablas Holoacademia - Miembros,Manual Biomagnetismo - Extremidades,⏳ PENDIENTE - GENERAR,1345,1345_Rotula_Rotula.png,
7,MIEMBROS,Miembros,Pierna,Pierna Media,Tibia - Tibia,Tibia,Tibia,Hongo,"Malassezia furfur en costas y lugares calurosos. fluorescente con luz negra. Simula escarlatina o psoriasis, manchas en la piel, origina úlceras, moretones o cambios de coloración, común en diabéticos y mujeres",,Mismo punto simple (un marcador),no,no,Torso sin camisa OK · No genitales visibles · Ropa interior en zona pélvica si aparece,"vista frontal de las piernas con muslos, rodillas, pantorrillas y pies",Tablas Holoacademia - Miembros,Manual Biomagnetismo - Extremidades,⏳ PENDIENTE - GENERAR,1346,1346_Tibia_Tibia.png,
7,MIEMBROS,Miembros,Pierna,Pierna Media,Peroné - Peroné,Peroné,Peroné,Bacteria,Proteus Mirabilis,,Mismo punto simple (un marcador),no,no,Torso sin camisa OK · No genitales visibles · Ropa interior en zona pélvica si aparece,"vista frontal de las piernas con muslos, rodillas, pantorrillas y pies",Tablas Holoacademia - Miembros,Manual Biomagnetismo - Extremidades,⏳ PENDIENTE - GENERAR,1347,1347_Perone_Perone.png,
7,MIEMBROS,Miembros,Pierna,Pierna Media,Rodilla - Rodilla,Rodilla,Rodilla,Especial/Disfunción,,,Mismo punto simple (un marcador),no,no,Torso sin camisa OK · No genitales visibles · Ropa interior en zona pélvica si aparece,"vista frontal de las piernas con muslos, rodillas, pantorrillas y pies",Tablas Holoacademia - Miembros,Manual Biomagnetismo - Extremidades,✅ TIENE FICHA APROBADA,71,071_Rodilla_Rodilla.png,071_Rodilla_Rodilla.png
7,MIEMBROS,Miembros,Pierna,Pierna Media,Tibia Inferior - Tibia Inferior,Tibia Inferior,Tibia Inferior,Hongo,Malassezia Furfur,,Mismo punto simple (un marcador),no,no,Torso sin camisa OK · No genitales visibles · Ropa interior en zona pélvica si aparece,"vista frontal de las piernas con muslos, rodillas, pantorrillas y pies",Tablas Holoacademia - Miembros,Manual Biomagnetismo - Extremidades,⏳ PENDIENTE - GENERAR,1348,1348_Tibia_Inferior_Tibia_Inferior.png,
7,MIEMBROS,Miembros,Pierna,Pierna Media,Tibia Media - Tibia Media,Tibia Media,Tibia Media,Hongo,Actinomyces,,Mismo punto simple (un marcador),no,no,Torso sin camisa OK · No genitales visibles · Ropa interior en zona pélvica si aparece,"vista frontal de las piernas con muslos, rodillas, pantorrillas y pies",Tablas Holoacademia - Miembros,Manual Biomagnetismo - Extremidades,⏳ PENDIENTE - GENERAR,1349,1349_Tibia_Media_Tibia_Media.png,
7,MIEMBROS,Miembros,Pierna,Pierna Media,Tobillo - Tobillo,Tobillo,Tobillo,Hongo,Mycobacterium leprae,,Mismo punto simple (un marcador),no,no,Torso sin camisa OK · No genitales visibles · Ropa interior en zona pélvica si aparece,"vista frontal de las piernas con muslos, rodillas, pantorrillas y pies",Tablas Holoacademia - Miembros,Manual Biomagnetismo - Extremidades,⏳ PENDIENTE - GENERAR,1350,1350_Tobillo_Tobillo.png,
7,MIEMBROS,Miembros,Pierna,Pierna Media,Úlcera Varicosa - Úlcera Varicosa,Úlcera Varicosa,Úlcera Varicosa,Reservorio,UNIVERSAL,,Mismo punto simple (un marcador),no,no,Torso sin camisa OK · No genitales visibles · Ropa interior en zona pélvica si aparece,"vista frontal de las piernas con muslos, rodillas, pantorrillas y pies",Tablas Holoacademia - Miembros,Manual Biomagnetismo - Extremidades,⏳ PENDIENTE - GENERAR,1351,1351_Ulcera_Varicosa_Ulcera_Varicosa.png,
7,MIEMBROS,Miembros,Pierna,Pierna Media,Plexo Rodilla - Plexo Rodilla,Plexo Rodilla,Plexo Rodilla,Virus,Polio mielit is,,Mismo punto simple (un marcador),no,no,Torso sin camisa OK · No genitales visibles · Ropa interior en zona pélvica si aparece,"vista frontal de las piernas con muslos, rodillas, pantorrillas y pies",Tablas Holoacademia - Miembros,Manual Biomagnetismo - Extremidades,✅ TIENE FICHA APROBADA,98,098_Plexo_Rodilla_Plexo_Rodilla.png,098_Plexo_Rodilla_Plexo_Rodilla.png
7,MIEMBROS,Miembros,Pierna,Pierna Media,Semimembranoso - Semimembranoso,Semimembranoso,Semimembranoso,Bacteria,Brucella,,Mismo punto simple (un marcador),no,SÍ,Licra negra ajustada + top negro si aplica · Sin desnudez · Estilo médico sobrio,"vista frontal de las piernas con muslos, rodillas, pantorrillas y pies",Tablas Holoacademia - Miembros,Manual Biomagnetismo - Extremidades,⏳ PENDIENTE - GENERAR,1352,1352_Semimembranoso_Semimembranoso.png,
7,MIEMBROS,Miembros,Pierna,Pierna Media,Tibia - Tibia Inferior,Tibia,Tibia Inferior,Hongo,Malassezia furfur,,Par normal (dos puntos distintos),no,no,Torso sin camisa OK · No genitales visibles · Ropa interior en zona pélvica si aparece,"vista frontal de las piernas con muslos, rodillas, pantorrillas y pies",Tablas Holoacademia - Miembros,Manual Biomagnetismo - Extremidades,✅ TIENE FICHA APROBADA,12,012_Tibia_Tibia_Inferior.png,012_Tibia_Tibia_Inferior.png
7,MIEMBROS,Miembros,Pierna,Pierna Trasera,Ciático - Ciático,Ciático,Ciático,Virus,Polio,,Mismo punto simple (un marcador),no,no,Torso sin camisa OK · No genitales visibles · Ropa interior en zona pélvica si aparece,"vista frontal de las piernas con muslos, rodillas, pantorrillas y pies",Tablas Holoacademia - Miembros,Manual Biomagnetismo - Extremidades,⏳ PENDIENTE - GENERAR,1353,1353_Ciatico_Ciatico.png,
7,MIEMBROS,Miembros,Pierna,Pierna Trasera,Poplíteo - Poplíteo,Poplíteo,Poplíteo,Bacteria,Neumococo,,Mismo punto simple (un marcador),no,no,Torso sin camisa OK · No genitales visibles · Ropa interior en zona pélvica si aparece,"vista frontal de las piernas con muslos, rodillas, pantorrillas y pies",Tablas Holoacademia - Miembros,Manual Biomagnetismo - Extremidades,✅ TIENE FICHA APROBADA,48,048_Popliteo_popliteo.png,048_Popliteo_popliteo.png
7,MIEMBROS,Miembros,Pierna,Pierna Trasera,Aquiles Alto - Aquiles Alto,Aquiles Alto,Aquiles Alto,,,,Mismo punto simple (un marcador),no,no,Torso sin camisa OK · No genitales visibles · Ropa interior en zona pélvica si aparece,"vista frontal de las piernas con muslos, rodillas, pantorrillas y pies",Tablas Holoacademia - Miembros,Manual Biomagnetismo - Extremidades,⏳ PENDIENTE - GENERAR,1354,1354_Aquiles_Alto_Aquiles_Alto.png,
7,MIEMBROS,Miembros,Pierna,Pierna Trasera,Aquiles - Aquiles,Aquiles,Aquiles,Bacteria,Escherichia,,Mismo punto simple (un marcador),no,no,Torso sin camisa OK · No genitales visibles · Ropa interior en zona pélvica si aparece,"vista frontal de las piernas con muslos, rodillas, pantorrillas y pies",Tablas Holoacademia - Miembros,Manual Biomagnetismo - Extremidades,✅ TIENE FICHA APROBADA,65,065_Aquiles_aquiles.png,065_Aquiles_aquiles.png
7,MIEMBROS,Miembros,Pierna,Pierna Trasera,Aquiles Bajo - Aquiles Bajo,Aquiles Bajo,Aquiles Bajo,Bacteria,Mycoplasma,,Mismo punto simple (un marcador),no,no,Torso sin camisa OK · No genitales visibles · Ropa interior en zona pélvica si aparece,"vista frontal de las piernas con muslos, rodillas, pantorrillas y pies",Tablas Holoacademia - Miembros,Manual Biomagnetismo - Extremidades,⏳ PENDIENTE - GENERAR,1355,1355_Aquiles_Bajo_Aquiles_Bajo.png,
7,MIEMBROS,Miembros,Pierna,Pierna Trasera,Aquiles Superior - Aquiles Superior,Aquiles Superior,Aquiles Superior,,,,Mismo punto simple (un marcador),no,no,Torso sin camisa OK · No genitales visibles · Ropa interior en zona pélvica si aparece,"vista frontal de las piernas con muslos, rodillas, pantorrillas y pies",Tablas Holoacademia - Miembros,Manual Biomagnetismo - Extremidades,⏳ PENDIENTE - GENERAR,1356,1356_Aquiles_Superior_Aquiles_Superior.png,
7,MIEMBROS,Miembros,Pierna,Pierna Trasera,Aquiles Derecho - Aquiles Derecho,Aquiles Derecho,Aquiles Derecho,Bacteria,E. Colli,,Bilateral real (derecho/izquierdo),no,no,Torso sin camisa OK · No genitales visibles · Ropa interior en zona pélvica si aparece,"vista frontal de las piernas con muslos, rodillas, pantorrillas y pies",Tablas Holoacademia - Miembros,Manual Biomagnetismo - Extremidades,⏳ PENDIENTE - GENERAR,1357,1357_Aquiles_Derecho_Aquiles_Derecho.png,
7,MIEMBROS,Miembros,Pierna,Pierna Trasera,Aquiles - Triceps Derecho,Aquiles,Triceps Derecho,Especial/Disfunción,Espe cial,,Par normal (dos puntos distintos),no,no,Torso sin camisa OK · No genitales visibles · Ropa interior en zona pélvica si aparece,"vista frontal de las piernas con muslos, rodillas, pantorrillas y pies",Tablas Holoacademia - Miembros,Manual Biomagnetismo - Extremidades,⏳ PENDIENTE - GENERAR,1358,1358_Aquiles_Triceps_Derecho.png,
7,MIEMBROS,Miembros,Pierna,Pierna Trasera,Aquiles Derecho - Punta Escápula Izquierda,Aquiles Derecho,Punta Escápula Izquierda,,,,Par normal (dos puntos distintos),SÍ,no,Torso sin camisa OK · No genitales visibles · Ropa interior en zona pélvica si aparece,"vista frontal de las piernas con muslos, rodillas, pantorrillas y pies",Tablas Holoacademia - Miembros,Manual Biomagnetismo - Extremidades,⏳ PENDIENTE - GENERAR,1359,1359_Aquiles_Derecho_Punta_Escapula_Izquierda.png,
7,MIEMBROS,Miembros,Pierna,Pierna Trasera,Aquiles Inferior - Aquiles Inferior,Aquiles Inferior,Aquiles Inferior,Bacteria,Myco plas ma neu moni ae,,Mismo punto simple (un marcador),no,no,Torso sin camisa OK · No genitales visibles · Ropa interior en zona pélvica si aparece,"vista frontal de las piernas con muslos, rodillas, pantorrillas y pies",Tablas Holoacademia - Miembros,Manual Biomagnetismo - Extremidades,⏳ PENDIENTE - GENERAR,1360,1360_Aquiles_Inferior_Aquiles_Inferior.png,
7,MIEMBROS,Miembros,Pierna,Pierna Trasera,Aquiles Medio - Aquiles Medio,Aquiles Medio,Aquiles Medio,Bacteria,Shigella,,Mismo punto simple (un marcador),no,no,Torso sin camisa OK · No genitales visibles · Ropa interior en zona pélvica si aparece,"vista frontal de las piernas con muslos, rodillas, pantorrillas y pies",Tablas Holoacademia - Miembros,Manual Biomagnetismo - Extremidades,⏳ PENDIENTE - GENERAR,1361,1361_Aquiles_Medio_Aquiles_Medio.png,
7,MIEMBROS,Miembros,Pierna,Pierna Trasera,Ciático - Labio,Ciático,Labio,Sin clasificar,,,Par normal (dos puntos distintos),SÍ,no,Torso sin camisa OK · No genitales visibles · Ropa interior en zona pélvica si aparece,"vista frontal de las piernas con muslos, rodillas, pantorrillas y pies",Tablas Holoacademia - Miembros,Manual Biomagnetismo - Extremidades,⏳ PENDIENTE - GENERAR,1362,1362_Ciatico_Labio.png,
7,MIEMBROS,Miembros,Pierna,Pierna Trasera,Tendón tríceps der. - Aquiles Derecho,Tendón tríceps der.,Aquiles Derecho,,,,Par normal (dos puntos distintos),no,no,Torso sin camisa OK · No genitales visibles · Ropa interior en zona pélvica si aparece,"vista frontal de las piernas con muslos, rodillas, pantorrillas y pies",Tablas Holoacademia - Miembros,Manual Biomagnetismo - Extremidades,⏳ PENDIENTE - GENERAR,1363,1363_Tendon_triceps_der_Aquiles_Derecho.png,
7,MIEMBROS,Miembros,Pierna,Pierna Trasera,Aquiles Inferior - Aquiles,Aquiles Inferior,Aquiles,Bacteria,Mycoplasma,,Par normal (dos puntos distintos),no,no,Torso sin camisa OK · No genitales visibles · Ropa interior en zona pélvica si aparece,"vista frontal de las piernas con muslos, rodillas, pantorrillas y pies",Tablas Holoacademia - Miembros,Manual Biomagnetismo - Extremidades,⏳ PENDIENTE - GENERAR,1364,1364_Aquiles_Inferior_Aquiles.png,
7,MIEMBROS,Miembros,Pierna,Pie,Empeine - Empeine,Empeine,Empeine,Sin clasificar,Stap hyloc occu sAure,,Mismo punto simple (un marcador),no,no,Torso sin camisa OK · No genitales visibles · Ropa interior en zona pélvica si aparece,"vista frontal de las piernas con muslos, rodillas, pantorrillas y pies",Tablas Holoacademia - Miembros,Manual Biomagnetismo - Extremidades,⏳ PENDIENTE - GENERAR,1365,1365_Empeine_Empeine.png,
7,MIEMBROS,Miembros,Pierna,Pie,Dedo Gordo - Dedo Gordo,Dedo Gordo,Dedo Gordo,Hongo,Rickettsia,,Mismo punto simple (un marcador),no,no,Torso sin camisa OK · No genitales visibles · Ropa interior en zona pélvica si aparece,"vista frontal de las piernas con muslos, rodillas, pantorrillas y pies",Tablas Holoacademia - Miembros,Manual Biomagnetismo - Extremidades,⏳ PENDIENTE - GENERAR,1366,1366_Dedo_Gordo_Dedo_Gordo.png,
7,MIEMBROS,Miembros,Pierna,Pie,Calcáneo - Calcáneo,Calcáneo,Calcáneo,Bacteria,Rickettsia,,Mismo punto simple (un marcador),no,no,Torso sin camisa OK · No genitales visibles · Ropa interior en zona pélvica si aparece,"vista frontal de las piernas con muslos, rodillas, pantorrillas y pies",Tablas Holoacademia - Miembros,Manual Biomagnetismo - Extremidades,⏳ PENDIENTE - GENERAR,1367,1367_Calcaneo_Calcaneo.png,
7,MIEMBROS,Miembros,Pierna,Pie,Plantar - Plantar,Plantar,Plantar,,,,Mismo punto simple (un marcador),no,no,Torso sin camisa OK · No genitales visibles · Ropa interior en zona pélvica si aparece,"vista frontal de las piernas con muslos, rodillas, pantorrillas y pies",Tablas Holoacademia - Miembros,Manual Biomagnetismo - Extremidades,⏳ PENDIENTE - GENERAR,1368,1368_Plantar_Plantar.png,
7,MIEMBROS,Miembros,Pierna,Pie,Arco del Pie - Arco del Pie,Arco del Pie,Arco del Pie,Virus,Ébol a,,Mismo punto simple (un marcador),no,no,Torso sin camisa OK · No genitales visibles · Ropa interior en zona pélvica si aparece,"vista frontal de las piernas con muslos, rodillas, pantorrillas y pies",Tablas Holoacademia - Miembros,Manual Biomagnetismo - Extremidades,⏳ PENDIENTE - GENERAR,1369,1369_Arco_del_Pie_Arco_del_Pie.png,
7,MIEMBROS,Miembros,Pierna,Pie,Metatarso - Metatarso,Metatarso,Metatarso,Sin clasificar,Espe cial óHallu xValg us,,Mismo punto simple (un marcador),no,no,Torso sin camisa OK · No genitales visibles · Ropa interior en zona pélvica si aparece,"vista frontal de las piernas con muslos, rodillas, pantorrillas y pies",Tablas Holoacademia - Miembros,Manual Biomagnetismo - Extremidades,⏳ PENDIENTE - GENERAR,1370,1370_Metatarso_Metatarso.png,
7,MIEMBROS,Miembros,Pierna,Pie,Planta del Pie - Planta del Pie,Planta del Pie,Planta del Pie,Reservorio,Proteus Mirabilis,,Mismo punto simple (un marcador),no,no,Torso sin camisa OK · No genitales visibles · Ropa interior en zona pélvica si aparece,"vista frontal de las piernas con muslos, rodillas, pantorrillas y pies",Tablas Holoacademia - Miembros,Manual Biomagnetismo - Extremidades,⏳ PENDIENTE - GENERAR,1371,1371_Planta_del_Pie_Planta_del_Pie.png,
7,MIEMBROS,Miembros,Pierna,Pie,Talón - Talón,Talón,Talón,Bacteria,Strep toco cus A Pyog enes y Guilli an Barré,,Mismo punto simple (un marcador),no,no,Torso sin camisa OK · No genitales visibles · Ropa interior en zona pélvica si aparece,"vista frontal de las piernas con muslos, rodillas, pantorrillas y pies",Tablas Holoacademia - Miembros,Manual Biomagnetismo - Extremidades,⏳ PENDIENTE - GENERAR,1372,1372_Talon_Talon.png,
7,MIEMBROS,Miembros,Pierna,Pie,Tarso - Tarso,Tarso,Tarso,Sin clasificar,,,Mismo punto simple (un marcador),no,no,Torso sin camisa OK · No genitales visibles · Ropa interior en zona pélvica si aparece,"vista frontal de las piernas con muslos, rodillas, pantorrillas y pies",Tablas Holoacademia - Miembros,Manual Biomagnetismo - Extremidades,⏳ PENDIENTE - GENERAR,1373,1373_Tarso_Tarso.png,
7,MIEMBROS,Miembros,Pierna,Pie,Calcáneo - Muñeca,Calcáneo,Muñeca,Bacteria,,,Par normal (dos puntos distintos),SÍ,no,Torso sin camisa OK · No genitales visibles · Ropa interior en zona pélvica si aparece,"vista frontal de las piernas con muslos, rodillas, pantorrillas y pies",Tablas Holoacademia - Miembros,Manual Biomagnetismo - Extremidades,⏳ PENDIENTE - GENERAR,1374,1374_Calcaneo_Muneca.png,
8,EXTRAS,Extras,Variables,Pares Generales,Suprarrenal - Todo el frente (A-F),Suprarrenal,Todo el frente (A,,,,Par normal (dos puntos distintos),no,no,Estilo médico sobrio · Cobertura anatómica conservadora,vista frontal completa del cuerpo (cuerpo entero) con ropa interior,Pares de Traumatismo Lavín / Variables,Manual Biomagnetismo - Especiales,⏳ PENDIENTE - GENERAR,1375,1375_Suprarrenal_Todo_el_frente_A_F.png,
8,EXTRAS,Extras,Variables,Pares Generales,Par Gen Ombligo - Órgano/Tejido/Punto RAS,Par Gen Ombligo,Órgano/Tejido/Punto RAS,,,,Par normal (dos puntos distintos),no,SÍ,Licra negra ajustada + top negro si aplica · Sin desnudez · Estilo médico sobrio,vista frontal completa del cuerpo (cuerpo entero) con ropa interior,Pares de Traumatismo Lavín / Variables,Manual Biomagnetismo - Especiales,⏳ PENDIENTE - GENERAR,1376,1376_Par_Gen_Ombligo_Organo_Tejido_Punto_RAS.png,
8,EXTRAS,Extras,Variables,Pares Generales,Nervio Inguinal DER - Articulación Dolorosa 1-13 RAS,Nervio Inguinal DER,Articulación Dolorosa 1,,,,Par normal (dos puntos distintos),no,SÍ,Licra negra ajustada + top negro si aplica · Sin desnudez · Estilo médico sobrio,vista frontal completa del cuerpo (cuerpo entero) con ropa interior,Pares de Traumatismo Lavín / Variables,Manual Biomagnetismo - Especiales,⏳ PENDIENTE - GENERAR,1377,1377_Nervio_Inguinal_DER_Articulacion_Dolorosa_1_13_RAS.png,
8,EXTRAS,Extras,Variables,Pares Generales,Afin - Afin,Afin,Afin,Especial/Disfunción,Espe cial,,Mismo punto simple (un marcador),no,no,Estilo médico sobrio · Cobertura anatómica conservadora,vista frontal completa del cuerpo (cuerpo entero) con ropa interior,Pares de Traumatismo Lavín / Variables,Manual Biomagnetismo - Especiales,⏳ PENDIENTE - GENERAR,1378,1378_Afin_Afin.png,
8,EXTRAS,Extras,Variables,Pares Generales,Área de Dolor - Riñón Mismo Lado,Área de Dolor,Riñón Mismo Lado,,,,Par normal (dos puntos distintos),no,no,Estilo médico sobrio · Cobertura anatómica conservadora,vista frontal completa del cuerpo (cuerpo entero) con ropa interior,Pares de Traumatismo Lavín / Variables,Manual Biomagnetismo - Especiales,⏳ PENDIENTE - GENERAR,1379,1379_Area_de_Dolor_Rinon_Mismo_Lado.png,
8,EXTRAS,Extras,Variables,Pares Generales,Articulación - Riñón Izquierdo,Articulación,Riñón Izquierdo,,,,Par normal (dos puntos distintos),no,no,Estilo médico sobrio · Cobertura anatómica conservadora,vista frontal completa del cuerpo (cuerpo entero) con ropa interior,Pares de Traumatismo Lavín / Variables,Manual Biomagnetismo - Especiales,⏳ PENDIENTE - GENERAR,1380,1380_Articulacion_Rinon_Izquierdo.png,
8,EXTRAS,Extras,Variables,Pares Generales,Pulso Radial - Bazo,Pulso Radial,Bazo,,,,Par normal (dos puntos distintos),no,no,Estilo médico sobrio · Cobertura anatómica conservadora,vista frontal completa del cuerpo (cuerpo entero) con ropa interior,Pares de Traumatismo Lavín / Variables,Manual Biomagnetismo - Especiales,⏳ PENDIENTE - GENERAR,1381,1381_Pulso_Radial_Bazo.png,
8,EXTRAS,Extras,Variables,Pares Generales,V-8 - V-8,V,8,,,,Par normal (dos puntos distintos),no,no,Estilo médico sobrio · Cobertura anatómica conservadora,vista frontal completa del cuerpo (cuerpo entero) con ropa interior,Pares de Traumatismo Lavín / Variables,Manual Biomagnetismo - Especiales,⏳ PENDIENTE - GENERAR,1382,1382_V_8_V_8.png,
8,EXTRAS,Extras,Variables,Pares Generales,Vago - Riñón,Vago,Riñón,Sin clasificar,Bena vides,,Par normal (dos puntos distintos),no,no,Estilo médico sobrio · Cobertura anatómica conservadora,vista frontal completa del cuerpo (cuerpo entero) con ropa interior,Pares de Traumatismo Lavín / Variables,Manual Biomagnetismo - Especiales,⏳ PENDIENTE - GENERAR,1383,1383_Vago_Rinon.png,
8,EXTRAS,Extras,Variables,Pares Generales,Vago - Riñón Contralateral,Vago,Riñón Contralateral,Reservorio,virus obacterias,,Par normal (dos puntos distintos),no,no,Estilo médico sobrio · Cobertura anatómica conservadora,vista frontal completa del cuerpo (cuerpo entero) con ropa interior,Pares de Traumatismo Lavín / Variables,Manual Biomagnetismo - Especiales,⏳ PENDIENTE - GENERAR,1384,1384_Vago_Rinon_Contralateral.png,
8,EXTRAS,Extras,Variables,Pares Generales,Espíclavia - Espíclavia,Espíclavia,Espíclavia,,,,Mismo punto simple (un marcador),no,no,Estilo médico sobrio · Cobertura anatómica conservadora,vista frontal completa del cuerpo (cuerpo entero) con ropa interior,Pares de Traumatismo Lavín / Variables,Manual Biomagnetismo - Especiales,⏳ PENDIENTE - GENERAR,1385,1385_Espiclavia_Espiclavia.png,
8,EXTRAS,Extras,Variables,Pares Generales,Pulso Radial - Pulso Radial,Pulso Radial,Pulso Radial,Especial/Disfunción,,,Mismo punto simple (un marcador),no,no,Estilo médico sobrio · Cobertura anatómica conservadora,vista frontal completa del cuerpo (cuerpo entero) con ropa interior,Pares de Traumatismo Lavín / Variables,Manual Biomagnetismo - Especiales,⏳ PENDIENTE - GENERAR,1386,1386_Pulso_Radial_Pulso_Radial.png,
8,EXTRAS,Extras,Variables,Pares Generales,Vago - riñón contra latera,Vago,riñón contra latera,Sin clasificar,Benavides,,Par normal (dos puntos distintos),no,no,Estilo médico sobrio · Cobertura anatómica conservadora,vista frontal completa del cuerpo (cuerpo entero) con ropa interior,Pares de Traumatismo Lavín / Variables,Manual Biomagnetismo - Especiales,⏳ PENDIENTE - GENERAR,1387,1387_Vago_rinon_contra_latera.png,
8,EXTRAS,Extras,Variables,Traumatismo,Nervio Inguinal DER - Articulación Dolorosa 1-13,Nervio Inguinal DER,Articulación Dolorosa 1,,,,Par normal (dos puntos distintos),no,SÍ,Licra negra ajustada + top negro si aplica · Sin desnudez · Estilo médico sobrio,vista frontal completa del cuerpo (cuerpo entero) con ropa interior,Pares de Traumatismo Lavín / Variables,Manual Biomagnetismo - Especiales,⏳ PENDIENTE - GENERAR,1388,1388_Nervio_Inguinal_DER_Articulacion_Dolorosa_1_13.png,
8,EXTRAS,Extras,Variables,Traumatismo,Punto Trauma - Punto Trauma,Punto Trauma,Punto Trauma,,,,Mismo punto simple (un marcador),no,no,Estilo médico sobrio · Cobertura anatómica conservadora,vista frontal completa del cuerpo (cuerpo entero) con ropa interior,Pares de Traumatismo Lavín / Variables,Manual Biomagnetismo - Especiales,⏳ PENDIENTE - GENERAR,1389,1389_Punto_Trauma_Punto_Trauma.png,
8,EXTRAS,Extras,Variables,Traumatismo,Punto Trauma - Riñón HOMOLAT,Punto Trauma,Riñón HOMOLAT,,,,Par normal (dos puntos distintos),no,no,Estilo médico sobrio · Cobertura anatómica conservadora,vista frontal completa del cuerpo (cuerpo entero) con ropa interior,Pares de Traumatismo Lavín / Variables,Manual Biomagnetismo - Especiales,⏳ PENDIENTE - GENERAR,1390,1390_Punto_Trauma_Rinon_HOMOLAT.png,
8,EXTRAS,Extras,Variables,Traumatismo,Punto Trauma Sedante (-),Punto Trauma Sedante (,),,,,Par normal (dos puntos distintos),no,no,Estilo médico sobrio · Cobertura anatómica conservadora,vista frontal completa del cuerpo (cuerpo entero) con ropa interior,Pares de Traumatismo Lavín / Variables,Manual Biomagnetismo - Especiales,⏳ PENDIENTE - GENERAR,1391,1391_Punto_Trauma_Sedante.png,
8,EXTRAS,Extras,Variables,Traumatismo,Punto Trauma Estimulante (+),Punto Trauma Estimulante (+),Punto Trauma Estimulante (+),,,,Mismo punto simple (un marcador),no,no,Estilo médico sobrio · Cobertura anatómica conservadora,vista frontal completa del cuerpo (cuerpo entero) con ropa interior,Pares de Traumatismo Lavín / Variables,Manual Biomagnetismo - Especiales,⏳ PENDIENTE - GENERAR,1392,1392_Punto_Trauma_Estimulante.png,
8,EXTRAS,Extras,Variables,Traumatismo,Punto Trauma - Sedante (-),Punto Trauma,Sedante (,,,,Par normal (dos puntos distintos),no,no,Estilo médico sobrio · Cobertura anatómica conservadora,vista frontal completa del cuerpo (cuerpo entero) con ropa interior,Pares de Traumatismo Lavín / Variables,Manual Biomagnetismo - Especiales,⏳ PENDIENTE - GENERAR,1393,1393_Punto_Trauma_Sedante.png,
8,EXTRAS,Extras,Variables,Traumatismo,Punto Trauma - Estimulante (+),Punto Trauma,Estimulante (+),,,,Par normal (dos puntos distintos),no,no,Estilo médico sobrio · Cobertura anatómica conservadora,vista frontal completa del cuerpo (cuerpo entero) con ropa interior,Pares de Traumatismo Lavín / Variables,Manual Biomagnetismo - Especiales,⏳ PENDIENTE - GENERAR,1394,1394_Punto_Trauma_Estimulante.png,
8,EXTRAS,Extras,Variables,Personalizados,Par Nuevo,Par Nuevo,Par Nuevo,,,,Mismo punto simple (un marcador),no,no,Estilo médico sobrio · Cobertura anatómica conservadora,vista frontal completa del cuerpo (cuerpo entero) con ropa interior,Pares de Traumatismo Lavín / Variables,Manual Biomagnetismo - Especiales,⏳ PENDIENTE - GENERAR,1395,1395_Par_Nuevo.png,
8,EXTRAS,Extras,Variables,Personalizados,Biomagnetopuntura,Biomagnetopuntura,Biomagnetopuntura,,,,Mismo punto simple (un marcador),no,no,Estilo médico sobrio · Cobertura anatómica conservadora,vista frontal completa del cuerpo (cuerpo entero) con ropa interior,Pares de Traumatismo Lavín / Variables,Manual Biomagnetismo - Especiales,⏳ PENDIENTE - GENERAR,1396,1396_Biomagnetopuntura.png,
8,EXTRAS,Extras,Variables,Personalizados,Par Vacuna,Par Vacuna,Par Vacuna,,,,Mismo punto simple (un marcador),no,no,Estilo médico sobrio · Cobertura anatómica conservadora,vista frontal completa del cuerpo (cuerpo entero) con ropa interior,Pares de Traumatismo Lavín / Variables,Manual Biomagnetismo - Especiales,⏳ PENDIENTE - GENERAR,1397,1397_Par_Vacuna.png,
8,EXTRAS,Extras,Ejes Corporales,Eje Vertical,Pulmón Frontal DER - Nervio Inguinal DER,Pulmón Frontal DER,Nervio Inguinal DER,,,,Par normal (dos puntos distintos),no,SÍ,Licra negra ajustada + top negro si aplica · Sin desnudez · Estilo médico sobrio,vista frontal completa del cuerpo con líneas de ejes anatómicos marcadas,Pares de Traumatismo Lavín / Variables,Manual Biomagnetismo - Especiales,⏳ PENDIENTE - GENERAR,1398,1398_Pulmon_Frontal_DER_Nervio_Inguinal_DER.png,
8,EXTRAS,Extras,Ejes Corporales,Eje Vertical,Pulmón Frontal IZQ - Nervio Inguinal IZQ,Pulmón Frontal IZQ,Nervio Inguinal IZQ,,,,Par normal (dos puntos distintos),no,SÍ,Licra negra ajustada + top negro si aplica · Sin desnudez · Estilo médico sobrio,vista frontal completa del cuerpo con líneas de ejes anatómicos marcadas,Pares de Traumatismo Lavín / Variables,Manual Biomagnetismo - Especiales,⏳ PENDIENTE - GENERAR,1399,1399_Pulmon_Frontal_IZQ_Nervio_Inguinal_IZQ.png,
8,EXTRAS,Extras,Ejes Corporales,Eje Vertical,Frontal DER - Sacro,Frontal DER,Sacro,,,,Par normal (dos puntos distintos),SÍ,SÍ,Licra negra ajustada + top negro si aplica · Sin desnudez · Estilo médico sobrio,vista frontal completa del cuerpo con líneas de ejes anatómicos marcadas,Pares de Traumatismo Lavín / Variables,Manual Biomagnetismo - Especiales,⏳ PENDIENTE - GENERAR,1400,1400_Frontal_DER_Sacro.png,
8,EXTRAS,Extras,Ejes Corporales,Eje Vertical,Frontal IZQ - Sacro,Frontal IZQ,Sacro,,,,Par normal (dos puntos distintos),SÍ,SÍ,Licra negra ajustada + top negro si aplica · Sin desnudez · Estilo médico sobrio,vista frontal completa del cuerpo con líneas de ejes anatómicos marcadas,Pares de Traumatismo Lavín / Variables,Manual Biomagnetismo - Especiales,⏳ PENDIENTE - GENERAR,1401,1401_Frontal_IZQ_Sacro.png,
8,EXTRAS,Extras,Ejes Corporales,Eje Horizontal,Frente - Sacro,Frente,Sacro,,,,Par normal (dos puntos distintos),no,SÍ,Licra negra ajustada + top negro si aplica · Sin desnudez · Estilo médico sobrio,vista frontal completa del cuerpo con líneas de ejes anatómicos marcadas,Pares de Traumatismo Lavín / Variables,Manual Biomagnetismo - Especiales,⏳ PENDIENTE - GENERAR,1402,1402_Frente_Sacro.png,
8,EXTRAS,Extras,Ejes Corporales,Eje Transverso,Suprarrenales - Suprarrenales,Suprarrenales,Suprarrenales,,,,Mismo punto simple (un marcador),no,no,Estilo médico sobrio · Cobertura anatómica conservadora,vista frontal completa del cuerpo con líneas de ejes anatómicos marcadas,Pares de Traumatismo Lavín / Variables,Manual Biomagnetismo - Especiales,⏳ PENDIENTE - GENERAR,1403,1403_Suprarrenales_Suprarrenales.png,
8,EXTRAS,Extras,Ejes Corporales,Eje Transverso,Dorsal 2 - Sacro 2,Dorsal 2,Sacro 2,,,,Par normal (dos puntos distintos),SÍ,SÍ,Licra negra ajustada + top negro si aplica · Sin desnudez · Estilo médico sobrio,vista frontal completa del cuerpo con líneas de ejes anatómicos marcadas,Pares de Traumatismo Lavín / Variables,Manual Biomagnetismo - Especiales,⏳ PENDIENTE - GENERAR,1404,1404_Dorsal_2_Sacro_2.png,
8,EXTRAS,Extras,Ejes Corporales,Eje Transverso,Dorsal 2 - Sacro,Dorsal 2,Sacro,,,,Par normal (dos puntos distintos),SÍ,SÍ,Licra negra ajustada + top negro si aplica · Sin desnudez · Estilo médico sobrio,vista frontal completa del cuerpo con líneas de ejes anatómicos marcadas,Pares de Traumatismo Lavín / Variables,Manual Biomagnetismo - Especiales,⏳ PENDIENTE - GENERAR,1405,1405_Dorsal_2_Sacro.png,
