casewalk_id,course_id,course_name,track,block,score,stage,paragraph_start,paragraph_end,source_file,snippet
curso-holobiomagnetismo-parte-1::004,curso-holobiomagnetismo-parte-1,Curso Holobiomagnetismo Parte 1,Salud,salud__holobiomagnetismo_parte_1__modulo_3,25,conflict_synthesis,33,38,/Users/m2/Documents/New project/data/processed_library/Salud/curso-holobiomagnetismo-parte-1/sources/transcripcion_completa.txt,"lo mejor posible, especialmente con nuestra intención. Ya tengo aquí esto escrito. Esto es un código. Las letras, el solecito, es un código de información. Letras que expresan una idea y un símbolo que expresa una forma en donde fluye o cómo fluye la información. Este es el lado derecho, este es el lado izquierdo. Mientras voy a dejar polarizando esa agua. Me dice, sostén el sanabaite escrito con la mano izquierda y sostén con la mano derecha el vaso de vidrio con agua. Y me dice, intencionar la transmisión, efecto izquierdo-derecho. Esto es un ciclo típico, arquetípico del cuerpo. La mano izquierda recibe, la mano izquierda emite. Aunque se puede hacer de ambas formas, lo clásico, lo típico es así. Durante de uno a tres minutos. ¿Qué voy a hacer? Bueno, y después me dice, vas a ingerir el sanabaite, pero vas a hacerlo con todos los sentidos. Huele el agua, degusta el agua, siente cómo fluye y cambia la información en tu cuerpo. Si este es el sanabaite del lado derecho, del riñón derecho, yo lo puedo tocar, lo puedo sostener, inclusive nada más pudiera verlo. Pero como lo quiero hacer, como dicen todos los pasos clásicos, lo sostengo con la izquierda. Inclusive si quiero hacerlo muy técnico, lo coloco en mi chacra de la recepción. Con mi chacra emisor, que es la mano derecha, tomo conciencia del proceso. Dice de uno a tres minutos por decir algo, realmente es un ratín, ¿no? Capto qué hay aquí, tomo conciencia. Aquí hay una información que en el riñón derecho, que sufre de insuficiencia renal, hay un cambio de información. Ese cambio de información es este símbolo. Y esta información específica del cambio de información en ese lugar que sufre eso, vamos a colocarlo en esta agua. Esta agua va a circular por todo el sistema de Sandra Gabriela, y al circular por su sistema llevará en todos los sentidos y a todos los aspectos esta información circulante. Claro que después de unas horas, más o menos unas tres o cuatro horas, el efecto se pierde. ¿Qué hay que hacer? Resintonizar. Entonces yo aquí intenciono el flujo. Una cosa típica para meter y sacar información es lo inhalo, siento cómo esta información pasa a través de mí, y cómo yo al exhalar la implanto acá. Repi…"
curso-holobiomagnetismo-parte-1::004,curso-holobiomagnetismo-parte-1,Curso Holobiomagnetismo Parte 1,Salud,salud__holobiomagnetismo_parte_1__modulo_3,25,intake,33,38,/Users/m2/Documents/New project/data/processed_library/Salud/curso-holobiomagnetismo-parte-1/sources/transcripcion_completa.txt,"lo mejor posible, especialmente con nuestra intención. Ya tengo aquí esto escrito. Esto es un código. Las letras, el solecito, es un código de información. Letras que expresan una idea y un símbolo que expresa una forma en donde fluye o cómo fluye la información. Este es el lado derecho, este es el lado izquierdo. Mientras voy a dejar polarizando esa agua. Me dice, sostén el sanabaite escrito con la mano izquierda y sostén con la mano derecha el vaso de vidrio con agua. Y me dice, intencionar la transmisión, efecto izquierdo-derecho. Esto es un ciclo típico, arquetípico del cuerpo. La mano izquierda recibe, la mano izquierda emite. Aunque se puede hacer de ambas formas, lo clásico, lo típico es así. Durante de uno a tres minutos. ¿Qué voy a hacer? Bueno, y después me dice, vas a ingerir el sanabaite, pero vas a hacerlo con todos los sentidos. Huele el agua, degusta el agua, siente cómo fluye y cambia la información en tu cuerpo. Si este es el sanabaite del lado derecho, del riñón derecho, yo lo puedo tocar, lo puedo sostener, inclusive nada más pudiera verlo. Pero como lo quiero hacer, como dicen todos los pasos clásicos, lo sostengo con la izquierda. Inclusive si quiero hacerlo muy técnico, lo coloco en mi chacra de la recepción. Con mi chacra emisor, que es la mano derecha, tomo conciencia del proceso. Dice de uno a tres minutos por decir algo, realmente es un ratín, ¿no? Capto qué hay aquí, tomo conciencia. Aquí hay una información que en el riñón derecho, que sufre de insuficiencia renal, hay un cambio de información. Ese cambio de información es este símbolo. Y esta información específica del cambio de información en ese lugar que sufre eso, vamos a colocarlo en esta agua. Esta agua va a circular por todo el sistema de Sandra Gabriela, y al circular por su sistema llevará en todos los sentidos y a todos los aspectos esta información circulante. Claro que después de unas horas, más o menos unas tres o cuatro horas, el efecto se pierde. ¿Qué hay que hacer? Resintonizar. Entonces yo aquí intenciono el flujo. Una cosa típica para meter y sacar información es lo inhalo, siento cómo esta información pasa a través de mí, y cómo yo al exhalar la implanto acá. Repi…"
curso-holobiomagnetismo-parte-1::004,curso-holobiomagnetismo-parte-1,Curso Holobiomagnetismo Parte 1,Salud,salud__holobiomagnetismo_parte_1__modulo_3,25,intervention,33,38,/Users/m2/Documents/New project/data/processed_library/Salud/curso-holobiomagnetismo-parte-1/sources/transcripcion_completa.txt,"lo mejor posible, especialmente con nuestra intención. Ya tengo aquí esto escrito. Esto es un código. Las letras, el solecito, es un código de información. Letras que expresan una idea y un símbolo que expresa una forma en donde fluye o cómo fluye la información. Este es el lado derecho, este es el lado izquierdo. Mientras voy a dejar polarizando esa agua. Me dice, sostén el sanabaite escrito con la mano izquierda y sostén con la mano derecha el vaso de vidrio con agua. Y me dice, intencionar la transmisión, efecto izquierdo-derecho. Esto es un ciclo típico, arquetípico del cuerpo. La mano izquierda recibe, la mano izquierda emite. Aunque se puede hacer de ambas formas, lo clásico, lo típico es así. Durante de uno a tres minutos. ¿Qué voy a hacer? Bueno, y después me dice, vas a ingerir el sanabaite, pero vas a hacerlo con todos los sentidos. Huele el agua, degusta el agua, siente cómo fluye y cambia la información en tu cuerpo. Si este es el sanabaite del lado derecho, del riñón derecho, yo lo puedo tocar, lo puedo sostener, inclusive nada más pudiera verlo. Pero como lo quiero hacer, como dicen todos los pasos clásicos, lo sostengo con la izquierda. Inclusive si quiero hacerlo muy técnico, lo coloco en mi chacra de la recepción. Con mi chacra emisor, que es la mano derecha, tomo conciencia del proceso. Dice de uno a tres minutos por decir algo, realmente es un ratín, ¿no? Capto qué hay aquí, tomo conciencia. Aquí hay una información que en el riñón derecho, que sufre de insuficiencia renal, hay un cambio de información. Ese cambio de información es este símbolo. Y esta información específica del cambio de información en ese lugar que sufre eso, vamos a colocarlo en esta agua. Esta agua va a circular por todo el sistema de Sandra Gabriela, y al circular por su sistema llevará en todos los sentidos y a todos los aspectos esta información circulante. Claro que después de unas horas, más o menos unas tres o cuatro horas, el efecto se pierde. ¿Qué hay que hacer? Resintonizar. Entonces yo aquí intenciono el flujo. Una cosa típica para meter y sacar información es lo inhalo, siento cómo esta información pasa a través de mí, y cómo yo al exhalar la implanto acá. Repi…"
curso-holobiomagnetismo-parte-1::004,curso-holobiomagnetismo-parte-1,Curso Holobiomagnetismo Parte 1,Salud,salud__holobiomagnetismo_parte_1__modulo_3,25,setup,33,38,/Users/m2/Documents/New project/data/processed_library/Salud/curso-holobiomagnetismo-parte-1/sources/transcripcion_completa.txt,"lo mejor posible, especialmente con nuestra intención. Ya tengo aquí esto escrito. Esto es un código. Las letras, el solecito, es un código de información. Letras que expresan una idea y un símbolo que expresa una forma en donde fluye o cómo fluye la información. Este es el lado derecho, este es el lado izquierdo. Mientras voy a dejar polarizando esa agua. Me dice, sostén el sanabaite escrito con la mano izquierda y sostén con la mano derecha el vaso de vidrio con agua. Y me dice, intencionar la transmisión, efecto izquierdo-derecho. Esto es un ciclo típico, arquetípico del cuerpo. La mano izquierda recibe, la mano izquierda emite. Aunque se puede hacer de ambas formas, lo clásico, lo típico es así. Durante de uno a tres minutos. ¿Qué voy a hacer? Bueno, y después me dice, vas a ingerir el sanabaite, pero vas a hacerlo con todos los sentidos. Huele el agua, degusta el agua, siente cómo fluye y cambia la información en tu cuerpo. Si este es el sanabaite del lado derecho, del riñón derecho, yo lo puedo tocar, lo puedo sostener, inclusive nada más pudiera verlo. Pero como lo quiero hacer, como dicen todos los pasos clásicos, lo sostengo con la izquierda. Inclusive si quiero hacerlo muy técnico, lo coloco en mi chacra de la recepción. Con mi chacra emisor, que es la mano derecha, tomo conciencia del proceso. Dice de uno a tres minutos por decir algo, realmente es un ratín, ¿no? Capto qué hay aquí, tomo conciencia. Aquí hay una información que en el riñón derecho, que sufre de insuficiencia renal, hay un cambio de información. Ese cambio de información es este símbolo. Y esta información específica del cambio de información en ese lugar que sufre eso, vamos a colocarlo en esta agua. Esta agua va a circular por todo el sistema de Sandra Gabriela, y al circular por su sistema llevará en todos los sentidos y a todos los aspectos esta información circulante. Claro que después de unas horas, más o menos unas tres o cuatro horas, el efecto se pierde. ¿Qué hay que hacer? Resintonizar. Entonces yo aquí intenciono el flujo. Una cosa típica para meter y sacar información es lo inhalo, siento cómo esta información pasa a través de mí, y cómo yo al exhalar la implanto acá. Repi…"
curso-holobiomagnetismo-parte-1::004,curso-holobiomagnetismo-parte-1,Curso Holobiomagnetismo Parte 1,Salud,salud__holobiomagnetismo_parte_1__modulo_3,25,systemic_analysis,33,38,/Users/m2/Documents/New project/data/processed_library/Salud/curso-holobiomagnetismo-parte-1/sources/transcripcion_completa.txt,"lo mejor posible, especialmente con nuestra intención. Ya tengo aquí esto escrito. Esto es un código. Las letras, el solecito, es un código de información. Letras que expresan una idea y un símbolo que expresa una forma en donde fluye o cómo fluye la información. Este es el lado derecho, este es el lado izquierdo. Mientras voy a dejar polarizando esa agua. Me dice, sostén el sanabaite escrito con la mano izquierda y sostén con la mano derecha el vaso de vidrio con agua. Y me dice, intencionar la transmisión, efecto izquierdo-derecho. Esto es un ciclo típico, arquetípico del cuerpo. La mano izquierda recibe, la mano izquierda emite. Aunque se puede hacer de ambas formas, lo clásico, lo típico es así. Durante de uno a tres minutos. ¿Qué voy a hacer? Bueno, y después me dice, vas a ingerir el sanabaite, pero vas a hacerlo con todos los sentidos. Huele el agua, degusta el agua, siente cómo fluye y cambia la información en tu cuerpo. Si este es el sanabaite del lado derecho, del riñón derecho, yo lo puedo tocar, lo puedo sostener, inclusive nada más pudiera verlo. Pero como lo quiero hacer, como dicen todos los pasos clásicos, lo sostengo con la izquierda. Inclusive si quiero hacerlo muy técnico, lo coloco en mi chacra de la recepción. Con mi chacra emisor, que es la mano derecha, tomo conciencia del proceso. Dice de uno a tres minutos por decir algo, realmente es un ratín, ¿no? Capto qué hay aquí, tomo conciencia. Aquí hay una información que en el riñón derecho, que sufre de insuficiencia renal, hay un cambio de información. Ese cambio de información es este símbolo. Y esta información específica del cambio de información en ese lugar que sufre eso, vamos a colocarlo en esta agua. Esta agua va a circular por todo el sistema de Sandra Gabriela, y al circular por su sistema llevará en todos los sentidos y a todos los aspectos esta información circulante. Claro que después de unas horas, más o menos unas tres o cuatro horas, el efecto se pierde. ¿Qué hay que hacer? Resintonizar. Entonces yo aquí intenciono el flujo. Una cosa típica para meter y sacar información es lo inhalo, siento cómo esta información pasa a través de mí, y cómo yo al exhalar la implanto acá. Repi…"
curso-holobiomagnetismo-parte-1::011,curso-holobiomagnetismo-parte-1,Curso Holobiomagnetismo Parte 1,Salud,salud__holobiomagnetismo_parte_1__modulo_7,19,conflict_synthesis,78,84,/Users/m2/Documents/New project/data/processed_library/Salud/curso-holobiomagnetismo-parte-1/sources/transcripcion_completa.txt,"Va, probamos pronósticos, sí. Voy a poner aquí mi hojita, mi inventario global. El inventario global es eso que se ve en pantalla. En los protocolos, al final, la página 900 y pilo, creo. Esta alineación energética es una sola consulta, es decir, si yo voy a trabajar con un paciente, mi estilo de fórmula básica sería, llega el consultante, lo primero que hago es, antes de que me diga, no, que vengo esto, análisis sistémico, nombre completo, fecha de nacimiento, de papá, mamá, hijos, padres de los hijos, parejas significativas. Yo con eso, antes de que la persona me diga, vengo aquí, allá, lo que sea, yo busco cuál es la función que busca reparar más, función materna, función paterna o infancia. Ya que veo qué pedo, le pregunto, ahora sí, cuál crees tú que es tu motivo de consulta. No, pues tengo tales síntomas, dolor de aquí, diagnóstico de allá, alergia por allá, va. Ya que me dice los síntomas, pregunto las preguntas de ley. ¿A partir de qué edad tuya empieza este dolor, este padecimiento? ¿Cuál es la frecuencia de molestia? ¿Es diario, veces por semana, algunas veces en el año? Características de eso, a esa pregunta a veces no aplica. Si me dice, tengo un dolor en un lugar, sí aplica, porque ese dolor puede ser quema, pica, pulsa, ¿cómo es el dolor? Si me dice dolor de rodilla, ¿cuál sería la característica? No solamente la forma del dolor, sino también pues derecha o izquierda. Fecha aproximada de origen, frecuencia, características y por último, si la persona relaciona ese síntoma con algo. Siempre que es de noche, cuando es de mañana, después de comer cierta cosa, cuando siempre voy a un lugar, cuando estoy sentado, parado, castigado, etc. Si lo puede relacionar con algo. Eso se llama fecha de origen, frecuencia, características y factores que inhiben o estimulan. Es decir, ¿has notado que después de algo o con algo o comiendo algo o en un lugar el síntoma sube o baja? Esos son factores y pistas. Entonces ya tengo mi análisis sistémico para ver qué repara más, mamá, papá o infancia, y ya tengo sus motivos de consulta. A veces, nada más con eso, ya veo por dónde está el tema. Porque si quiere reparar más a papá, nadie nunca va a reparar a papá, aunque lo b…"
curso-holobiomagnetismo-parte-1::011,curso-holobiomagnetismo-parte-1,Curso Holobiomagnetismo Parte 1,Salud,salud__holobiomagnetismo_parte_1__modulo_7,19,intake,78,84,/Users/m2/Documents/New project/data/processed_library/Salud/curso-holobiomagnetismo-parte-1/sources/transcripcion_completa.txt,"Va, probamos pronósticos, sí. Voy a poner aquí mi hojita, mi inventario global. El inventario global es eso que se ve en pantalla. En los protocolos, al final, la página 900 y pilo, creo. Esta alineación energética es una sola consulta, es decir, si yo voy a trabajar con un paciente, mi estilo de fórmula básica sería, llega el consultante, lo primero que hago es, antes de que me diga, no, que vengo esto, análisis sistémico, nombre completo, fecha de nacimiento, de papá, mamá, hijos, padres de los hijos, parejas significativas. Yo con eso, antes de que la persona me diga, vengo aquí, allá, lo que sea, yo busco cuál es la función que busca reparar más, función materna, función paterna o infancia. Ya que veo qué pedo, le pregunto, ahora sí, cuál crees tú que es tu motivo de consulta. No, pues tengo tales síntomas, dolor de aquí, diagnóstico de allá, alergia por allá, va. Ya que me dice los síntomas, pregunto las preguntas de ley. ¿A partir de qué edad tuya empieza este dolor, este padecimiento? ¿Cuál es la frecuencia de molestia? ¿Es diario, veces por semana, algunas veces en el año? Características de eso, a esa pregunta a veces no aplica. Si me dice, tengo un dolor en un lugar, sí aplica, porque ese dolor puede ser quema, pica, pulsa, ¿cómo es el dolor? Si me dice dolor de rodilla, ¿cuál sería la característica? No solamente la forma del dolor, sino también pues derecha o izquierda. Fecha aproximada de origen, frecuencia, características y por último, si la persona relaciona ese síntoma con algo. Siempre que es de noche, cuando es de mañana, después de comer cierta cosa, cuando siempre voy a un lugar, cuando estoy sentado, parado, castigado, etc. Si lo puede relacionar con algo. Eso se llama fecha de origen, frecuencia, características y factores que inhiben o estimulan. Es decir, ¿has notado que después de algo o con algo o comiendo algo o en un lugar el síntoma sube o baja? Esos son factores y pistas. Entonces ya tengo mi análisis sistémico para ver qué repara más, mamá, papá o infancia, y ya tengo sus motivos de consulta. A veces, nada más con eso, ya veo por dónde está el tema. Porque si quiere reparar más a papá, nadie nunca va a reparar a papá, aunque lo b…"
curso-holobiomagnetismo-parte-1::011,curso-holobiomagnetismo-parte-1,Curso Holobiomagnetismo Parte 1,Salud,salud__holobiomagnetismo_parte_1__modulo_7,19,intervention,78,84,/Users/m2/Documents/New project/data/processed_library/Salud/curso-holobiomagnetismo-parte-1/sources/transcripcion_completa.txt,"Va, probamos pronósticos, sí. Voy a poner aquí mi hojita, mi inventario global. El inventario global es eso que se ve en pantalla. En los protocolos, al final, la página 900 y pilo, creo. Esta alineación energética es una sola consulta, es decir, si yo voy a trabajar con un paciente, mi estilo de fórmula básica sería, llega el consultante, lo primero que hago es, antes de que me diga, no, que vengo esto, análisis sistémico, nombre completo, fecha de nacimiento, de papá, mamá, hijos, padres de los hijos, parejas significativas. Yo con eso, antes de que la persona me diga, vengo aquí, allá, lo que sea, yo busco cuál es la función que busca reparar más, función materna, función paterna o infancia. Ya que veo qué pedo, le pregunto, ahora sí, cuál crees tú que es tu motivo de consulta. No, pues tengo tales síntomas, dolor de aquí, diagnóstico de allá, alergia por allá, va. Ya que me dice los síntomas, pregunto las preguntas de ley. ¿A partir de qué edad tuya empieza este dolor, este padecimiento? ¿Cuál es la frecuencia de molestia? ¿Es diario, veces por semana, algunas veces en el año? Características de eso, a esa pregunta a veces no aplica. Si me dice, tengo un dolor en un lugar, sí aplica, porque ese dolor puede ser quema, pica, pulsa, ¿cómo es el dolor? Si me dice dolor de rodilla, ¿cuál sería la característica? No solamente la forma del dolor, sino también pues derecha o izquierda. Fecha aproximada de origen, frecuencia, características y por último, si la persona relaciona ese síntoma con algo. Siempre que es de noche, cuando es de mañana, después de comer cierta cosa, cuando siempre voy a un lugar, cuando estoy sentado, parado, castigado, etc. Si lo puede relacionar con algo. Eso se llama fecha de origen, frecuencia, características y factores que inhiben o estimulan. Es decir, ¿has notado que después de algo o con algo o comiendo algo o en un lugar el síntoma sube o baja? Esos son factores y pistas. Entonces ya tengo mi análisis sistémico para ver qué repara más, mamá, papá o infancia, y ya tengo sus motivos de consulta. A veces, nada más con eso, ya veo por dónde está el tema. Porque si quiere reparar más a papá, nadie nunca va a reparar a papá, aunque lo b…"
curso-holobiomagnetismo-parte-1::011,curso-holobiomagnetismo-parte-1,Curso Holobiomagnetismo Parte 1,Salud,salud__holobiomagnetismo_parte_1__modulo_7,19,setup,78,84,/Users/m2/Documents/New project/data/processed_library/Salud/curso-holobiomagnetismo-parte-1/sources/transcripcion_completa.txt,"Va, probamos pronósticos, sí. Voy a poner aquí mi hojita, mi inventario global. El inventario global es eso que se ve en pantalla. En los protocolos, al final, la página 900 y pilo, creo. Esta alineación energética es una sola consulta, es decir, si yo voy a trabajar con un paciente, mi estilo de fórmula básica sería, llega el consultante, lo primero que hago es, antes de que me diga, no, que vengo esto, análisis sistémico, nombre completo, fecha de nacimiento, de papá, mamá, hijos, padres de los hijos, parejas significativas. Yo con eso, antes de que la persona me diga, vengo aquí, allá, lo que sea, yo busco cuál es la función que busca reparar más, función materna, función paterna o infancia. Ya que veo qué pedo, le pregunto, ahora sí, cuál crees tú que es tu motivo de consulta. No, pues tengo tales síntomas, dolor de aquí, diagnóstico de allá, alergia por allá, va. Ya que me dice los síntomas, pregunto las preguntas de ley. ¿A partir de qué edad tuya empieza este dolor, este padecimiento? ¿Cuál es la frecuencia de molestia? ¿Es diario, veces por semana, algunas veces en el año? Características de eso, a esa pregunta a veces no aplica. Si me dice, tengo un dolor en un lugar, sí aplica, porque ese dolor puede ser quema, pica, pulsa, ¿cómo es el dolor? Si me dice dolor de rodilla, ¿cuál sería la característica? No solamente la forma del dolor, sino también pues derecha o izquierda. Fecha aproximada de origen, frecuencia, características y por último, si la persona relaciona ese síntoma con algo. Siempre que es de noche, cuando es de mañana, después de comer cierta cosa, cuando siempre voy a un lugar, cuando estoy sentado, parado, castigado, etc. Si lo puede relacionar con algo. Eso se llama fecha de origen, frecuencia, características y factores que inhiben o estimulan. Es decir, ¿has notado que después de algo o con algo o comiendo algo o en un lugar el síntoma sube o baja? Esos son factores y pistas. Entonces ya tengo mi análisis sistémico para ver qué repara más, mamá, papá o infancia, y ya tengo sus motivos de consulta. A veces, nada más con eso, ya veo por dónde está el tema. Porque si quiere reparar más a papá, nadie nunca va a reparar a papá, aunque lo b…"
curso-holobiomagnetismo-parte-1::011,curso-holobiomagnetismo-parte-1,Curso Holobiomagnetismo Parte 1,Salud,salud__holobiomagnetismo_parte_1__modulo_7,19,systemic_analysis,78,84,/Users/m2/Documents/New project/data/processed_library/Salud/curso-holobiomagnetismo-parte-1/sources/transcripcion_completa.txt,"Va, probamos pronósticos, sí. Voy a poner aquí mi hojita, mi inventario global. El inventario global es eso que se ve en pantalla. En los protocolos, al final, la página 900 y pilo, creo. Esta alineación energética es una sola consulta, es decir, si yo voy a trabajar con un paciente, mi estilo de fórmula básica sería, llega el consultante, lo primero que hago es, antes de que me diga, no, que vengo esto, análisis sistémico, nombre completo, fecha de nacimiento, de papá, mamá, hijos, padres de los hijos, parejas significativas. Yo con eso, antes de que la persona me diga, vengo aquí, allá, lo que sea, yo busco cuál es la función que busca reparar más, función materna, función paterna o infancia. Ya que veo qué pedo, le pregunto, ahora sí, cuál crees tú que es tu motivo de consulta. No, pues tengo tales síntomas, dolor de aquí, diagnóstico de allá, alergia por allá, va. Ya que me dice los síntomas, pregunto las preguntas de ley. ¿A partir de qué edad tuya empieza este dolor, este padecimiento? ¿Cuál es la frecuencia de molestia? ¿Es diario, veces por semana, algunas veces en el año? Características de eso, a esa pregunta a veces no aplica. Si me dice, tengo un dolor en un lugar, sí aplica, porque ese dolor puede ser quema, pica, pulsa, ¿cómo es el dolor? Si me dice dolor de rodilla, ¿cuál sería la característica? No solamente la forma del dolor, sino también pues derecha o izquierda. Fecha aproximada de origen, frecuencia, características y por último, si la persona relaciona ese síntoma con algo. Siempre que es de noche, cuando es de mañana, después de comer cierta cosa, cuando siempre voy a un lugar, cuando estoy sentado, parado, castigado, etc. Si lo puede relacionar con algo. Eso se llama fecha de origen, frecuencia, características y factores que inhiben o estimulan. Es decir, ¿has notado que después de algo o con algo o comiendo algo o en un lugar el síntoma sube o baja? Esos son factores y pistas. Entonces ya tengo mi análisis sistémico para ver qué repara más, mamá, papá o infancia, y ya tengo sus motivos de consulta. A veces, nada más con eso, ya veo por dónde está el tema. Porque si quiere reparar más a papá, nadie nunca va a reparar a papá, aunque lo b…"
curso-holobiomagnetismo-parte-2::002,curso-holobiomagnetismo-parte-2,Curso Holobiomagnetismo Parte 2,Salud,salud__holobiomagnetismo_parte_2__modulo_2,72,conflict_synthesis,11,24,/Users/m2/Documents/New project/data/processed_library/Salud/curso-holobiomagnetismo-parte-2/sources/transcripcion_completa.txt,"Él está entre un lado y otro, pero... Ahora, algo que me resulta curioso son los nombres. ¿Tú eres mexicana? ¿Tus papás son mexicanos? Feliciano y Epifanía son nombres no comunes, pero todavía te los paso. José Ángel, Luis Eduardo, claro que sí. Pero las mujeres de la familia, la primera y la última, Armira y Leonides Marahín, ahí hay algo muy curioso. ¿Por qué los hombres tienen nombres comunes y las mujeres tienen nombres...? Armira nunca la había escuchado. ¿Puedo hacer...? Pues es tu terapia, claro que sí. Hay una hermana, una hermana muy pequeña y es como la que... ¿Tal vez por eso la que ni me la mencionaste? ¿Ella antes de quién ha estado? ¿Después de quién? Antes de Leonides Marahín. Ok. ¿Tienes fechas de algo de esa hermana? Se llama María Félix. Ok. ¿Y recuerdas algo de fechas de ella? La verdad es que sí, lo dudo. Pero ella sí alcanzó a nacer y murió a los pocos días, ¿o cómo fue? Iba a cumplir un año. Iba a cumplir un año. Pero ya nunca volvió a nacer. Muchos años antes de que... Porque entre Luis Eduardo, del 77, y Leonides hay ocho años. En esos ocho años... ¿Luis Eduardo es del 77? Pues ya te está mal. Eres... Es que como no soy del registro civil no sé, Reina. ¿Leonides me dijiste que es del 85? Mi hermana sí es del 1985. ¿Y Luis Eduardo es del 77? Entre Eduardo y Marahín está María Félix. Yo sé. La pregunta es, entre Luis Eduardo del 77 y Leonides hay ocho años de distancia. Ok. La pregunta es, ¿María Félix habrá sido muchos años antes de Leonides o no tanto? No. Como dos. Como dos. Entonces Leonides es posiblemente una bebé de reemplazo. ¿Qué? Tú no estás aquí. Ok. Entonces tenemos que Leonides es doble de mamá, doble de papá, posible bebé de reemplazo. Ok. Híjole, la que ocupaba terapia era tu hermana, pero bueno, ya te tocó a ti. Hace ratito me dice su hermana, ¿qué crees? Mi hermana nunca había venido a estas jaladas, la traje de los pelos y me dijo, yo no voy por el curso, voy por la terapia. Y sale la primera. Eso es buena capacidad de manifestación, asmirá. Ahora manifiestanos un millón de dólares. Muy bien. Aquí vemos que, checa, el excluido que es Luis Eduardo, porque José Ángel es doble de la mamá, tú eres un intento de reparación de…"
curso-holobiomagnetismo-parte-2::002,curso-holobiomagnetismo-parte-2,Curso Holobiomagnetismo Parte 2,Salud,salud__holobiomagnetismo_parte_2__modulo_2,72,intake,11,24,/Users/m2/Documents/New project/data/processed_library/Salud/curso-holobiomagnetismo-parte-2/sources/transcripcion_completa.txt,"Él está entre un lado y otro, pero... Ahora, algo que me resulta curioso son los nombres. ¿Tú eres mexicana? ¿Tus papás son mexicanos? Feliciano y Epifanía son nombres no comunes, pero todavía te los paso. José Ángel, Luis Eduardo, claro que sí. Pero las mujeres de la familia, la primera y la última, Armira y Leonides Marahín, ahí hay algo muy curioso. ¿Por qué los hombres tienen nombres comunes y las mujeres tienen nombres...? Armira nunca la había escuchado. ¿Puedo hacer...? Pues es tu terapia, claro que sí. Hay una hermana, una hermana muy pequeña y es como la que... ¿Tal vez por eso la que ni me la mencionaste? ¿Ella antes de quién ha estado? ¿Después de quién? Antes de Leonides Marahín. Ok. ¿Tienes fechas de algo de esa hermana? Se llama María Félix. Ok. ¿Y recuerdas algo de fechas de ella? La verdad es que sí, lo dudo. Pero ella sí alcanzó a nacer y murió a los pocos días, ¿o cómo fue? Iba a cumplir un año. Iba a cumplir un año. Pero ya nunca volvió a nacer. Muchos años antes de que... Porque entre Luis Eduardo, del 77, y Leonides hay ocho años. En esos ocho años... ¿Luis Eduardo es del 77? Pues ya te está mal. Eres... Es que como no soy del registro civil no sé, Reina. ¿Leonides me dijiste que es del 85? Mi hermana sí es del 1985. ¿Y Luis Eduardo es del 77? Entre Eduardo y Marahín está María Félix. Yo sé. La pregunta es, entre Luis Eduardo del 77 y Leonides hay ocho años de distancia. Ok. La pregunta es, ¿María Félix habrá sido muchos años antes de Leonides o no tanto? No. Como dos. Como dos. Entonces Leonides es posiblemente una bebé de reemplazo. ¿Qué? Tú no estás aquí. Ok. Entonces tenemos que Leonides es doble de mamá, doble de papá, posible bebé de reemplazo. Ok. Híjole, la que ocupaba terapia era tu hermana, pero bueno, ya te tocó a ti. Hace ratito me dice su hermana, ¿qué crees? Mi hermana nunca había venido a estas jaladas, la traje de los pelos y me dijo, yo no voy por el curso, voy por la terapia. Y sale la primera. Eso es buena capacidad de manifestación, asmirá. Ahora manifiestanos un millón de dólares. Muy bien. Aquí vemos que, checa, el excluido que es Luis Eduardo, porque José Ángel es doble de la mamá, tú eres un intento de reparación de…"
curso-holobiomagnetismo-parte-2::002,curso-holobiomagnetismo-parte-2,Curso Holobiomagnetismo Parte 2,Salud,salud__holobiomagnetismo_parte_2__modulo_2,72,intervention,11,24,/Users/m2/Documents/New project/data/processed_library/Salud/curso-holobiomagnetismo-parte-2/sources/transcripcion_completa.txt,"Él está entre un lado y otro, pero... Ahora, algo que me resulta curioso son los nombres. ¿Tú eres mexicana? ¿Tus papás son mexicanos? Feliciano y Epifanía son nombres no comunes, pero todavía te los paso. José Ángel, Luis Eduardo, claro que sí. Pero las mujeres de la familia, la primera y la última, Armira y Leonides Marahín, ahí hay algo muy curioso. ¿Por qué los hombres tienen nombres comunes y las mujeres tienen nombres...? Armira nunca la había escuchado. ¿Puedo hacer...? Pues es tu terapia, claro que sí. Hay una hermana, una hermana muy pequeña y es como la que... ¿Tal vez por eso la que ni me la mencionaste? ¿Ella antes de quién ha estado? ¿Después de quién? Antes de Leonides Marahín. Ok. ¿Tienes fechas de algo de esa hermana? Se llama María Félix. Ok. ¿Y recuerdas algo de fechas de ella? La verdad es que sí, lo dudo. Pero ella sí alcanzó a nacer y murió a los pocos días, ¿o cómo fue? Iba a cumplir un año. Iba a cumplir un año. Pero ya nunca volvió a nacer. Muchos años antes de que... Porque entre Luis Eduardo, del 77, y Leonides hay ocho años. En esos ocho años... ¿Luis Eduardo es del 77? Pues ya te está mal. Eres... Es que como no soy del registro civil no sé, Reina. ¿Leonides me dijiste que es del 85? Mi hermana sí es del 1985. ¿Y Luis Eduardo es del 77? Entre Eduardo y Marahín está María Félix. Yo sé. La pregunta es, entre Luis Eduardo del 77 y Leonides hay ocho años de distancia. Ok. La pregunta es, ¿María Félix habrá sido muchos años antes de Leonides o no tanto? No. Como dos. Como dos. Entonces Leonides es posiblemente una bebé de reemplazo. ¿Qué? Tú no estás aquí. Ok. Entonces tenemos que Leonides es doble de mamá, doble de papá, posible bebé de reemplazo. Ok. Híjole, la que ocupaba terapia era tu hermana, pero bueno, ya te tocó a ti. Hace ratito me dice su hermana, ¿qué crees? Mi hermana nunca había venido a estas jaladas, la traje de los pelos y me dijo, yo no voy por el curso, voy por la terapia. Y sale la primera. Eso es buena capacidad de manifestación, asmirá. Ahora manifiestanos un millón de dólares. Muy bien. Aquí vemos que, checa, el excluido que es Luis Eduardo, porque José Ángel es doble de la mamá, tú eres un intento de reparación de…"
curso-holobiomagnetismo-parte-2::002,curso-holobiomagnetismo-parte-2,Curso Holobiomagnetismo Parte 2,Salud,salud__holobiomagnetismo_parte_2__modulo_2,72,systemic_analysis,11,24,/Users/m2/Documents/New project/data/processed_library/Salud/curso-holobiomagnetismo-parte-2/sources/transcripcion_completa.txt,"Él está entre un lado y otro, pero... Ahora, algo que me resulta curioso son los nombres. ¿Tú eres mexicana? ¿Tus papás son mexicanos? Feliciano y Epifanía son nombres no comunes, pero todavía te los paso. José Ángel, Luis Eduardo, claro que sí. Pero las mujeres de la familia, la primera y la última, Armira y Leonides Marahín, ahí hay algo muy curioso. ¿Por qué los hombres tienen nombres comunes y las mujeres tienen nombres...? Armira nunca la había escuchado. ¿Puedo hacer...? Pues es tu terapia, claro que sí. Hay una hermana, una hermana muy pequeña y es como la que... ¿Tal vez por eso la que ni me la mencionaste? ¿Ella antes de quién ha estado? ¿Después de quién? Antes de Leonides Marahín. Ok. ¿Tienes fechas de algo de esa hermana? Se llama María Félix. Ok. ¿Y recuerdas algo de fechas de ella? La verdad es que sí, lo dudo. Pero ella sí alcanzó a nacer y murió a los pocos días, ¿o cómo fue? Iba a cumplir un año. Iba a cumplir un año. Pero ya nunca volvió a nacer. Muchos años antes de que... Porque entre Luis Eduardo, del 77, y Leonides hay ocho años. En esos ocho años... ¿Luis Eduardo es del 77? Pues ya te está mal. Eres... Es que como no soy del registro civil no sé, Reina. ¿Leonides me dijiste que es del 85? Mi hermana sí es del 1985. ¿Y Luis Eduardo es del 77? Entre Eduardo y Marahín está María Félix. Yo sé. La pregunta es, entre Luis Eduardo del 77 y Leonides hay ocho años de distancia. Ok. La pregunta es, ¿María Félix habrá sido muchos años antes de Leonides o no tanto? No. Como dos. Como dos. Entonces Leonides es posiblemente una bebé de reemplazo. ¿Qué? Tú no estás aquí. Ok. Entonces tenemos que Leonides es doble de mamá, doble de papá, posible bebé de reemplazo. Ok. Híjole, la que ocupaba terapia era tu hermana, pero bueno, ya te tocó a ti. Hace ratito me dice su hermana, ¿qué crees? Mi hermana nunca había venido a estas jaladas, la traje de los pelos y me dijo, yo no voy por el curso, voy por la terapia. Y sale la primera. Eso es buena capacidad de manifestación, asmirá. Ahora manifiestanos un millón de dólares. Muy bien. Aquí vemos que, checa, el excluido que es Luis Eduardo, porque José Ángel es doble de la mamá, tú eres un intento de reparación de…"
curso-holobiomagnetismo-parte-2::002,curso-holobiomagnetismo-parte-2,Curso Holobiomagnetismo Parte 2,Salud,salud__holobiomagnetismo_parte_2__modulo_2,72,tasks_and_closure,11,24,/Users/m2/Documents/New project/data/processed_library/Salud/curso-holobiomagnetismo-parte-2/sources/transcripcion_completa.txt,"Él está entre un lado y otro, pero... Ahora, algo que me resulta curioso son los nombres. ¿Tú eres mexicana? ¿Tus papás son mexicanos? Feliciano y Epifanía son nombres no comunes, pero todavía te los paso. José Ángel, Luis Eduardo, claro que sí. Pero las mujeres de la familia, la primera y la última, Armira y Leonides Marahín, ahí hay algo muy curioso. ¿Por qué los hombres tienen nombres comunes y las mujeres tienen nombres...? Armira nunca la había escuchado. ¿Puedo hacer...? Pues es tu terapia, claro que sí. Hay una hermana, una hermana muy pequeña y es como la que... ¿Tal vez por eso la que ni me la mencionaste? ¿Ella antes de quién ha estado? ¿Después de quién? Antes de Leonides Marahín. Ok. ¿Tienes fechas de algo de esa hermana? Se llama María Félix. Ok. ¿Y recuerdas algo de fechas de ella? La verdad es que sí, lo dudo. Pero ella sí alcanzó a nacer y murió a los pocos días, ¿o cómo fue? Iba a cumplir un año. Iba a cumplir un año. Pero ya nunca volvió a nacer. Muchos años antes de que... Porque entre Luis Eduardo, del 77, y Leonides hay ocho años. En esos ocho años... ¿Luis Eduardo es del 77? Pues ya te está mal. Eres... Es que como no soy del registro civil no sé, Reina. ¿Leonides me dijiste que es del 85? Mi hermana sí es del 1985. ¿Y Luis Eduardo es del 77? Entre Eduardo y Marahín está María Félix. Yo sé. La pregunta es, entre Luis Eduardo del 77 y Leonides hay ocho años de distancia. Ok. La pregunta es, ¿María Félix habrá sido muchos años antes de Leonides o no tanto? No. Como dos. Como dos. Entonces Leonides es posiblemente una bebé de reemplazo. ¿Qué? Tú no estás aquí. Ok. Entonces tenemos que Leonides es doble de mamá, doble de papá, posible bebé de reemplazo. Ok. Híjole, la que ocupaba terapia era tu hermana, pero bueno, ya te tocó a ti. Hace ratito me dice su hermana, ¿qué crees? Mi hermana nunca había venido a estas jaladas, la traje de los pelos y me dijo, yo no voy por el curso, voy por la terapia. Y sale la primera. Eso es buena capacidad de manifestación, asmirá. Ahora manifiestanos un millón de dólares. Muy bien. Aquí vemos que, checa, el excluido que es Luis Eduardo, porque José Ángel es doble de la mamá, tú eres un intento de reparación de…"
curso-holobiomagnetismo-parte-2::001,curso-holobiomagnetismo-parte-2,Curso Holobiomagnetismo Parte 2,Salud,salud__holobiomagnetismo_parte_2__modulo_1,44,conflict_synthesis,1,9,/Users/m2/Documents/New project/data/processed_library/Salud/curso-holobiomagnetismo-parte-2/sources/transcripcion_completa.txt,"a lo largo de los últimos cuatro cursos, ¿verdad? Lo que fue Psicosomática Bioscrificación 1, que es donde vimos campos de distorsión, 2 donde vimos estrategias de descarga, el curso pasado de Ologiomagnetismo 1, que fue la parte bioenergética, y este que es la parte psicosomática, ¿vale? Se me hace que no tomaron los anteriores, ¿verdad? ¿Sí? ¿Hay alguien que no? No. No, bueno, pues de tarea. Porque hay muchos conceptos bastante avanzados que posiblemente no me entiendan y no me voy a estar regresando mucho, entonces tal vez si algo se les hace muy avanzado, pues chequen de tarea. Voy a comenzar con teoría y después va a ser pura práctica. ¿Qué práctica? Voy a pasar gente al frente, voy a hacer un rastreo en el supraconsciente de los que están aquí presentes para que veamos a quién pasamos de ustedes y les hacemos la terapia completa, ¿vale? En esta terapia completa les vamos a hacer pues la mecánica como hago yo las sesiones de consulta. Yo en mis consultas, aquí no van a durar dos horas como en mis consultas normales, ¿verdad? Porque no daría tiempo, pero sí haré una versión acelerada de cómo yo doy las consultas y diría, ¿sabes qué? En tu caso hay que hacer esto por acá, por aquí, por allá y la persona se va a llevar un montón de tareas para que sepa por dónde va la cosa. ¿Cómo hago la sesión? Muy sencillo, hago un análisis sistémico rápido en base a saber fechas de nacimiento de mamá, de papá, de hijos, del padre o madre de los hijos y las parejas significativas. Parejas significativas es donde hubo mucho amor, mucho dolor, mucho tiempo o fue el primer amor, ¿verdad? Así que si alguien no tiene esas fechas así como que de memoria, en el break, que es como a las 12, 12 y media, será un muy buen momento para que las consiguiera. Por si le toca, ¿verdad? Porque va a ser por papelitos. ¿Cómo va esa hoja de papelitos? Ah, Anabel iba a pasar con una hojita. Ahorita ya que, si quieres, en un ratito, flaca, para que todos, para que no te tengan así bailando, en un ratito que terminen, ya pasas. En un papelito nada más ocupo que pongan Jorge C., Adela H., etc. ¿Vale? Con esos papelitos los voy a colocar en la mesa y con una elección del supraconsciente en base al p…"
curso-holobiomagnetismo-parte-2::001,curso-holobiomagnetismo-parte-2,Curso Holobiomagnetismo Parte 2,Salud,salud__holobiomagnetismo_parte_2__modulo_1,44,intake,1,9,/Users/m2/Documents/New project/data/processed_library/Salud/curso-holobiomagnetismo-parte-2/sources/transcripcion_completa.txt,"a lo largo de los últimos cuatro cursos, ¿verdad? Lo que fue Psicosomática Bioscrificación 1, que es donde vimos campos de distorsión, 2 donde vimos estrategias de descarga, el curso pasado de Ologiomagnetismo 1, que fue la parte bioenergética, y este que es la parte psicosomática, ¿vale? Se me hace que no tomaron los anteriores, ¿verdad? ¿Sí? ¿Hay alguien que no? No. No, bueno, pues de tarea. Porque hay muchos conceptos bastante avanzados que posiblemente no me entiendan y no me voy a estar regresando mucho, entonces tal vez si algo se les hace muy avanzado, pues chequen de tarea. Voy a comenzar con teoría y después va a ser pura práctica. ¿Qué práctica? Voy a pasar gente al frente, voy a hacer un rastreo en el supraconsciente de los que están aquí presentes para que veamos a quién pasamos de ustedes y les hacemos la terapia completa, ¿vale? En esta terapia completa les vamos a hacer pues la mecánica como hago yo las sesiones de consulta. Yo en mis consultas, aquí no van a durar dos horas como en mis consultas normales, ¿verdad? Porque no daría tiempo, pero sí haré una versión acelerada de cómo yo doy las consultas y diría, ¿sabes qué? En tu caso hay que hacer esto por acá, por aquí, por allá y la persona se va a llevar un montón de tareas para que sepa por dónde va la cosa. ¿Cómo hago la sesión? Muy sencillo, hago un análisis sistémico rápido en base a saber fechas de nacimiento de mamá, de papá, de hijos, del padre o madre de los hijos y las parejas significativas. Parejas significativas es donde hubo mucho amor, mucho dolor, mucho tiempo o fue el primer amor, ¿verdad? Así que si alguien no tiene esas fechas así como que de memoria, en el break, que es como a las 12, 12 y media, será un muy buen momento para que las consiguiera. Por si le toca, ¿verdad? Porque va a ser por papelitos. ¿Cómo va esa hoja de papelitos? Ah, Anabel iba a pasar con una hojita. Ahorita ya que, si quieres, en un ratito, flaca, para que todos, para que no te tengan así bailando, en un ratito que terminen, ya pasas. En un papelito nada más ocupo que pongan Jorge C., Adela H., etc. ¿Vale? Con esos papelitos los voy a colocar en la mesa y con una elección del supraconsciente en base al p…"
curso-holobiomagnetismo-parte-2::001,curso-holobiomagnetismo-parte-2,Curso Holobiomagnetismo Parte 2,Salud,salud__holobiomagnetismo_parte_2__modulo_1,44,intervention,1,9,/Users/m2/Documents/New project/data/processed_library/Salud/curso-holobiomagnetismo-parte-2/sources/transcripcion_completa.txt,"a lo largo de los últimos cuatro cursos, ¿verdad? Lo que fue Psicosomática Bioscrificación 1, que es donde vimos campos de distorsión, 2 donde vimos estrategias de descarga, el curso pasado de Ologiomagnetismo 1, que fue la parte bioenergética, y este que es la parte psicosomática, ¿vale? Se me hace que no tomaron los anteriores, ¿verdad? ¿Sí? ¿Hay alguien que no? No. No, bueno, pues de tarea. Porque hay muchos conceptos bastante avanzados que posiblemente no me entiendan y no me voy a estar regresando mucho, entonces tal vez si algo se les hace muy avanzado, pues chequen de tarea. Voy a comenzar con teoría y después va a ser pura práctica. ¿Qué práctica? Voy a pasar gente al frente, voy a hacer un rastreo en el supraconsciente de los que están aquí presentes para que veamos a quién pasamos de ustedes y les hacemos la terapia completa, ¿vale? En esta terapia completa les vamos a hacer pues la mecánica como hago yo las sesiones de consulta. Yo en mis consultas, aquí no van a durar dos horas como en mis consultas normales, ¿verdad? Porque no daría tiempo, pero sí haré una versión acelerada de cómo yo doy las consultas y diría, ¿sabes qué? En tu caso hay que hacer esto por acá, por aquí, por allá y la persona se va a llevar un montón de tareas para que sepa por dónde va la cosa. ¿Cómo hago la sesión? Muy sencillo, hago un análisis sistémico rápido en base a saber fechas de nacimiento de mamá, de papá, de hijos, del padre o madre de los hijos y las parejas significativas. Parejas significativas es donde hubo mucho amor, mucho dolor, mucho tiempo o fue el primer amor, ¿verdad? Así que si alguien no tiene esas fechas así como que de memoria, en el break, que es como a las 12, 12 y media, será un muy buen momento para que las consiguiera. Por si le toca, ¿verdad? Porque va a ser por papelitos. ¿Cómo va esa hoja de papelitos? Ah, Anabel iba a pasar con una hojita. Ahorita ya que, si quieres, en un ratito, flaca, para que todos, para que no te tengan así bailando, en un ratito que terminen, ya pasas. En un papelito nada más ocupo que pongan Jorge C., Adela H., etc. ¿Vale? Con esos papelitos los voy a colocar en la mesa y con una elección del supraconsciente en base al p…"
curso-holobiomagnetismo-parte-2::001,curso-holobiomagnetismo-parte-2,Curso Holobiomagnetismo Parte 2,Salud,salud__holobiomagnetismo_parte_2__modulo_1,44,setup,1,9,/Users/m2/Documents/New project/data/processed_library/Salud/curso-holobiomagnetismo-parte-2/sources/transcripcion_completa.txt,"a lo largo de los últimos cuatro cursos, ¿verdad? Lo que fue Psicosomática Bioscrificación 1, que es donde vimos campos de distorsión, 2 donde vimos estrategias de descarga, el curso pasado de Ologiomagnetismo 1, que fue la parte bioenergética, y este que es la parte psicosomática, ¿vale? Se me hace que no tomaron los anteriores, ¿verdad? ¿Sí? ¿Hay alguien que no? No. No, bueno, pues de tarea. Porque hay muchos conceptos bastante avanzados que posiblemente no me entiendan y no me voy a estar regresando mucho, entonces tal vez si algo se les hace muy avanzado, pues chequen de tarea. Voy a comenzar con teoría y después va a ser pura práctica. ¿Qué práctica? Voy a pasar gente al frente, voy a hacer un rastreo en el supraconsciente de los que están aquí presentes para que veamos a quién pasamos de ustedes y les hacemos la terapia completa, ¿vale? En esta terapia completa les vamos a hacer pues la mecánica como hago yo las sesiones de consulta. Yo en mis consultas, aquí no van a durar dos horas como en mis consultas normales, ¿verdad? Porque no daría tiempo, pero sí haré una versión acelerada de cómo yo doy las consultas y diría, ¿sabes qué? En tu caso hay que hacer esto por acá, por aquí, por allá y la persona se va a llevar un montón de tareas para que sepa por dónde va la cosa. ¿Cómo hago la sesión? Muy sencillo, hago un análisis sistémico rápido en base a saber fechas de nacimiento de mamá, de papá, de hijos, del padre o madre de los hijos y las parejas significativas. Parejas significativas es donde hubo mucho amor, mucho dolor, mucho tiempo o fue el primer amor, ¿verdad? Así que si alguien no tiene esas fechas así como que de memoria, en el break, que es como a las 12, 12 y media, será un muy buen momento para que las consiguiera. Por si le toca, ¿verdad? Porque va a ser por papelitos. ¿Cómo va esa hoja de papelitos? Ah, Anabel iba a pasar con una hojita. Ahorita ya que, si quieres, en un ratito, flaca, para que todos, para que no te tengan así bailando, en un ratito que terminen, ya pasas. En un papelito nada más ocupo que pongan Jorge C., Adela H., etc. ¿Vale? Con esos papelitos los voy a colocar en la mesa y con una elección del supraconsciente en base al p…"
curso-holobiomagnetismo-parte-2::001,curso-holobiomagnetismo-parte-2,Curso Holobiomagnetismo Parte 2,Salud,salud__holobiomagnetismo_parte_2__modulo_1,44,systemic_analysis,1,9,/Users/m2/Documents/New project/data/processed_library/Salud/curso-holobiomagnetismo-parte-2/sources/transcripcion_completa.txt,"a lo largo de los últimos cuatro cursos, ¿verdad? Lo que fue Psicosomática Bioscrificación 1, que es donde vimos campos de distorsión, 2 donde vimos estrategias de descarga, el curso pasado de Ologiomagnetismo 1, que fue la parte bioenergética, y este que es la parte psicosomática, ¿vale? Se me hace que no tomaron los anteriores, ¿verdad? ¿Sí? ¿Hay alguien que no? No. No, bueno, pues de tarea. Porque hay muchos conceptos bastante avanzados que posiblemente no me entiendan y no me voy a estar regresando mucho, entonces tal vez si algo se les hace muy avanzado, pues chequen de tarea. Voy a comenzar con teoría y después va a ser pura práctica. ¿Qué práctica? Voy a pasar gente al frente, voy a hacer un rastreo en el supraconsciente de los que están aquí presentes para que veamos a quién pasamos de ustedes y les hacemos la terapia completa, ¿vale? En esta terapia completa les vamos a hacer pues la mecánica como hago yo las sesiones de consulta. Yo en mis consultas, aquí no van a durar dos horas como en mis consultas normales, ¿verdad? Porque no daría tiempo, pero sí haré una versión acelerada de cómo yo doy las consultas y diría, ¿sabes qué? En tu caso hay que hacer esto por acá, por aquí, por allá y la persona se va a llevar un montón de tareas para que sepa por dónde va la cosa. ¿Cómo hago la sesión? Muy sencillo, hago un análisis sistémico rápido en base a saber fechas de nacimiento de mamá, de papá, de hijos, del padre o madre de los hijos y las parejas significativas. Parejas significativas es donde hubo mucho amor, mucho dolor, mucho tiempo o fue el primer amor, ¿verdad? Así que si alguien no tiene esas fechas así como que de memoria, en el break, que es como a las 12, 12 y media, será un muy buen momento para que las consiguiera. Por si le toca, ¿verdad? Porque va a ser por papelitos. ¿Cómo va esa hoja de papelitos? Ah, Anabel iba a pasar con una hojita. Ahorita ya que, si quieres, en un ratito, flaca, para que todos, para que no te tengan así bailando, en un ratito que terminen, ya pasas. En un papelito nada más ocupo que pongan Jorge C., Adela H., etc. ¿Vale? Con esos papelitos los voy a colocar en la mesa y con una elección del supraconsciente en base al p…"
curso-holobiomagnetismo-parte-2::007,curso-holobiomagnetismo-parte-2,Curso Holobiomagnetismo Parte 2,Salud,salud__holobiomagnetismo_parte_2__modulo_6,40,conflict_synthesis,62,70,/Users/m2/Documents/New project/data/processed_library/Salud/curso-holobiomagnetismo-parte-2/sources/transcripcion_completa.txt,"Entonces, el papá de mi hijo dice que no sabe por qué la fecha del 13 de agosto le pasan puras cosas malas. Pues sí, le pasó el inter entre él antes y el después. Entonces dice que el 13 de agosto se llama la calle donde vive, el día del accidente que despedazó el carro y se quedaba, casi perdió la vida, fue el 13 de agosto, su primera subnacución 13 de agosto y todo le ha pasado el 13 de agosto y un día me preguntó que no sabía por qué. El 13 de agosto hasta mi vieja le pasó encima. Ah, pero eso no lo sabe. Ay, yo espero que nunca vea este libro. No se sabe la fecha, pues, porque sabe que hubo alguien en el inter. Sí, mejor no le digas. No le dije la fecha. Mejor, mejor. Ahora, Eduardo Fuentes, que es tu hijo, es del 5 de octubre. Él es doble, doble de tío Eduardo por nombre, tío de, perdón, doble de tío José Ángel por fecha, y 5 de octubre, noviembre, diciembre, enero, 5 de enero, doble de la madre por fecha, y alguien más tengo de enero, estoy seguro. Mi hermana, el 26 de enero. José Carlos es del 5 de enero, también es doble de el señor José Carlos, y 26 de enero, su hermana, no, ya no, ya no da. Pero, de tu mamá, doble de Epifanía, no cállate, espérame. ¿Quieres que te caute un sueño? Tráeme a tu hijo Eduardo, el pobre, le estamos, dale, terapia doble de abuela materna Epifanía. Ay, Dios santo, tú estás como pareciente de la película de Coco, pero versión tú. Así es. Le vamos a poner Coca. Bueno, entonces, fíjate, todavía no llegamos a la noticia de consulta, pero ya no sé ni qué te vamos a hacer a ti, pero a ver, del puro análisis sistémico. Obvio, me voy a guardar unos secretos, pero cuando sea la de línea, porque no lo quiero en público. Con eso te digo todo. Por eso dice el punto presencial. No quieres ni que el internet supiera. Bueno, a ver, aquí ya empezamos a ver lo siguiente. Tú eres una bebé de reemplazo que inconscientemente fue diseñada. Es que tu papá es como un maestro genetista. Diseña a su muleta de la vejez, al parche de su culpa. Es un diseñador genético tu padre. Es un perfeccionista, es tan meticuloso, tan preciso. Ay, sí, las habrá hecho tan bien. No, no, no, no. En su forma de ser. ¿Los violos te hicieron feo? Yo lo estoy haciendo com…"
curso-holobiomagnetismo-parte-2::007,curso-holobiomagnetismo-parte-2,Curso Holobiomagnetismo Parte 2,Salud,salud__holobiomagnetismo_parte_2__modulo_6,40,intake,62,70,/Users/m2/Documents/New project/data/processed_library/Salud/curso-holobiomagnetismo-parte-2/sources/transcripcion_completa.txt,"Entonces, el papá de mi hijo dice que no sabe por qué la fecha del 13 de agosto le pasan puras cosas malas. Pues sí, le pasó el inter entre él antes y el después. Entonces dice que el 13 de agosto se llama la calle donde vive, el día del accidente que despedazó el carro y se quedaba, casi perdió la vida, fue el 13 de agosto, su primera subnacución 13 de agosto y todo le ha pasado el 13 de agosto y un día me preguntó que no sabía por qué. El 13 de agosto hasta mi vieja le pasó encima. Ah, pero eso no lo sabe. Ay, yo espero que nunca vea este libro. No se sabe la fecha, pues, porque sabe que hubo alguien en el inter. Sí, mejor no le digas. No le dije la fecha. Mejor, mejor. Ahora, Eduardo Fuentes, que es tu hijo, es del 5 de octubre. Él es doble, doble de tío Eduardo por nombre, tío de, perdón, doble de tío José Ángel por fecha, y 5 de octubre, noviembre, diciembre, enero, 5 de enero, doble de la madre por fecha, y alguien más tengo de enero, estoy seguro. Mi hermana, el 26 de enero. José Carlos es del 5 de enero, también es doble de el señor José Carlos, y 26 de enero, su hermana, no, ya no, ya no da. Pero, de tu mamá, doble de Epifanía, no cállate, espérame. ¿Quieres que te caute un sueño? Tráeme a tu hijo Eduardo, el pobre, le estamos, dale, terapia doble de abuela materna Epifanía. Ay, Dios santo, tú estás como pareciente de la película de Coco, pero versión tú. Así es. Le vamos a poner Coca. Bueno, entonces, fíjate, todavía no llegamos a la noticia de consulta, pero ya no sé ni qué te vamos a hacer a ti, pero a ver, del puro análisis sistémico. Obvio, me voy a guardar unos secretos, pero cuando sea la de línea, porque no lo quiero en público. Con eso te digo todo. Por eso dice el punto presencial. No quieres ni que el internet supiera. Bueno, a ver, aquí ya empezamos a ver lo siguiente. Tú eres una bebé de reemplazo que inconscientemente fue diseñada. Es que tu papá es como un maestro genetista. Diseña a su muleta de la vejez, al parche de su culpa. Es un diseñador genético tu padre. Es un perfeccionista, es tan meticuloso, tan preciso. Ay, sí, las habrá hecho tan bien. No, no, no, no. En su forma de ser. ¿Los violos te hicieron feo? Yo lo estoy haciendo com…"
curso-holobiomagnetismo-parte-2::007,curso-holobiomagnetismo-parte-2,Curso Holobiomagnetismo Parte 2,Salud,salud__holobiomagnetismo_parte_2__modulo_6,40,intervention,62,70,/Users/m2/Documents/New project/data/processed_library/Salud/curso-holobiomagnetismo-parte-2/sources/transcripcion_completa.txt,"Entonces, el papá de mi hijo dice que no sabe por qué la fecha del 13 de agosto le pasan puras cosas malas. Pues sí, le pasó el inter entre él antes y el después. Entonces dice que el 13 de agosto se llama la calle donde vive, el día del accidente que despedazó el carro y se quedaba, casi perdió la vida, fue el 13 de agosto, su primera subnacución 13 de agosto y todo le ha pasado el 13 de agosto y un día me preguntó que no sabía por qué. El 13 de agosto hasta mi vieja le pasó encima. Ah, pero eso no lo sabe. Ay, yo espero que nunca vea este libro. No se sabe la fecha, pues, porque sabe que hubo alguien en el inter. Sí, mejor no le digas. No le dije la fecha. Mejor, mejor. Ahora, Eduardo Fuentes, que es tu hijo, es del 5 de octubre. Él es doble, doble de tío Eduardo por nombre, tío de, perdón, doble de tío José Ángel por fecha, y 5 de octubre, noviembre, diciembre, enero, 5 de enero, doble de la madre por fecha, y alguien más tengo de enero, estoy seguro. Mi hermana, el 26 de enero. José Carlos es del 5 de enero, también es doble de el señor José Carlos, y 26 de enero, su hermana, no, ya no, ya no da. Pero, de tu mamá, doble de Epifanía, no cállate, espérame. ¿Quieres que te caute un sueño? Tráeme a tu hijo Eduardo, el pobre, le estamos, dale, terapia doble de abuela materna Epifanía. Ay, Dios santo, tú estás como pareciente de la película de Coco, pero versión tú. Así es. Le vamos a poner Coca. Bueno, entonces, fíjate, todavía no llegamos a la noticia de consulta, pero ya no sé ni qué te vamos a hacer a ti, pero a ver, del puro análisis sistémico. Obvio, me voy a guardar unos secretos, pero cuando sea la de línea, porque no lo quiero en público. Con eso te digo todo. Por eso dice el punto presencial. No quieres ni que el internet supiera. Bueno, a ver, aquí ya empezamos a ver lo siguiente. Tú eres una bebé de reemplazo que inconscientemente fue diseñada. Es que tu papá es como un maestro genetista. Diseña a su muleta de la vejez, al parche de su culpa. Es un diseñador genético tu padre. Es un perfeccionista, es tan meticuloso, tan preciso. Ay, sí, las habrá hecho tan bien. No, no, no, no. En su forma de ser. ¿Los violos te hicieron feo? Yo lo estoy haciendo com…"
curso-holobiomagnetismo-parte-2::007,curso-holobiomagnetismo-parte-2,Curso Holobiomagnetismo Parte 2,Salud,salud__holobiomagnetismo_parte_2__modulo_6,40,systemic_analysis,62,70,/Users/m2/Documents/New project/data/processed_library/Salud/curso-holobiomagnetismo-parte-2/sources/transcripcion_completa.txt,"Entonces, el papá de mi hijo dice que no sabe por qué la fecha del 13 de agosto le pasan puras cosas malas. Pues sí, le pasó el inter entre él antes y el después. Entonces dice que el 13 de agosto se llama la calle donde vive, el día del accidente que despedazó el carro y se quedaba, casi perdió la vida, fue el 13 de agosto, su primera subnacución 13 de agosto y todo le ha pasado el 13 de agosto y un día me preguntó que no sabía por qué. El 13 de agosto hasta mi vieja le pasó encima. Ah, pero eso no lo sabe. Ay, yo espero que nunca vea este libro. No se sabe la fecha, pues, porque sabe que hubo alguien en el inter. Sí, mejor no le digas. No le dije la fecha. Mejor, mejor. Ahora, Eduardo Fuentes, que es tu hijo, es del 5 de octubre. Él es doble, doble de tío Eduardo por nombre, tío de, perdón, doble de tío José Ángel por fecha, y 5 de octubre, noviembre, diciembre, enero, 5 de enero, doble de la madre por fecha, y alguien más tengo de enero, estoy seguro. Mi hermana, el 26 de enero. José Carlos es del 5 de enero, también es doble de el señor José Carlos, y 26 de enero, su hermana, no, ya no, ya no da. Pero, de tu mamá, doble de Epifanía, no cállate, espérame. ¿Quieres que te caute un sueño? Tráeme a tu hijo Eduardo, el pobre, le estamos, dale, terapia doble de abuela materna Epifanía. Ay, Dios santo, tú estás como pareciente de la película de Coco, pero versión tú. Así es. Le vamos a poner Coca. Bueno, entonces, fíjate, todavía no llegamos a la noticia de consulta, pero ya no sé ni qué te vamos a hacer a ti, pero a ver, del puro análisis sistémico. Obvio, me voy a guardar unos secretos, pero cuando sea la de línea, porque no lo quiero en público. Con eso te digo todo. Por eso dice el punto presencial. No quieres ni que el internet supiera. Bueno, a ver, aquí ya empezamos a ver lo siguiente. Tú eres una bebé de reemplazo que inconscientemente fue diseñada. Es que tu papá es como un maestro genetista. Diseña a su muleta de la vejez, al parche de su culpa. Es un diseñador genético tu padre. Es un perfeccionista, es tan meticuloso, tan preciso. Ay, sí, las habrá hecho tan bien. No, no, no, no. En su forma de ser. ¿Los violos te hicieron feo? Yo lo estoy haciendo com…"
curso-holobiomagnetismo-parte-2::007,curso-holobiomagnetismo-parte-2,Curso Holobiomagnetismo Parte 2,Salud,salud__holobiomagnetismo_parte_2__modulo_6,40,tasks_and_closure,62,70,/Users/m2/Documents/New project/data/processed_library/Salud/curso-holobiomagnetismo-parte-2/sources/transcripcion_completa.txt,"Entonces, el papá de mi hijo dice que no sabe por qué la fecha del 13 de agosto le pasan puras cosas malas. Pues sí, le pasó el inter entre él antes y el después. Entonces dice que el 13 de agosto se llama la calle donde vive, el día del accidente que despedazó el carro y se quedaba, casi perdió la vida, fue el 13 de agosto, su primera subnacución 13 de agosto y todo le ha pasado el 13 de agosto y un día me preguntó que no sabía por qué. El 13 de agosto hasta mi vieja le pasó encima. Ah, pero eso no lo sabe. Ay, yo espero que nunca vea este libro. No se sabe la fecha, pues, porque sabe que hubo alguien en el inter. Sí, mejor no le digas. No le dije la fecha. Mejor, mejor. Ahora, Eduardo Fuentes, que es tu hijo, es del 5 de octubre. Él es doble, doble de tío Eduardo por nombre, tío de, perdón, doble de tío José Ángel por fecha, y 5 de octubre, noviembre, diciembre, enero, 5 de enero, doble de la madre por fecha, y alguien más tengo de enero, estoy seguro. Mi hermana, el 26 de enero. José Carlos es del 5 de enero, también es doble de el señor José Carlos, y 26 de enero, su hermana, no, ya no, ya no da. Pero, de tu mamá, doble de Epifanía, no cállate, espérame. ¿Quieres que te caute un sueño? Tráeme a tu hijo Eduardo, el pobre, le estamos, dale, terapia doble de abuela materna Epifanía. Ay, Dios santo, tú estás como pareciente de la película de Coco, pero versión tú. Así es. Le vamos a poner Coca. Bueno, entonces, fíjate, todavía no llegamos a la noticia de consulta, pero ya no sé ni qué te vamos a hacer a ti, pero a ver, del puro análisis sistémico. Obvio, me voy a guardar unos secretos, pero cuando sea la de línea, porque no lo quiero en público. Con eso te digo todo. Por eso dice el punto presencial. No quieres ni que el internet supiera. Bueno, a ver, aquí ya empezamos a ver lo siguiente. Tú eres una bebé de reemplazo que inconscientemente fue diseñada. Es que tu papá es como un maestro genetista. Diseña a su muleta de la vejez, al parche de su culpa. Es un diseñador genético tu padre. Es un perfeccionista, es tan meticuloso, tan preciso. Ay, sí, las habrá hecho tan bien. No, no, no, no. En su forma de ser. ¿Los violos te hicieron feo? Yo lo estoy haciendo com…"
curso-holobiomagnetismo-parte-2::006,curso-holobiomagnetismo-parte-2,Curso Holobiomagnetismo Parte 2,Salud,salud__holobiomagnetismo_parte_2__modulo_5,32,conflict_synthesis,46,60,/Users/m2/Documents/New project/data/processed_library/Salud/curso-holobiomagnetismo-parte-2/sources/transcripcion_completa.txt,"Esto es una clave en el proceso terapéutico. Es más, yo creo que si algún terapeuta no tuviera ninguno de los trucos que vimos el curso pasado en Olo 1 y solo tuviera cierta noción de psicosomática, pero una muy buena liberación emocional, sería un grandioso terapeuta. Mucho mejor que alguien que conoce 30 métodos y mejor me refiero a la capacidad que tendría de tener resultados en la salud del paciente. Esto se los platico porque el que alguien tome conciencia de sus síntomas, honestamente, es fácil si sabes qué preguntar. Las preguntas, o vamos a llamarle la entrevista, ¿y ese papel? ¡Ay! ¡Qué sinfonides! Yo estaba buscando un papel para sonarme los mocos, salió el tuit, dije, ¡ay! Yo todo me lo soné, pero te lo dejé ahí. Se me hizo curioso, ¿eh? Justo hablábamos mal de ustedes y llegaron. Entonces, bueno, ahorita termino de teoría. Oye, qué buen poder de manifestación tienen las maday, ¿eh? Órale. Papás del siglo antepasado, pero qué buen poder de manifestación. Bueno, si alguien tiene pericia en estas dos, obviamente nadie nace con ella, todo tiene que desarrollarse a través de la práctica. El talento principal que ocupa un terapeuta, y este talento va a generar realmente potencial en estas dos, se llama sensibilidad. Así es sencillo, ¿no? Por esa razón, en los cursos que doy casi siempre, además de que vienen más mujeres que hombres, los hombres que vienen tienden a tener un perfil como bien específico, ¿no? No viene normalmente cualquier vato, ¿no? Tienen un perfil extraño porque tienen una sensibilidad que no es el típico común de los hombres. Por eso es más fácil encontrar terapeutas buenas siendo mujeres. Hombres son muy buenos terapeutas con ciertos métodos. Estructurales, quiropráctico y osteópata, la verdad es que la mayoría de los que yo conozco son hombres. Tiene por supuesto que ver con la fuerza que se requiere, el tema de la manipulación de la materia, que es una cuestión más masculina que femenina. Son muy buenos homeópatas, ¿por qué? Porque depende más como de un análisis y un proceso de memoria, ¿no? Porque tú sabes entrevistar. Entonces en la entrevista, el homeópata más o menos ubica por criterios de síntomas y más o menos se va a un grupo…"
curso-holobiomagnetismo-parte-2::010,curso-holobiomagnetismo-parte-2,Curso Holobiomagnetismo Parte 2,Salud,salud__holobiomagnetismo_parte_2__modulo_8,32,conflict_synthesis,80,93,/Users/m2/Documents/New project/data/processed_library/Salud/curso-holobiomagnetismo-parte-2/sources/transcripcion_completa.txt,"Explicar qué se hará. Esto se lo decimos por teléfono a la persona. Gracias por tus datos, te voy a hacer un protocolo de práctica, no te garantizo nada, es un rastreo en tu inconsciente y voy a buscar información, y si encuentro algo que sanar, mando sanación. Gracias por los datos, cuelgo. Eso es explicar qué se hará. Ok. En la pantalla. Lo que hace visualizar la X es sincronizar la actividad de los hemisferios. Al visualizar la X o hacer una especie de visco, entonces por el cruce del nervio óptico, forza al cerebro a sincronizar la actividad cerebral, y lo que sucede es que tu cerebro fotografía lo que ve. Al tomar una fotografía, tú programas, esta información la proceso, la asimilo y dispongo de ella cuando la necesito. Entonces el cerebro dice, ah cabrón, como no entiendo nada porque no estoy enfocando algo y estoy cruzando, pues voy a tomar foto de lo que veo. Tú estás programando qué hacer con esas fotos para que tu rastreo sea preciso. La verdad es que es la forma rápida, lo mejor sería pues darle una revisada, pero ahorita por cuestión de tiempo, ese es el truco de fotolectura. Una Pepsi. El sepelio simbólico, eso lo vimos en el manual, la verdad es que es una explicación larga, es toda una página de instrucciones, está en el manual de psicosomática 1, y lo tenemos en la página 53. Es una página de instrucciones, son 5 instrucciones, es todo un proceso, la verdad es que es demasiado tiempo para explicarlo, hay que tomar ese curso. Amigos de Zoom, les voy a contestar las dudas que tienen aquí. Presenciales tienen cinco minutos antes de la foto. Dice Jailim, si me salió un holograma 17 de inadaptación con conflicto de evolución demasiado lenta, ¿podría también haber temas de tiroides? Es probable, sí claro, porque es relativo al tiempo. Natalia, la clase de psicosomática, ¿cómo la podría tomar? Rey, las clases de... Miren, esos que ya estaban grabados, o sea los que se dieron, dimos hasta un plazo para que se vendieran, dijimos que a partir de ahí ya no. Como veo que a muchos les valió, dijeron, ay no importa, qué sé yo. Bueno, ¿qué te parece Rey? ¿Qué días soy? 15. De aquí al... de aquí a fin de año. De aquí a fin de año, bueno, de aquí a Reyes. De aq…"
curso-holobiomagnetismo-parte-2::006,curso-holobiomagnetismo-parte-2,Curso Holobiomagnetismo Parte 2,Salud,salud__holobiomagnetismo_parte_2__modulo_5,32,intake,46,60,/Users/m2/Documents/New project/data/processed_library/Salud/curso-holobiomagnetismo-parte-2/sources/transcripcion_completa.txt,"Esto es una clave en el proceso terapéutico. Es más, yo creo que si algún terapeuta no tuviera ninguno de los trucos que vimos el curso pasado en Olo 1 y solo tuviera cierta noción de psicosomática, pero una muy buena liberación emocional, sería un grandioso terapeuta. Mucho mejor que alguien que conoce 30 métodos y mejor me refiero a la capacidad que tendría de tener resultados en la salud del paciente. Esto se los platico porque el que alguien tome conciencia de sus síntomas, honestamente, es fácil si sabes qué preguntar. Las preguntas, o vamos a llamarle la entrevista, ¿y ese papel? ¡Ay! ¡Qué sinfonides! Yo estaba buscando un papel para sonarme los mocos, salió el tuit, dije, ¡ay! Yo todo me lo soné, pero te lo dejé ahí. Se me hizo curioso, ¿eh? Justo hablábamos mal de ustedes y llegaron. Entonces, bueno, ahorita termino de teoría. Oye, qué buen poder de manifestación tienen las maday, ¿eh? Órale. Papás del siglo antepasado, pero qué buen poder de manifestación. Bueno, si alguien tiene pericia en estas dos, obviamente nadie nace con ella, todo tiene que desarrollarse a través de la práctica. El talento principal que ocupa un terapeuta, y este talento va a generar realmente potencial en estas dos, se llama sensibilidad. Así es sencillo, ¿no? Por esa razón, en los cursos que doy casi siempre, además de que vienen más mujeres que hombres, los hombres que vienen tienden a tener un perfil como bien específico, ¿no? No viene normalmente cualquier vato, ¿no? Tienen un perfil extraño porque tienen una sensibilidad que no es el típico común de los hombres. Por eso es más fácil encontrar terapeutas buenas siendo mujeres. Hombres son muy buenos terapeutas con ciertos métodos. Estructurales, quiropráctico y osteópata, la verdad es que la mayoría de los que yo conozco son hombres. Tiene por supuesto que ver con la fuerza que se requiere, el tema de la manipulación de la materia, que es una cuestión más masculina que femenina. Son muy buenos homeópatas, ¿por qué? Porque depende más como de un análisis y un proceso de memoria, ¿no? Porque tú sabes entrevistar. Entonces en la entrevista, el homeópata más o menos ubica por criterios de síntomas y más o menos se va a un grupo…"
curso-holobiomagnetismo-parte-2::010,curso-holobiomagnetismo-parte-2,Curso Holobiomagnetismo Parte 2,Salud,salud__holobiomagnetismo_parte_2__modulo_8,32,intake,80,93,/Users/m2/Documents/New project/data/processed_library/Salud/curso-holobiomagnetismo-parte-2/sources/transcripcion_completa.txt,"Explicar qué se hará. Esto se lo decimos por teléfono a la persona. Gracias por tus datos, te voy a hacer un protocolo de práctica, no te garantizo nada, es un rastreo en tu inconsciente y voy a buscar información, y si encuentro algo que sanar, mando sanación. Gracias por los datos, cuelgo. Eso es explicar qué se hará. Ok. En la pantalla. Lo que hace visualizar la X es sincronizar la actividad de los hemisferios. Al visualizar la X o hacer una especie de visco, entonces por el cruce del nervio óptico, forza al cerebro a sincronizar la actividad cerebral, y lo que sucede es que tu cerebro fotografía lo que ve. Al tomar una fotografía, tú programas, esta información la proceso, la asimilo y dispongo de ella cuando la necesito. Entonces el cerebro dice, ah cabrón, como no entiendo nada porque no estoy enfocando algo y estoy cruzando, pues voy a tomar foto de lo que veo. Tú estás programando qué hacer con esas fotos para que tu rastreo sea preciso. La verdad es que es la forma rápida, lo mejor sería pues darle una revisada, pero ahorita por cuestión de tiempo, ese es el truco de fotolectura. Una Pepsi. El sepelio simbólico, eso lo vimos en el manual, la verdad es que es una explicación larga, es toda una página de instrucciones, está en el manual de psicosomática 1, y lo tenemos en la página 53. Es una página de instrucciones, son 5 instrucciones, es todo un proceso, la verdad es que es demasiado tiempo para explicarlo, hay que tomar ese curso. Amigos de Zoom, les voy a contestar las dudas que tienen aquí. Presenciales tienen cinco minutos antes de la foto. Dice Jailim, si me salió un holograma 17 de inadaptación con conflicto de evolución demasiado lenta, ¿podría también haber temas de tiroides? Es probable, sí claro, porque es relativo al tiempo. Natalia, la clase de psicosomática, ¿cómo la podría tomar? Rey, las clases de... Miren, esos que ya estaban grabados, o sea los que se dieron, dimos hasta un plazo para que se vendieran, dijimos que a partir de ahí ya no. Como veo que a muchos les valió, dijeron, ay no importa, qué sé yo. Bueno, ¿qué te parece Rey? ¿Qué días soy? 15. De aquí al... de aquí a fin de año. De aquí a fin de año, bueno, de aquí a Reyes. De aq…"
curso-holobiomagnetismo-parte-2::006,curso-holobiomagnetismo-parte-2,Curso Holobiomagnetismo Parte 2,Salud,salud__holobiomagnetismo_parte_2__modulo_5,32,intervention,46,60,/Users/m2/Documents/New project/data/processed_library/Salud/curso-holobiomagnetismo-parte-2/sources/transcripcion_completa.txt,"Esto es una clave en el proceso terapéutico. Es más, yo creo que si algún terapeuta no tuviera ninguno de los trucos que vimos el curso pasado en Olo 1 y solo tuviera cierta noción de psicosomática, pero una muy buena liberación emocional, sería un grandioso terapeuta. Mucho mejor que alguien que conoce 30 métodos y mejor me refiero a la capacidad que tendría de tener resultados en la salud del paciente. Esto se los platico porque el que alguien tome conciencia de sus síntomas, honestamente, es fácil si sabes qué preguntar. Las preguntas, o vamos a llamarle la entrevista, ¿y ese papel? ¡Ay! ¡Qué sinfonides! Yo estaba buscando un papel para sonarme los mocos, salió el tuit, dije, ¡ay! Yo todo me lo soné, pero te lo dejé ahí. Se me hizo curioso, ¿eh? Justo hablábamos mal de ustedes y llegaron. Entonces, bueno, ahorita termino de teoría. Oye, qué buen poder de manifestación tienen las maday, ¿eh? Órale. Papás del siglo antepasado, pero qué buen poder de manifestación. Bueno, si alguien tiene pericia en estas dos, obviamente nadie nace con ella, todo tiene que desarrollarse a través de la práctica. El talento principal que ocupa un terapeuta, y este talento va a generar realmente potencial en estas dos, se llama sensibilidad. Así es sencillo, ¿no? Por esa razón, en los cursos que doy casi siempre, además de que vienen más mujeres que hombres, los hombres que vienen tienden a tener un perfil como bien específico, ¿no? No viene normalmente cualquier vato, ¿no? Tienen un perfil extraño porque tienen una sensibilidad que no es el típico común de los hombres. Por eso es más fácil encontrar terapeutas buenas siendo mujeres. Hombres son muy buenos terapeutas con ciertos métodos. Estructurales, quiropráctico y osteópata, la verdad es que la mayoría de los que yo conozco son hombres. Tiene por supuesto que ver con la fuerza que se requiere, el tema de la manipulación de la materia, que es una cuestión más masculina que femenina. Son muy buenos homeópatas, ¿por qué? Porque depende más como de un análisis y un proceso de memoria, ¿no? Porque tú sabes entrevistar. Entonces en la entrevista, el homeópata más o menos ubica por criterios de síntomas y más o menos se va a un grupo…"
curso-holobiomagnetismo-parte-2::010,curso-holobiomagnetismo-parte-2,Curso Holobiomagnetismo Parte 2,Salud,salud__holobiomagnetismo_parte_2__modulo_8,32,intervention,80,93,/Users/m2/Documents/New project/data/processed_library/Salud/curso-holobiomagnetismo-parte-2/sources/transcripcion_completa.txt,"Explicar qué se hará. Esto se lo decimos por teléfono a la persona. Gracias por tus datos, te voy a hacer un protocolo de práctica, no te garantizo nada, es un rastreo en tu inconsciente y voy a buscar información, y si encuentro algo que sanar, mando sanación. Gracias por los datos, cuelgo. Eso es explicar qué se hará. Ok. En la pantalla. Lo que hace visualizar la X es sincronizar la actividad de los hemisferios. Al visualizar la X o hacer una especie de visco, entonces por el cruce del nervio óptico, forza al cerebro a sincronizar la actividad cerebral, y lo que sucede es que tu cerebro fotografía lo que ve. Al tomar una fotografía, tú programas, esta información la proceso, la asimilo y dispongo de ella cuando la necesito. Entonces el cerebro dice, ah cabrón, como no entiendo nada porque no estoy enfocando algo y estoy cruzando, pues voy a tomar foto de lo que veo. Tú estás programando qué hacer con esas fotos para que tu rastreo sea preciso. La verdad es que es la forma rápida, lo mejor sería pues darle una revisada, pero ahorita por cuestión de tiempo, ese es el truco de fotolectura. Una Pepsi. El sepelio simbólico, eso lo vimos en el manual, la verdad es que es una explicación larga, es toda una página de instrucciones, está en el manual de psicosomática 1, y lo tenemos en la página 53. Es una página de instrucciones, son 5 instrucciones, es todo un proceso, la verdad es que es demasiado tiempo para explicarlo, hay que tomar ese curso. Amigos de Zoom, les voy a contestar las dudas que tienen aquí. Presenciales tienen cinco minutos antes de la foto. Dice Jailim, si me salió un holograma 17 de inadaptación con conflicto de evolución demasiado lenta, ¿podría también haber temas de tiroides? Es probable, sí claro, porque es relativo al tiempo. Natalia, la clase de psicosomática, ¿cómo la podría tomar? Rey, las clases de... Miren, esos que ya estaban grabados, o sea los que se dieron, dimos hasta un plazo para que se vendieran, dijimos que a partir de ahí ya no. Como veo que a muchos les valió, dijeron, ay no importa, qué sé yo. Bueno, ¿qué te parece Rey? ¿Qué días soy? 15. De aquí al... de aquí a fin de año. De aquí a fin de año, bueno, de aquí a Reyes. De aq…"
curso-holobiomagnetismo-parte-2::006,curso-holobiomagnetismo-parte-2,Curso Holobiomagnetismo Parte 2,Salud,salud__holobiomagnetismo_parte_2__modulo_5,32,systemic_analysis,46,60,/Users/m2/Documents/New project/data/processed_library/Salud/curso-holobiomagnetismo-parte-2/sources/transcripcion_completa.txt,"Esto es una clave en el proceso terapéutico. Es más, yo creo que si algún terapeuta no tuviera ninguno de los trucos que vimos el curso pasado en Olo 1 y solo tuviera cierta noción de psicosomática, pero una muy buena liberación emocional, sería un grandioso terapeuta. Mucho mejor que alguien que conoce 30 métodos y mejor me refiero a la capacidad que tendría de tener resultados en la salud del paciente. Esto se los platico porque el que alguien tome conciencia de sus síntomas, honestamente, es fácil si sabes qué preguntar. Las preguntas, o vamos a llamarle la entrevista, ¿y ese papel? ¡Ay! ¡Qué sinfonides! Yo estaba buscando un papel para sonarme los mocos, salió el tuit, dije, ¡ay! Yo todo me lo soné, pero te lo dejé ahí. Se me hizo curioso, ¿eh? Justo hablábamos mal de ustedes y llegaron. Entonces, bueno, ahorita termino de teoría. Oye, qué buen poder de manifestación tienen las maday, ¿eh? Órale. Papás del siglo antepasado, pero qué buen poder de manifestación. Bueno, si alguien tiene pericia en estas dos, obviamente nadie nace con ella, todo tiene que desarrollarse a través de la práctica. El talento principal que ocupa un terapeuta, y este talento va a generar realmente potencial en estas dos, se llama sensibilidad. Así es sencillo, ¿no? Por esa razón, en los cursos que doy casi siempre, además de que vienen más mujeres que hombres, los hombres que vienen tienden a tener un perfil como bien específico, ¿no? No viene normalmente cualquier vato, ¿no? Tienen un perfil extraño porque tienen una sensibilidad que no es el típico común de los hombres. Por eso es más fácil encontrar terapeutas buenas siendo mujeres. Hombres son muy buenos terapeutas con ciertos métodos. Estructurales, quiropráctico y osteópata, la verdad es que la mayoría de los que yo conozco son hombres. Tiene por supuesto que ver con la fuerza que se requiere, el tema de la manipulación de la materia, que es una cuestión más masculina que femenina. Son muy buenos homeópatas, ¿por qué? Porque depende más como de un análisis y un proceso de memoria, ¿no? Porque tú sabes entrevistar. Entonces en la entrevista, el homeópata más o menos ubica por criterios de síntomas y más o menos se va a un grupo…"
curso-holobiomagnetismo-parte-2::010,curso-holobiomagnetismo-parte-2,Curso Holobiomagnetismo Parte 2,Salud,salud__holobiomagnetismo_parte_2__modulo_8,32,systemic_analysis,80,93,/Users/m2/Documents/New project/data/processed_library/Salud/curso-holobiomagnetismo-parte-2/sources/transcripcion_completa.txt,"Explicar qué se hará. Esto se lo decimos por teléfono a la persona. Gracias por tus datos, te voy a hacer un protocolo de práctica, no te garantizo nada, es un rastreo en tu inconsciente y voy a buscar información, y si encuentro algo que sanar, mando sanación. Gracias por los datos, cuelgo. Eso es explicar qué se hará. Ok. En la pantalla. Lo que hace visualizar la X es sincronizar la actividad de los hemisferios. Al visualizar la X o hacer una especie de visco, entonces por el cruce del nervio óptico, forza al cerebro a sincronizar la actividad cerebral, y lo que sucede es que tu cerebro fotografía lo que ve. Al tomar una fotografía, tú programas, esta información la proceso, la asimilo y dispongo de ella cuando la necesito. Entonces el cerebro dice, ah cabrón, como no entiendo nada porque no estoy enfocando algo y estoy cruzando, pues voy a tomar foto de lo que veo. Tú estás programando qué hacer con esas fotos para que tu rastreo sea preciso. La verdad es que es la forma rápida, lo mejor sería pues darle una revisada, pero ahorita por cuestión de tiempo, ese es el truco de fotolectura. Una Pepsi. El sepelio simbólico, eso lo vimos en el manual, la verdad es que es una explicación larga, es toda una página de instrucciones, está en el manual de psicosomática 1, y lo tenemos en la página 53. Es una página de instrucciones, son 5 instrucciones, es todo un proceso, la verdad es que es demasiado tiempo para explicarlo, hay que tomar ese curso. Amigos de Zoom, les voy a contestar las dudas que tienen aquí. Presenciales tienen cinco minutos antes de la foto. Dice Jailim, si me salió un holograma 17 de inadaptación con conflicto de evolución demasiado lenta, ¿podría también haber temas de tiroides? Es probable, sí claro, porque es relativo al tiempo. Natalia, la clase de psicosomática, ¿cómo la podría tomar? Rey, las clases de... Miren, esos que ya estaban grabados, o sea los que se dieron, dimos hasta un plazo para que se vendieran, dijimos que a partir de ahí ya no. Como veo que a muchos les valió, dijeron, ay no importa, qué sé yo. Bueno, ¿qué te parece Rey? ¿Qué días soy? 15. De aquí al... de aquí a fin de año. De aquí a fin de año, bueno, de aquí a Reyes. De aq…"
curso-holobiomagnetismo-parte-2::006,curso-holobiomagnetismo-parte-2,Curso Holobiomagnetismo Parte 2,Salud,salud__holobiomagnetismo_parte_2__modulo_5,32,tasks_and_closure,46,60,/Users/m2/Documents/New project/data/processed_library/Salud/curso-holobiomagnetismo-parte-2/sources/transcripcion_completa.txt,"Esto es una clave en el proceso terapéutico. Es más, yo creo que si algún terapeuta no tuviera ninguno de los trucos que vimos el curso pasado en Olo 1 y solo tuviera cierta noción de psicosomática, pero una muy buena liberación emocional, sería un grandioso terapeuta. Mucho mejor que alguien que conoce 30 métodos y mejor me refiero a la capacidad que tendría de tener resultados en la salud del paciente. Esto se los platico porque el que alguien tome conciencia de sus síntomas, honestamente, es fácil si sabes qué preguntar. Las preguntas, o vamos a llamarle la entrevista, ¿y ese papel? ¡Ay! ¡Qué sinfonides! Yo estaba buscando un papel para sonarme los mocos, salió el tuit, dije, ¡ay! Yo todo me lo soné, pero te lo dejé ahí. Se me hizo curioso, ¿eh? Justo hablábamos mal de ustedes y llegaron. Entonces, bueno, ahorita termino de teoría. Oye, qué buen poder de manifestación tienen las maday, ¿eh? Órale. Papás del siglo antepasado, pero qué buen poder de manifestación. Bueno, si alguien tiene pericia en estas dos, obviamente nadie nace con ella, todo tiene que desarrollarse a través de la práctica. El talento principal que ocupa un terapeuta, y este talento va a generar realmente potencial en estas dos, se llama sensibilidad. Así es sencillo, ¿no? Por esa razón, en los cursos que doy casi siempre, además de que vienen más mujeres que hombres, los hombres que vienen tienden a tener un perfil como bien específico, ¿no? No viene normalmente cualquier vato, ¿no? Tienen un perfil extraño porque tienen una sensibilidad que no es el típico común de los hombres. Por eso es más fácil encontrar terapeutas buenas siendo mujeres. Hombres son muy buenos terapeutas con ciertos métodos. Estructurales, quiropráctico y osteópata, la verdad es que la mayoría de los que yo conozco son hombres. Tiene por supuesto que ver con la fuerza que se requiere, el tema de la manipulación de la materia, que es una cuestión más masculina que femenina. Son muy buenos homeópatas, ¿por qué? Porque depende más como de un análisis y un proceso de memoria, ¿no? Porque tú sabes entrevistar. Entonces en la entrevista, el homeópata más o menos ubica por criterios de síntomas y más o menos se va a un grupo…"
curso-holobiomagnetismo-parte-2::010,curso-holobiomagnetismo-parte-2,Curso Holobiomagnetismo Parte 2,Salud,salud__holobiomagnetismo_parte_2__modulo_8,32,tasks_and_closure,80,93,/Users/m2/Documents/New project/data/processed_library/Salud/curso-holobiomagnetismo-parte-2/sources/transcripcion_completa.txt,"Explicar qué se hará. Esto se lo decimos por teléfono a la persona. Gracias por tus datos, te voy a hacer un protocolo de práctica, no te garantizo nada, es un rastreo en tu inconsciente y voy a buscar información, y si encuentro algo que sanar, mando sanación. Gracias por los datos, cuelgo. Eso es explicar qué se hará. Ok. En la pantalla. Lo que hace visualizar la X es sincronizar la actividad de los hemisferios. Al visualizar la X o hacer una especie de visco, entonces por el cruce del nervio óptico, forza al cerebro a sincronizar la actividad cerebral, y lo que sucede es que tu cerebro fotografía lo que ve. Al tomar una fotografía, tú programas, esta información la proceso, la asimilo y dispongo de ella cuando la necesito. Entonces el cerebro dice, ah cabrón, como no entiendo nada porque no estoy enfocando algo y estoy cruzando, pues voy a tomar foto de lo que veo. Tú estás programando qué hacer con esas fotos para que tu rastreo sea preciso. La verdad es que es la forma rápida, lo mejor sería pues darle una revisada, pero ahorita por cuestión de tiempo, ese es el truco de fotolectura. Una Pepsi. El sepelio simbólico, eso lo vimos en el manual, la verdad es que es una explicación larga, es toda una página de instrucciones, está en el manual de psicosomática 1, y lo tenemos en la página 53. Es una página de instrucciones, son 5 instrucciones, es todo un proceso, la verdad es que es demasiado tiempo para explicarlo, hay que tomar ese curso. Amigos de Zoom, les voy a contestar las dudas que tienen aquí. Presenciales tienen cinco minutos antes de la foto. Dice Jailim, si me salió un holograma 17 de inadaptación con conflicto de evolución demasiado lenta, ¿podría también haber temas de tiroides? Es probable, sí claro, porque es relativo al tiempo. Natalia, la clase de psicosomática, ¿cómo la podría tomar? Rey, las clases de... Miren, esos que ya estaban grabados, o sea los que se dieron, dimos hasta un plazo para que se vendieran, dijimos que a partir de ahí ya no. Como veo que a muchos les valió, dijeron, ay no importa, qué sé yo. Bueno, ¿qué te parece Rey? ¿Qué días soy? 15. De aquí al... de aquí a fin de año. De aquí a fin de año, bueno, de aquí a Reyes. De aq…"
curso-holobiomagnetismo-parte-2::005,curso-holobiomagnetismo-parte-2,Curso Holobiomagnetismo Parte 2,Salud,salud__holobiomagnetismo_parte_2__modulo_4,21,conflict_synthesis,38,43,/Users/m2/Documents/New project/data/processed_library/Salud/curso-holobiomagnetismo-parte-2/sources/transcripcion_completa.txt,"Pues tenemos los centros de proceso y almacén que son los siete chakras primarios, los centros de distribución que son los 21 chakras secundarios y después los centros de modulación de la energía y los canales que son más de 360 chakras terciarios que van a modular la energía a través de 12 meridianos principales. Esos 12 meridianos principales tenemos cuatro de fuego que son corazón y pericardio, perdón, intestino delgado, y pericardio y triple calentador. Tenemos dos de tierra que serían vaso y estómago. Tenemos dos de madera que serían hígado y vesícula biliar. Tenemos dos de agua que son riñón y vejiga y dos de metal que sería pulmón e intestino grueso. La cualidad yin o los zang que son los llenos, pericardio, corazón, vaso, hígado, riñón y pulmón. Son los órganos yin o los órganos zang. Su centro de proceso es el pecho. Y acá tenemos los órganos fu o los órganos yang que su centro de proceso es la cabeza. Y el panel de control de yin hay yang, serían los pies y las manos. Casi todos los botones de panel de control, puntos yuan, puntos hui, puntos shi, etcétera, etcétera, los vamos a encontrar en paneles de control. Por eso cuando tú le agarras los pies a alguien y estás rasteando sus pies, tú no lo ves, pero en el sistema energético todo tu cableado de las manos energético etérico está en contacto con su cableado de los pies. Por eso rastrear con pies a una persona que está en presencial a veces es tan interesante, porque hay un montón de energía que ahí en el mismo espacio está interactuando. Aunque no actives la intención, ya hay ahí interacción energética. Esto es el cuerpo físico en su parte densa, órganos, y en su parte etérica, chakras y meridianos. Ahora, para que los desequilibrios energéticos se descarguen en el físico, primero tuvo que haber una energía emocional en distorsión. Eso es el cuerpo astral. Y en el cuerpo astral, que es con el que soñamos, es donde dice Freud que descargamos en el sueño los deseos insatisfechos, las emociones atoradas. Lo que ocurre en el cuerpo físico lo vamos a mover con los imanes, con el masaje, con medicina china, etc. Lo que pasa en el cuerpo astral, las emociones, las tenemos que liberar con un proceso emocion…"
curso-holobiomagnetismo-parte-2::005,curso-holobiomagnetismo-parte-2,Curso Holobiomagnetismo Parte 2,Salud,salud__holobiomagnetismo_parte_2__modulo_4,21,intake,38,43,/Users/m2/Documents/New project/data/processed_library/Salud/curso-holobiomagnetismo-parte-2/sources/transcripcion_completa.txt,"Pues tenemos los centros de proceso y almacén que son los siete chakras primarios, los centros de distribución que son los 21 chakras secundarios y después los centros de modulación de la energía y los canales que son más de 360 chakras terciarios que van a modular la energía a través de 12 meridianos principales. Esos 12 meridianos principales tenemos cuatro de fuego que son corazón y pericardio, perdón, intestino delgado, y pericardio y triple calentador. Tenemos dos de tierra que serían vaso y estómago. Tenemos dos de madera que serían hígado y vesícula biliar. Tenemos dos de agua que son riñón y vejiga y dos de metal que sería pulmón e intestino grueso. La cualidad yin o los zang que son los llenos, pericardio, corazón, vaso, hígado, riñón y pulmón. Son los órganos yin o los órganos zang. Su centro de proceso es el pecho. Y acá tenemos los órganos fu o los órganos yang que su centro de proceso es la cabeza. Y el panel de control de yin hay yang, serían los pies y las manos. Casi todos los botones de panel de control, puntos yuan, puntos hui, puntos shi, etcétera, etcétera, los vamos a encontrar en paneles de control. Por eso cuando tú le agarras los pies a alguien y estás rasteando sus pies, tú no lo ves, pero en el sistema energético todo tu cableado de las manos energético etérico está en contacto con su cableado de los pies. Por eso rastrear con pies a una persona que está en presencial a veces es tan interesante, porque hay un montón de energía que ahí en el mismo espacio está interactuando. Aunque no actives la intención, ya hay ahí interacción energética. Esto es el cuerpo físico en su parte densa, órganos, y en su parte etérica, chakras y meridianos. Ahora, para que los desequilibrios energéticos se descarguen en el físico, primero tuvo que haber una energía emocional en distorsión. Eso es el cuerpo astral. Y en el cuerpo astral, que es con el que soñamos, es donde dice Freud que descargamos en el sueño los deseos insatisfechos, las emociones atoradas. Lo que ocurre en el cuerpo físico lo vamos a mover con los imanes, con el masaje, con medicina china, etc. Lo que pasa en el cuerpo astral, las emociones, las tenemos que liberar con un proceso emocion…"
curso-holobiomagnetismo-parte-2::005,curso-holobiomagnetismo-parte-2,Curso Holobiomagnetismo Parte 2,Salud,salud__holobiomagnetismo_parte_2__modulo_4,21,intervention,38,43,/Users/m2/Documents/New project/data/processed_library/Salud/curso-holobiomagnetismo-parte-2/sources/transcripcion_completa.txt,"Pues tenemos los centros de proceso y almacén que son los siete chakras primarios, los centros de distribución que son los 21 chakras secundarios y después los centros de modulación de la energía y los canales que son más de 360 chakras terciarios que van a modular la energía a través de 12 meridianos principales. Esos 12 meridianos principales tenemos cuatro de fuego que son corazón y pericardio, perdón, intestino delgado, y pericardio y triple calentador. Tenemos dos de tierra que serían vaso y estómago. Tenemos dos de madera que serían hígado y vesícula biliar. Tenemos dos de agua que son riñón y vejiga y dos de metal que sería pulmón e intestino grueso. La cualidad yin o los zang que son los llenos, pericardio, corazón, vaso, hígado, riñón y pulmón. Son los órganos yin o los órganos zang. Su centro de proceso es el pecho. Y acá tenemos los órganos fu o los órganos yang que su centro de proceso es la cabeza. Y el panel de control de yin hay yang, serían los pies y las manos. Casi todos los botones de panel de control, puntos yuan, puntos hui, puntos shi, etcétera, etcétera, los vamos a encontrar en paneles de control. Por eso cuando tú le agarras los pies a alguien y estás rasteando sus pies, tú no lo ves, pero en el sistema energético todo tu cableado de las manos energético etérico está en contacto con su cableado de los pies. Por eso rastrear con pies a una persona que está en presencial a veces es tan interesante, porque hay un montón de energía que ahí en el mismo espacio está interactuando. Aunque no actives la intención, ya hay ahí interacción energética. Esto es el cuerpo físico en su parte densa, órganos, y en su parte etérica, chakras y meridianos. Ahora, para que los desequilibrios energéticos se descarguen en el físico, primero tuvo que haber una energía emocional en distorsión. Eso es el cuerpo astral. Y en el cuerpo astral, que es con el que soñamos, es donde dice Freud que descargamos en el sueño los deseos insatisfechos, las emociones atoradas. Lo que ocurre en el cuerpo físico lo vamos a mover con los imanes, con el masaje, con medicina china, etc. Lo que pasa en el cuerpo astral, las emociones, las tenemos que liberar con un proceso emocion…"
curso-holobiomagnetismo-parte-2::005,curso-holobiomagnetismo-parte-2,Curso Holobiomagnetismo Parte 2,Salud,salud__holobiomagnetismo_parte_2__modulo_4,21,systemic_analysis,38,43,/Users/m2/Documents/New project/data/processed_library/Salud/curso-holobiomagnetismo-parte-2/sources/transcripcion_completa.txt,"Pues tenemos los centros de proceso y almacén que son los siete chakras primarios, los centros de distribución que son los 21 chakras secundarios y después los centros de modulación de la energía y los canales que son más de 360 chakras terciarios que van a modular la energía a través de 12 meridianos principales. Esos 12 meridianos principales tenemos cuatro de fuego que son corazón y pericardio, perdón, intestino delgado, y pericardio y triple calentador. Tenemos dos de tierra que serían vaso y estómago. Tenemos dos de madera que serían hígado y vesícula biliar. Tenemos dos de agua que son riñón y vejiga y dos de metal que sería pulmón e intestino grueso. La cualidad yin o los zang que son los llenos, pericardio, corazón, vaso, hígado, riñón y pulmón. Son los órganos yin o los órganos zang. Su centro de proceso es el pecho. Y acá tenemos los órganos fu o los órganos yang que su centro de proceso es la cabeza. Y el panel de control de yin hay yang, serían los pies y las manos. Casi todos los botones de panel de control, puntos yuan, puntos hui, puntos shi, etcétera, etcétera, los vamos a encontrar en paneles de control. Por eso cuando tú le agarras los pies a alguien y estás rasteando sus pies, tú no lo ves, pero en el sistema energético todo tu cableado de las manos energético etérico está en contacto con su cableado de los pies. Por eso rastrear con pies a una persona que está en presencial a veces es tan interesante, porque hay un montón de energía que ahí en el mismo espacio está interactuando. Aunque no actives la intención, ya hay ahí interacción energética. Esto es el cuerpo físico en su parte densa, órganos, y en su parte etérica, chakras y meridianos. Ahora, para que los desequilibrios energéticos se descarguen en el físico, primero tuvo que haber una energía emocional en distorsión. Eso es el cuerpo astral. Y en el cuerpo astral, que es con el que soñamos, es donde dice Freud que descargamos en el sueño los deseos insatisfechos, las emociones atoradas. Lo que ocurre en el cuerpo físico lo vamos a mover con los imanes, con el masaje, con medicina china, etc. Lo que pasa en el cuerpo astral, las emociones, las tenemos que liberar con un proceso emocion…"
curso-holobiomagnetismo-parte-2::005,curso-holobiomagnetismo-parte-2,Curso Holobiomagnetismo Parte 2,Salud,salud__holobiomagnetismo_parte_2__modulo_4,21,tasks_and_closure,38,43,/Users/m2/Documents/New project/data/processed_library/Salud/curso-holobiomagnetismo-parte-2/sources/transcripcion_completa.txt,"Pues tenemos los centros de proceso y almacén que son los siete chakras primarios, los centros de distribución que son los 21 chakras secundarios y después los centros de modulación de la energía y los canales que son más de 360 chakras terciarios que van a modular la energía a través de 12 meridianos principales. Esos 12 meridianos principales tenemos cuatro de fuego que son corazón y pericardio, perdón, intestino delgado, y pericardio y triple calentador. Tenemos dos de tierra que serían vaso y estómago. Tenemos dos de madera que serían hígado y vesícula biliar. Tenemos dos de agua que son riñón y vejiga y dos de metal que sería pulmón e intestino grueso. La cualidad yin o los zang que son los llenos, pericardio, corazón, vaso, hígado, riñón y pulmón. Son los órganos yin o los órganos zang. Su centro de proceso es el pecho. Y acá tenemos los órganos fu o los órganos yang que su centro de proceso es la cabeza. Y el panel de control de yin hay yang, serían los pies y las manos. Casi todos los botones de panel de control, puntos yuan, puntos hui, puntos shi, etcétera, etcétera, los vamos a encontrar en paneles de control. Por eso cuando tú le agarras los pies a alguien y estás rasteando sus pies, tú no lo ves, pero en el sistema energético todo tu cableado de las manos energético etérico está en contacto con su cableado de los pies. Por eso rastrear con pies a una persona que está en presencial a veces es tan interesante, porque hay un montón de energía que ahí en el mismo espacio está interactuando. Aunque no actives la intención, ya hay ahí interacción energética. Esto es el cuerpo físico en su parte densa, órganos, y en su parte etérica, chakras y meridianos. Ahora, para que los desequilibrios energéticos se descarguen en el físico, primero tuvo que haber una energía emocional en distorsión. Eso es el cuerpo astral. Y en el cuerpo astral, que es con el que soñamos, es donde dice Freud que descargamos en el sueño los deseos insatisfechos, las emociones atoradas. Lo que ocurre en el cuerpo físico lo vamos a mover con los imanes, con el masaje, con medicina china, etc. Lo que pasa en el cuerpo astral, las emociones, las tenemos que liberar con un proceso emocion…"
curso-holobiomagnetismo-parte-2::008,curso-holobiomagnetismo-parte-2,Curso Holobiomagnetismo Parte 2,Salud,salud__holobiomagnetismo_parte_2__modulo_7,17,intake,71,73,/Users/m2/Documents/New project/data/processed_library/Salud/curso-holobiomagnetismo-parte-2/sources/transcripcion_completa.txt,"¿Sí? Mándame. ¿Ya? ¿Probado? ¿Uno de ustedes? Bueno, instrucciones. Estamos todos listos. Bueno, ¿comieron postre? ¿No? Bueno, entonces les voy a pedir que si quieren postre, todos canten para celebrar a mi compañero de la infancia y compañero de nosotros en el grupo, Chava. Estas son las mañanitas que cantaba el Rey David. Hoy por ser tu cumpleaños te las cantamos a ti. Despierta, Chava, despierta, mira que ya amaneció. Ya los pajarillos cantan, la luna ya se metió. El ingeniero que ahora anda aprendiendo estas mamadas. Oigan nomás. Bueno, en lo que hacen la llamada, vamos a ir sirviendo un pastelito y la chingada. Pero primero que le muerda. Le trajimos un pastel en la forma en lo que tanto le gusta. Queremos que Chava nos baile la pelusa. A ver, los viciosos, denme fuego. No, tú sigue bailando. A ver, este lo vamos a dejar porque me caga que le caigan porquerías al pastel. Vamos a ponerlo aquí. ¿Ya tienes tu deseo, Chava? Me estás deseando, amiga. Por supuesto que no. Ay, güey, esa madre. Ataca. Eso. Pide tu deseo. Deseo. Dura seis minutos. Ten paciencia. Pide paciencia. Pide tiempo. Soplale, soplale. Ahora sí, lo más importante. La mordida al que te gusta. Hay dos pasteles, así que donde le quieras morder. Ah, ahí está. Eso. Es que no me quiero bajar el pants. Bueno, ahí les va. Instrucciones de la llamada. En lo que están llamando, partimos pastelitos y los repartimos. Vamos a preguntar dos series de cosas. La primera, los elementos del análisis sistémico y vamos a preguntar del consultante, de la mamá y sus figuras maternas. ¿Qué es una figura materna? Me contuvo emocionalmente, me cocinaba, me cuidaba, estaba conmigo. Papá o figuras paternas. Daba dinero, me hacía sentir protegido, me llevaba fuera de casa. Es decir, me llevaba a pasear, me llevaba a la escuela, me ayudaba a las tareas, funciones paternas, conocimiento, dinero, protección. Hijos, progenitor o progenitores de los hijos, de mayor a menor, parejas significativas. Progenitor, pues ya es significativo, ya está acá. El primer amor, si se acuerdan. O personas con las que hubo mucho amor, mucho tiempo, mucho drama. Tienden a ser la misma, pero quién sabe. Y, por supuesto, la pareja actual. De es…"
curso-holobiomagnetismo-parte-2::008,curso-holobiomagnetismo-parte-2,Curso Holobiomagnetismo Parte 2,Salud,salud__holobiomagnetismo_parte_2__modulo_7,17,intervention,71,73,/Users/m2/Documents/New project/data/processed_library/Salud/curso-holobiomagnetismo-parte-2/sources/transcripcion_completa.txt,"¿Sí? Mándame. ¿Ya? ¿Probado? ¿Uno de ustedes? Bueno, instrucciones. Estamos todos listos. Bueno, ¿comieron postre? ¿No? Bueno, entonces les voy a pedir que si quieren postre, todos canten para celebrar a mi compañero de la infancia y compañero de nosotros en el grupo, Chava. Estas son las mañanitas que cantaba el Rey David. Hoy por ser tu cumpleaños te las cantamos a ti. Despierta, Chava, despierta, mira que ya amaneció. Ya los pajarillos cantan, la luna ya se metió. El ingeniero que ahora anda aprendiendo estas mamadas. Oigan nomás. Bueno, en lo que hacen la llamada, vamos a ir sirviendo un pastelito y la chingada. Pero primero que le muerda. Le trajimos un pastel en la forma en lo que tanto le gusta. Queremos que Chava nos baile la pelusa. A ver, los viciosos, denme fuego. No, tú sigue bailando. A ver, este lo vamos a dejar porque me caga que le caigan porquerías al pastel. Vamos a ponerlo aquí. ¿Ya tienes tu deseo, Chava? Me estás deseando, amiga. Por supuesto que no. Ay, güey, esa madre. Ataca. Eso. Pide tu deseo. Deseo. Dura seis minutos. Ten paciencia. Pide paciencia. Pide tiempo. Soplale, soplale. Ahora sí, lo más importante. La mordida al que te gusta. Hay dos pasteles, así que donde le quieras morder. Ah, ahí está. Eso. Es que no me quiero bajar el pants. Bueno, ahí les va. Instrucciones de la llamada. En lo que están llamando, partimos pastelitos y los repartimos. Vamos a preguntar dos series de cosas. La primera, los elementos del análisis sistémico y vamos a preguntar del consultante, de la mamá y sus figuras maternas. ¿Qué es una figura materna? Me contuvo emocionalmente, me cocinaba, me cuidaba, estaba conmigo. Papá o figuras paternas. Daba dinero, me hacía sentir protegido, me llevaba fuera de casa. Es decir, me llevaba a pasear, me llevaba a la escuela, me ayudaba a las tareas, funciones paternas, conocimiento, dinero, protección. Hijos, progenitor o progenitores de los hijos, de mayor a menor, parejas significativas. Progenitor, pues ya es significativo, ya está acá. El primer amor, si se acuerdan. O personas con las que hubo mucho amor, mucho tiempo, mucho drama. Tienden a ser la misma, pero quién sabe. Y, por supuesto, la pareja actual. De es…"
curso-holobiomagnetismo-parte-2::008,curso-holobiomagnetismo-parte-2,Curso Holobiomagnetismo Parte 2,Salud,salud__holobiomagnetismo_parte_2__modulo_7,17,systemic_analysis,71,73,/Users/m2/Documents/New project/data/processed_library/Salud/curso-holobiomagnetismo-parte-2/sources/transcripcion_completa.txt,"¿Sí? Mándame. ¿Ya? ¿Probado? ¿Uno de ustedes? Bueno, instrucciones. Estamos todos listos. Bueno, ¿comieron postre? ¿No? Bueno, entonces les voy a pedir que si quieren postre, todos canten para celebrar a mi compañero de la infancia y compañero de nosotros en el grupo, Chava. Estas son las mañanitas que cantaba el Rey David. Hoy por ser tu cumpleaños te las cantamos a ti. Despierta, Chava, despierta, mira que ya amaneció. Ya los pajarillos cantan, la luna ya se metió. El ingeniero que ahora anda aprendiendo estas mamadas. Oigan nomás. Bueno, en lo que hacen la llamada, vamos a ir sirviendo un pastelito y la chingada. Pero primero que le muerda. Le trajimos un pastel en la forma en lo que tanto le gusta. Queremos que Chava nos baile la pelusa. A ver, los viciosos, denme fuego. No, tú sigue bailando. A ver, este lo vamos a dejar porque me caga que le caigan porquerías al pastel. Vamos a ponerlo aquí. ¿Ya tienes tu deseo, Chava? Me estás deseando, amiga. Por supuesto que no. Ay, güey, esa madre. Ataca. Eso. Pide tu deseo. Deseo. Dura seis minutos. Ten paciencia. Pide paciencia. Pide tiempo. Soplale, soplale. Ahora sí, lo más importante. La mordida al que te gusta. Hay dos pasteles, así que donde le quieras morder. Ah, ahí está. Eso. Es que no me quiero bajar el pants. Bueno, ahí les va. Instrucciones de la llamada. En lo que están llamando, partimos pastelitos y los repartimos. Vamos a preguntar dos series de cosas. La primera, los elementos del análisis sistémico y vamos a preguntar del consultante, de la mamá y sus figuras maternas. ¿Qué es una figura materna? Me contuvo emocionalmente, me cocinaba, me cuidaba, estaba conmigo. Papá o figuras paternas. Daba dinero, me hacía sentir protegido, me llevaba fuera de casa. Es decir, me llevaba a pasear, me llevaba a la escuela, me ayudaba a las tareas, funciones paternas, conocimiento, dinero, protección. Hijos, progenitor o progenitores de los hijos, de mayor a menor, parejas significativas. Progenitor, pues ya es significativo, ya está acá. El primer amor, si se acuerdan. O personas con las que hubo mucho amor, mucho tiempo, mucho drama. Tienden a ser la misma, pero quién sabe. Y, por supuesto, la pareja actual. De es…"
curso-holobiomagnetismo-parte-2::008,curso-holobiomagnetismo-parte-2,Curso Holobiomagnetismo Parte 2,Salud,salud__holobiomagnetismo_parte_2__modulo_7,17,tasks_and_closure,71,73,/Users/m2/Documents/New project/data/processed_library/Salud/curso-holobiomagnetismo-parte-2/sources/transcripcion_completa.txt,"¿Sí? Mándame. ¿Ya? ¿Probado? ¿Uno de ustedes? Bueno, instrucciones. Estamos todos listos. Bueno, ¿comieron postre? ¿No? Bueno, entonces les voy a pedir que si quieren postre, todos canten para celebrar a mi compañero de la infancia y compañero de nosotros en el grupo, Chava. Estas son las mañanitas que cantaba el Rey David. Hoy por ser tu cumpleaños te las cantamos a ti. Despierta, Chava, despierta, mira que ya amaneció. Ya los pajarillos cantan, la luna ya se metió. El ingeniero que ahora anda aprendiendo estas mamadas. Oigan nomás. Bueno, en lo que hacen la llamada, vamos a ir sirviendo un pastelito y la chingada. Pero primero que le muerda. Le trajimos un pastel en la forma en lo que tanto le gusta. Queremos que Chava nos baile la pelusa. A ver, los viciosos, denme fuego. No, tú sigue bailando. A ver, este lo vamos a dejar porque me caga que le caigan porquerías al pastel. Vamos a ponerlo aquí. ¿Ya tienes tu deseo, Chava? Me estás deseando, amiga. Por supuesto que no. Ay, güey, esa madre. Ataca. Eso. Pide tu deseo. Deseo. Dura seis minutos. Ten paciencia. Pide paciencia. Pide tiempo. Soplale, soplale. Ahora sí, lo más importante. La mordida al que te gusta. Hay dos pasteles, así que donde le quieras morder. Ah, ahí está. Eso. Es que no me quiero bajar el pants. Bueno, ahí les va. Instrucciones de la llamada. En lo que están llamando, partimos pastelitos y los repartimos. Vamos a preguntar dos series de cosas. La primera, los elementos del análisis sistémico y vamos a preguntar del consultante, de la mamá y sus figuras maternas. ¿Qué es una figura materna? Me contuvo emocionalmente, me cocinaba, me cuidaba, estaba conmigo. Papá o figuras paternas. Daba dinero, me hacía sentir protegido, me llevaba fuera de casa. Es decir, me llevaba a pasear, me llevaba a la escuela, me ayudaba a las tareas, funciones paternas, conocimiento, dinero, protección. Hijos, progenitor o progenitores de los hijos, de mayor a menor, parejas significativas. Progenitor, pues ya es significativo, ya está acá. El primer amor, si se acuerdan. O personas con las que hubo mucho amor, mucho tiempo, mucho drama. Tienden a ser la misma, pero quién sabe. Y, por supuesto, la pareja actual. De es…"
curso-psicosomatica-y-biodescodificacion-1::003,curso-psicosomatica-y-biodescodificacion-1,Curso Psicosomática y Biodescodificación 1,Salud,,28,conflict_synthesis,36,46,/Users/m2/Documents/New project/data/processed_library/Salud/curso-psicosomatica-y-biodescodificacion-1/sources/transcripcion_completa.txt,"¿Qué crees? Lo vamos a ver en un momento más, pero sí tiene una relación. El aspecto que compensa la carencia nutritiva en el infante se llama el asegurarse la dieta. ¿Qué es eso? La persona que vivió una carencia en la infancia porque mamá no me nutrió, la forma de sublimar eso es una persona que le pone mucha atención a su dieta, le pone mucha atención a lo que come, cuándo lo come, por qué lo come, si le hace daño o si no, es la forma de sublimar el aspecto carente de la función materna. Y en el aspecto carente de la función paterna que tiene que ver con protección, el aspecto de la protección sublimado se llama el ejercicio. El ejercicio le va a permitir a mi cuerpo ser adaptable, tener una cierta potencia y un cierto nivel de adaptación, y eso se llama compensar la función protectora ausente del padre. Entonces, cuando la persona es muy vigorexica, que se la pasa en el gimnasio, en el ejercicio y la chingada, yo le preguntaría, cuéntame de tu papá. ¿Ok? Ahora, la figura guía se le llama el mentor. El Albus Dumbledore de Harry Potter, el Gandalf de los Hobbits, ¿no? ¿Qué es eso? Es una figura paterna que te lleva a conocer al mundo y de paso te educa sobre el mundo. Te dice por qué son las cosas, cómo le puedes hacer, y este mentor siempre tiene consigo una herramienta mágica. Esa herramienta mágica nos lleva a un poder sobrenatural, con el que el protagonista tendrá más capacidad de encontrar las soluciones a las interferencias de su motivo, porque necesita prepararse para la llegada del antagonista. Un antagonista que independientemente de la forma de la historia está en contra del motivo, y eso genera algo que se llama la intriga, algo que todo escritor debe mantener en su obra para volverla interesante. ¿Qué es eso? El drama. En la cuestión psicosomática, eso le vamos a llamar la masa conflictual. ¿Cómo es que el drama se mantiene activo? Que siempre tiene la misma tesitura, pero van cambiando los personajes y las atmósferas. Eventualmente, el protagonista carente del cual surgió un motivo habrá de tener una confrontación con el antagonista. Y esa confrontación con el antagonista, si es una buena historia, dejará al protagonista marcado. Esta marca es l…"
curso-psicosomatica-y-biodescodificacion-1::003,curso-psicosomatica-y-biodescodificacion-1,Curso Psicosomática y Biodescodificación 1,Salud,,28,intake,36,46,/Users/m2/Documents/New project/data/processed_library/Salud/curso-psicosomatica-y-biodescodificacion-1/sources/transcripcion_completa.txt,"¿Qué crees? Lo vamos a ver en un momento más, pero sí tiene una relación. El aspecto que compensa la carencia nutritiva en el infante se llama el asegurarse la dieta. ¿Qué es eso? La persona que vivió una carencia en la infancia porque mamá no me nutrió, la forma de sublimar eso es una persona que le pone mucha atención a su dieta, le pone mucha atención a lo que come, cuándo lo come, por qué lo come, si le hace daño o si no, es la forma de sublimar el aspecto carente de la función materna. Y en el aspecto carente de la función paterna que tiene que ver con protección, el aspecto de la protección sublimado se llama el ejercicio. El ejercicio le va a permitir a mi cuerpo ser adaptable, tener una cierta potencia y un cierto nivel de adaptación, y eso se llama compensar la función protectora ausente del padre. Entonces, cuando la persona es muy vigorexica, que se la pasa en el gimnasio, en el ejercicio y la chingada, yo le preguntaría, cuéntame de tu papá. ¿Ok? Ahora, la figura guía se le llama el mentor. El Albus Dumbledore de Harry Potter, el Gandalf de los Hobbits, ¿no? ¿Qué es eso? Es una figura paterna que te lleva a conocer al mundo y de paso te educa sobre el mundo. Te dice por qué son las cosas, cómo le puedes hacer, y este mentor siempre tiene consigo una herramienta mágica. Esa herramienta mágica nos lleva a un poder sobrenatural, con el que el protagonista tendrá más capacidad de encontrar las soluciones a las interferencias de su motivo, porque necesita prepararse para la llegada del antagonista. Un antagonista que independientemente de la forma de la historia está en contra del motivo, y eso genera algo que se llama la intriga, algo que todo escritor debe mantener en su obra para volverla interesante. ¿Qué es eso? El drama. En la cuestión psicosomática, eso le vamos a llamar la masa conflictual. ¿Cómo es que el drama se mantiene activo? Que siempre tiene la misma tesitura, pero van cambiando los personajes y las atmósferas. Eventualmente, el protagonista carente del cual surgió un motivo habrá de tener una confrontación con el antagonista. Y esa confrontación con el antagonista, si es una buena historia, dejará al protagonista marcado. Esta marca es l…"
curso-psicosomatica-y-biodescodificacion-1::003,curso-psicosomatica-y-biodescodificacion-1,Curso Psicosomática y Biodescodificación 1,Salud,,28,systemic_analysis,36,46,/Users/m2/Documents/New project/data/processed_library/Salud/curso-psicosomatica-y-biodescodificacion-1/sources/transcripcion_completa.txt,"¿Qué crees? Lo vamos a ver en un momento más, pero sí tiene una relación. El aspecto que compensa la carencia nutritiva en el infante se llama el asegurarse la dieta. ¿Qué es eso? La persona que vivió una carencia en la infancia porque mamá no me nutrió, la forma de sublimar eso es una persona que le pone mucha atención a su dieta, le pone mucha atención a lo que come, cuándo lo come, por qué lo come, si le hace daño o si no, es la forma de sublimar el aspecto carente de la función materna. Y en el aspecto carente de la función paterna que tiene que ver con protección, el aspecto de la protección sublimado se llama el ejercicio. El ejercicio le va a permitir a mi cuerpo ser adaptable, tener una cierta potencia y un cierto nivel de adaptación, y eso se llama compensar la función protectora ausente del padre. Entonces, cuando la persona es muy vigorexica, que se la pasa en el gimnasio, en el ejercicio y la chingada, yo le preguntaría, cuéntame de tu papá. ¿Ok? Ahora, la figura guía se le llama el mentor. El Albus Dumbledore de Harry Potter, el Gandalf de los Hobbits, ¿no? ¿Qué es eso? Es una figura paterna que te lleva a conocer al mundo y de paso te educa sobre el mundo. Te dice por qué son las cosas, cómo le puedes hacer, y este mentor siempre tiene consigo una herramienta mágica. Esa herramienta mágica nos lleva a un poder sobrenatural, con el que el protagonista tendrá más capacidad de encontrar las soluciones a las interferencias de su motivo, porque necesita prepararse para la llegada del antagonista. Un antagonista que independientemente de la forma de la historia está en contra del motivo, y eso genera algo que se llama la intriga, algo que todo escritor debe mantener en su obra para volverla interesante. ¿Qué es eso? El drama. En la cuestión psicosomática, eso le vamos a llamar la masa conflictual. ¿Cómo es que el drama se mantiene activo? Que siempre tiene la misma tesitura, pero van cambiando los personajes y las atmósferas. Eventualmente, el protagonista carente del cual surgió un motivo habrá de tener una confrontación con el antagonista. Y esa confrontación con el antagonista, si es una buena historia, dejará al protagonista marcado. Esta marca es l…"
curso-psicosomatica-y-biodescodificacion-1::003,curso-psicosomatica-y-biodescodificacion-1,Curso Psicosomática y Biodescodificación 1,Salud,,28,tasks_and_closure,36,46,/Users/m2/Documents/New project/data/processed_library/Salud/curso-psicosomatica-y-biodescodificacion-1/sources/transcripcion_completa.txt,"¿Qué crees? Lo vamos a ver en un momento más, pero sí tiene una relación. El aspecto que compensa la carencia nutritiva en el infante se llama el asegurarse la dieta. ¿Qué es eso? La persona que vivió una carencia en la infancia porque mamá no me nutrió, la forma de sublimar eso es una persona que le pone mucha atención a su dieta, le pone mucha atención a lo que come, cuándo lo come, por qué lo come, si le hace daño o si no, es la forma de sublimar el aspecto carente de la función materna. Y en el aspecto carente de la función paterna que tiene que ver con protección, el aspecto de la protección sublimado se llama el ejercicio. El ejercicio le va a permitir a mi cuerpo ser adaptable, tener una cierta potencia y un cierto nivel de adaptación, y eso se llama compensar la función protectora ausente del padre. Entonces, cuando la persona es muy vigorexica, que se la pasa en el gimnasio, en el ejercicio y la chingada, yo le preguntaría, cuéntame de tu papá. ¿Ok? Ahora, la figura guía se le llama el mentor. El Albus Dumbledore de Harry Potter, el Gandalf de los Hobbits, ¿no? ¿Qué es eso? Es una figura paterna que te lleva a conocer al mundo y de paso te educa sobre el mundo. Te dice por qué son las cosas, cómo le puedes hacer, y este mentor siempre tiene consigo una herramienta mágica. Esa herramienta mágica nos lleva a un poder sobrenatural, con el que el protagonista tendrá más capacidad de encontrar las soluciones a las interferencias de su motivo, porque necesita prepararse para la llegada del antagonista. Un antagonista que independientemente de la forma de la historia está en contra del motivo, y eso genera algo que se llama la intriga, algo que todo escritor debe mantener en su obra para volverla interesante. ¿Qué es eso? El drama. En la cuestión psicosomática, eso le vamos a llamar la masa conflictual. ¿Cómo es que el drama se mantiene activo? Que siempre tiene la misma tesitura, pero van cambiando los personajes y las atmósferas. Eventualmente, el protagonista carente del cual surgió un motivo habrá de tener una confrontación con el antagonista. Y esa confrontación con el antagonista, si es una buena historia, dejará al protagonista marcado. Esta marca es l…"
curso-psicosomatica-y-biodescodificacion-1::009,curso-psicosomatica-y-biodescodificacion-1,Curso Psicosomática y Biodescodificación 1,Salud,,27,conflict_synthesis,89,98,/Users/m2/Documents/New project/data/processed_library/Salud/curso-psicosomatica-y-biodescodificacion-1/sources/transcripcion_completa.txt,"De la paz mamando a los vivos, déjalos pinches muertos en paz. Así se hace ese rito. Al final dice despedir y liberar en amor. Ya que acabaste tu trabajo, agradezco tu atención al llamado. Te deseo que tu camino de regreso a la fuente sea en amor, en armonía. Que tu reencuentro con el Padre, con la causa primera, siempre sea para la evolución de tu alma. Gracias. A chingar a tu madre. Y la vela se queda así hasta que se consuma por completo. ¿Ok? Eso es como para invocar a un muerto con el que tenemos un tema. Siguiente. Cepelio simbólico. El cepelio simbólico es un acto psicomágico para ayudar al proceso de duelo bloqueado en caso de abortos. ¿Qué es lo que buscamos en la vida? ¿Pertenencia y reconocimiento? ¿Qué buscamos en la muerte? Lo mismo. Entonces, bueno, vamos a buscar un lugar santo, porque es el panteón, porque es una iglesia, porque es un parque, porque es un lugar muy bello. No, que no es santo. Pues santifícalo. ¿No soy padre? ¿Pues eres hijo de Dios o no? Sí, entonces santifícalo. Si es que no es un lugar santo. Vas, cabas un hoyito, agarras una cajita, en la cajita pones un objeto simbólico o representativo de ese bebé que no nació. Una chambrita, un juguetito, un chupón, un zapato, un muñequito, no sé. Necesitas nombrar al niño. Ese niño necesita nombre. ¿Pero es que yo no sabía si era niño o niña? Sí lo sabes. ¿Qué crees que era? Yo creo que era niño. Pues era niño. Dale nombre a ese niño. Darle nombre le da reconocimiento. Lo vuelve parte del árbol. Y si le vuelve parte del árbol, entonces tiene pertenencia. Deja de ser una memoria latente buscando dónde descargarse. Al tú darle nombre, entonces tú ya tienes influencia y ya tienes capacidad de comunicarte con esa memoria, con esa energía, con ese ser. Está la cajita, está el objeto, tú ya sabes que ese niño se llama tal porque tú ya le diste el nombre, niña o niño. Y bueno, le vas a hacer un oponopono. Siento mucho que en ese momento yo no tuviera las condiciones adecuadas para recibirte. Siento mucho que hayas elegido a un par de desobligados y güeyes inmaduros como fuimos yo y tu mamá o yo y tu papá. Siento mucho que no hubiéramos tenido el tiempo que hubiéramos podido tener aquí en la tier…"
curso-psicosomatica-y-biodescodificacion-1::009,curso-psicosomatica-y-biodescodificacion-1,Curso Psicosomática y Biodescodificación 1,Salud,,27,intake,89,98,/Users/m2/Documents/New project/data/processed_library/Salud/curso-psicosomatica-y-biodescodificacion-1/sources/transcripcion_completa.txt,"De la paz mamando a los vivos, déjalos pinches muertos en paz. Así se hace ese rito. Al final dice despedir y liberar en amor. Ya que acabaste tu trabajo, agradezco tu atención al llamado. Te deseo que tu camino de regreso a la fuente sea en amor, en armonía. Que tu reencuentro con el Padre, con la causa primera, siempre sea para la evolución de tu alma. Gracias. A chingar a tu madre. Y la vela se queda así hasta que se consuma por completo. ¿Ok? Eso es como para invocar a un muerto con el que tenemos un tema. Siguiente. Cepelio simbólico. El cepelio simbólico es un acto psicomágico para ayudar al proceso de duelo bloqueado en caso de abortos. ¿Qué es lo que buscamos en la vida? ¿Pertenencia y reconocimiento? ¿Qué buscamos en la muerte? Lo mismo. Entonces, bueno, vamos a buscar un lugar santo, porque es el panteón, porque es una iglesia, porque es un parque, porque es un lugar muy bello. No, que no es santo. Pues santifícalo. ¿No soy padre? ¿Pues eres hijo de Dios o no? Sí, entonces santifícalo. Si es que no es un lugar santo. Vas, cabas un hoyito, agarras una cajita, en la cajita pones un objeto simbólico o representativo de ese bebé que no nació. Una chambrita, un juguetito, un chupón, un zapato, un muñequito, no sé. Necesitas nombrar al niño. Ese niño necesita nombre. ¿Pero es que yo no sabía si era niño o niña? Sí lo sabes. ¿Qué crees que era? Yo creo que era niño. Pues era niño. Dale nombre a ese niño. Darle nombre le da reconocimiento. Lo vuelve parte del árbol. Y si le vuelve parte del árbol, entonces tiene pertenencia. Deja de ser una memoria latente buscando dónde descargarse. Al tú darle nombre, entonces tú ya tienes influencia y ya tienes capacidad de comunicarte con esa memoria, con esa energía, con ese ser. Está la cajita, está el objeto, tú ya sabes que ese niño se llama tal porque tú ya le diste el nombre, niña o niño. Y bueno, le vas a hacer un oponopono. Siento mucho que en ese momento yo no tuviera las condiciones adecuadas para recibirte. Siento mucho que hayas elegido a un par de desobligados y güeyes inmaduros como fuimos yo y tu mamá o yo y tu papá. Siento mucho que no hubiéramos tenido el tiempo que hubiéramos podido tener aquí en la tier…"
curso-psicosomatica-y-biodescodificacion-1::009,curso-psicosomatica-y-biodescodificacion-1,Curso Psicosomática y Biodescodificación 1,Salud,,27,intervention,89,98,/Users/m2/Documents/New project/data/processed_library/Salud/curso-psicosomatica-y-biodescodificacion-1/sources/transcripcion_completa.txt,"De la paz mamando a los vivos, déjalos pinches muertos en paz. Así se hace ese rito. Al final dice despedir y liberar en amor. Ya que acabaste tu trabajo, agradezco tu atención al llamado. Te deseo que tu camino de regreso a la fuente sea en amor, en armonía. Que tu reencuentro con el Padre, con la causa primera, siempre sea para la evolución de tu alma. Gracias. A chingar a tu madre. Y la vela se queda así hasta que se consuma por completo. ¿Ok? Eso es como para invocar a un muerto con el que tenemos un tema. Siguiente. Cepelio simbólico. El cepelio simbólico es un acto psicomágico para ayudar al proceso de duelo bloqueado en caso de abortos. ¿Qué es lo que buscamos en la vida? ¿Pertenencia y reconocimiento? ¿Qué buscamos en la muerte? Lo mismo. Entonces, bueno, vamos a buscar un lugar santo, porque es el panteón, porque es una iglesia, porque es un parque, porque es un lugar muy bello. No, que no es santo. Pues santifícalo. ¿No soy padre? ¿Pues eres hijo de Dios o no? Sí, entonces santifícalo. Si es que no es un lugar santo. Vas, cabas un hoyito, agarras una cajita, en la cajita pones un objeto simbólico o representativo de ese bebé que no nació. Una chambrita, un juguetito, un chupón, un zapato, un muñequito, no sé. Necesitas nombrar al niño. Ese niño necesita nombre. ¿Pero es que yo no sabía si era niño o niña? Sí lo sabes. ¿Qué crees que era? Yo creo que era niño. Pues era niño. Dale nombre a ese niño. Darle nombre le da reconocimiento. Lo vuelve parte del árbol. Y si le vuelve parte del árbol, entonces tiene pertenencia. Deja de ser una memoria latente buscando dónde descargarse. Al tú darle nombre, entonces tú ya tienes influencia y ya tienes capacidad de comunicarte con esa memoria, con esa energía, con ese ser. Está la cajita, está el objeto, tú ya sabes que ese niño se llama tal porque tú ya le diste el nombre, niña o niño. Y bueno, le vas a hacer un oponopono. Siento mucho que en ese momento yo no tuviera las condiciones adecuadas para recibirte. Siento mucho que hayas elegido a un par de desobligados y güeyes inmaduros como fuimos yo y tu mamá o yo y tu papá. Siento mucho que no hubiéramos tenido el tiempo que hubiéramos podido tener aquí en la tier…"
curso-psicosomatica-y-biodescodificacion-1::009,curso-psicosomatica-y-biodescodificacion-1,Curso Psicosomática y Biodescodificación 1,Salud,,27,tasks_and_closure,89,98,/Users/m2/Documents/New project/data/processed_library/Salud/curso-psicosomatica-y-biodescodificacion-1/sources/transcripcion_completa.txt,"De la paz mamando a los vivos, déjalos pinches muertos en paz. Así se hace ese rito. Al final dice despedir y liberar en amor. Ya que acabaste tu trabajo, agradezco tu atención al llamado. Te deseo que tu camino de regreso a la fuente sea en amor, en armonía. Que tu reencuentro con el Padre, con la causa primera, siempre sea para la evolución de tu alma. Gracias. A chingar a tu madre. Y la vela se queda así hasta que se consuma por completo. ¿Ok? Eso es como para invocar a un muerto con el que tenemos un tema. Siguiente. Cepelio simbólico. El cepelio simbólico es un acto psicomágico para ayudar al proceso de duelo bloqueado en caso de abortos. ¿Qué es lo que buscamos en la vida? ¿Pertenencia y reconocimiento? ¿Qué buscamos en la muerte? Lo mismo. Entonces, bueno, vamos a buscar un lugar santo, porque es el panteón, porque es una iglesia, porque es un parque, porque es un lugar muy bello. No, que no es santo. Pues santifícalo. ¿No soy padre? ¿Pues eres hijo de Dios o no? Sí, entonces santifícalo. Si es que no es un lugar santo. Vas, cabas un hoyito, agarras una cajita, en la cajita pones un objeto simbólico o representativo de ese bebé que no nació. Una chambrita, un juguetito, un chupón, un zapato, un muñequito, no sé. Necesitas nombrar al niño. Ese niño necesita nombre. ¿Pero es que yo no sabía si era niño o niña? Sí lo sabes. ¿Qué crees que era? Yo creo que era niño. Pues era niño. Dale nombre a ese niño. Darle nombre le da reconocimiento. Lo vuelve parte del árbol. Y si le vuelve parte del árbol, entonces tiene pertenencia. Deja de ser una memoria latente buscando dónde descargarse. Al tú darle nombre, entonces tú ya tienes influencia y ya tienes capacidad de comunicarte con esa memoria, con esa energía, con ese ser. Está la cajita, está el objeto, tú ya sabes que ese niño se llama tal porque tú ya le diste el nombre, niña o niño. Y bueno, le vas a hacer un oponopono. Siento mucho que en ese momento yo no tuviera las condiciones adecuadas para recibirte. Siento mucho que hayas elegido a un par de desobligados y güeyes inmaduros como fuimos yo y tu mamá o yo y tu papá. Siento mucho que no hubiéramos tenido el tiempo que hubiéramos podido tener aquí en la tier…"
curso-psicosomatica-y-biodescodificacion-1::007,curso-psicosomatica-y-biodescodificacion-1,Curso Psicosomática y Biodescodificación 1,Salud,,25,conflict_synthesis,75,79,/Users/m2/Documents/New project/data/processed_library/Salud/curso-psicosomatica-y-biodescodificacion-1/sources/transcripcion_completa.txt,"Estaremos ahí para apoyarnos, pero podemos ser grandes aliados, muy buenos amigos, sí, por los hijos y por la casa que pusimos en Airbnb para que a los dos nos toque una feria y sí, te paso unos libros que de repente me llegan porque creemos en las mismas mamadas, pero para qué me aferro a ocupar un espacio en tu vida que tú mereces libre, nada más porque ya estamos aquí. No, eso sería traicionar a esa persona y traicionar a uno mismo. Entonces, desde la sanación del elefante herido y la trascendencia y el desmantelamiento de los campos de distorsión, habremos de hacer una reflexión honesta para ver si realmente tiene esa pareja sentido. ¿Ok? ¿Pregunta allá? Espérame tantito, primero la de rojo. Ahí Sandy, muchas gracias. Te escucho. Bueno, este es un poquito referente a lo que son las afinidades. Perdóname otra vez. ¿Cómo? ¿Me repites? Tiene que ver mi pregunta en las afinidades por los nombres. Por ejemplo, yo descubrí hace relativamente poco tiempo que yo tengo el nombre del gran amor de mi papá, pero mi mamá no sabe. Yo me enteré a través de mis hermanos y yo siempre he tenido conflicto con ella de celos desde que tengo memoria. ¿Qué tiene eso que ver? Todo, mi reina. ¿Qué tiene que ver que mi papá me puso el nombre del amor de su vida? Mamacita, a ver. En el misticismo, conocer el nombre del ente te da poder sobre él mismo. ¿Quieres invocar una inteligencia espiritual, un muerto, un demonio, un arquetipo angelical? ¿Qué necesitas? El nombre. El nombre es el paquete energético, la firma, el código base de un sistema de información. El nombre es en sí mismo un programa. Ahora, cuando yo elijo el nombre del hijo, parece pleonasmo, pero cuando elijo el nombre del hijo hay una parte mía consciente, pero principalmente lo elijo de forma inconsciente. La parte consciente se fija en cuestiones como la estética, el honor, suena bonito, encaja con los apellidos, honro a alguna persona, ¿no? Y en el inconsciente hay muchísimos más motivos. Lo que por lo consciente puede sonar como inocente, como que hay algo, es que es una buena intención, es un detalle bonito, la verdad es que me habla de un temón acá. Si tu papá tuvo una pareja sumamente significativa, lo suficient…"
curso-psicosomatica-y-biodescodificacion-1::007,curso-psicosomatica-y-biodescodificacion-1,Curso Psicosomática y Biodescodificación 1,Salud,,25,intake,75,79,/Users/m2/Documents/New project/data/processed_library/Salud/curso-psicosomatica-y-biodescodificacion-1/sources/transcripcion_completa.txt,"Estaremos ahí para apoyarnos, pero podemos ser grandes aliados, muy buenos amigos, sí, por los hijos y por la casa que pusimos en Airbnb para que a los dos nos toque una feria y sí, te paso unos libros que de repente me llegan porque creemos en las mismas mamadas, pero para qué me aferro a ocupar un espacio en tu vida que tú mereces libre, nada más porque ya estamos aquí. No, eso sería traicionar a esa persona y traicionar a uno mismo. Entonces, desde la sanación del elefante herido y la trascendencia y el desmantelamiento de los campos de distorsión, habremos de hacer una reflexión honesta para ver si realmente tiene esa pareja sentido. ¿Ok? ¿Pregunta allá? Espérame tantito, primero la de rojo. Ahí Sandy, muchas gracias. Te escucho. Bueno, este es un poquito referente a lo que son las afinidades. Perdóname otra vez. ¿Cómo? ¿Me repites? Tiene que ver mi pregunta en las afinidades por los nombres. Por ejemplo, yo descubrí hace relativamente poco tiempo que yo tengo el nombre del gran amor de mi papá, pero mi mamá no sabe. Yo me enteré a través de mis hermanos y yo siempre he tenido conflicto con ella de celos desde que tengo memoria. ¿Qué tiene eso que ver? Todo, mi reina. ¿Qué tiene que ver que mi papá me puso el nombre del amor de su vida? Mamacita, a ver. En el misticismo, conocer el nombre del ente te da poder sobre él mismo. ¿Quieres invocar una inteligencia espiritual, un muerto, un demonio, un arquetipo angelical? ¿Qué necesitas? El nombre. El nombre es el paquete energético, la firma, el código base de un sistema de información. El nombre es en sí mismo un programa. Ahora, cuando yo elijo el nombre del hijo, parece pleonasmo, pero cuando elijo el nombre del hijo hay una parte mía consciente, pero principalmente lo elijo de forma inconsciente. La parte consciente se fija en cuestiones como la estética, el honor, suena bonito, encaja con los apellidos, honro a alguna persona, ¿no? Y en el inconsciente hay muchísimos más motivos. Lo que por lo consciente puede sonar como inocente, como que hay algo, es que es una buena intención, es un detalle bonito, la verdad es que me habla de un temón acá. Si tu papá tuvo una pareja sumamente significativa, lo suficient…"
curso-psicosomatica-y-biodescodificacion-1::007,curso-psicosomatica-y-biodescodificacion-1,Curso Psicosomática y Biodescodificación 1,Salud,,25,systemic_analysis,75,79,/Users/m2/Documents/New project/data/processed_library/Salud/curso-psicosomatica-y-biodescodificacion-1/sources/transcripcion_completa.txt,"Estaremos ahí para apoyarnos, pero podemos ser grandes aliados, muy buenos amigos, sí, por los hijos y por la casa que pusimos en Airbnb para que a los dos nos toque una feria y sí, te paso unos libros que de repente me llegan porque creemos en las mismas mamadas, pero para qué me aferro a ocupar un espacio en tu vida que tú mereces libre, nada más porque ya estamos aquí. No, eso sería traicionar a esa persona y traicionar a uno mismo. Entonces, desde la sanación del elefante herido y la trascendencia y el desmantelamiento de los campos de distorsión, habremos de hacer una reflexión honesta para ver si realmente tiene esa pareja sentido. ¿Ok? ¿Pregunta allá? Espérame tantito, primero la de rojo. Ahí Sandy, muchas gracias. Te escucho. Bueno, este es un poquito referente a lo que son las afinidades. Perdóname otra vez. ¿Cómo? ¿Me repites? Tiene que ver mi pregunta en las afinidades por los nombres. Por ejemplo, yo descubrí hace relativamente poco tiempo que yo tengo el nombre del gran amor de mi papá, pero mi mamá no sabe. Yo me enteré a través de mis hermanos y yo siempre he tenido conflicto con ella de celos desde que tengo memoria. ¿Qué tiene eso que ver? Todo, mi reina. ¿Qué tiene que ver que mi papá me puso el nombre del amor de su vida? Mamacita, a ver. En el misticismo, conocer el nombre del ente te da poder sobre él mismo. ¿Quieres invocar una inteligencia espiritual, un muerto, un demonio, un arquetipo angelical? ¿Qué necesitas? El nombre. El nombre es el paquete energético, la firma, el código base de un sistema de información. El nombre es en sí mismo un programa. Ahora, cuando yo elijo el nombre del hijo, parece pleonasmo, pero cuando elijo el nombre del hijo hay una parte mía consciente, pero principalmente lo elijo de forma inconsciente. La parte consciente se fija en cuestiones como la estética, el honor, suena bonito, encaja con los apellidos, honro a alguna persona, ¿no? Y en el inconsciente hay muchísimos más motivos. Lo que por lo consciente puede sonar como inocente, como que hay algo, es que es una buena intención, es un detalle bonito, la verdad es que me habla de un temón acá. Si tu papá tuvo una pareja sumamente significativa, lo suficient…"
curso-psicosomatica-y-biodescodificacion-1::001,curso-psicosomatica-y-biodescodificacion-1,Curso Psicosomática y Biodescodificación 1,Salud,,18,conflict_synthesis,4,8,/Users/m2/Documents/New project/data/processed_library/Salud/curso-psicosomatica-y-biodescodificacion-1/sources/transcripcion_completa.txt,"O sea, una creencia lleva a otra, y uno saca una conclusión aparentemente lógica. Muchas personas podrán decir, es que esa lógica tiene razón. México es un país muy grande, hay mucha gente, mientras más gente hay, más probabilidad de que haya gente pobre, mientras la gente más pobre es más necesidad tiene, mientras más necesidad más roban. La conclusión sería, en México fácil te roban, ¿no? Y muchos dirán, confirmo, por dos me ha pasado. Pero no para todos es la misma realidad. Estas creencias no son ciertas ni falsas, son percepciones formadas en la mente de alguien que lo ha comprobado. Una creencia me va a llevar a un campo de atracción. ¿Qué es un campo de atracción? Es una circunstancia en donde mi mente consciente va a poder confirmar la creencia del inconsciente. ¿Qué significa eso? Que tiendo a generar eventos que comprueben mis creencias. Y aquí la explicación ya no es tan lógica. Nos metemos en este aspecto místico de la influencia mente-materia y la chingada, no me voy a detener ahí, cada quien piense lo que quiera. Pero es muy obvio. Si yo enfoco mi atención en un objeto de la realidad, ese objeto de la realidad lo voy a empezar a ver más frecuentemente, simplemente por efecto de mi atención prolongada. Y al observar el objeto más frecuentemente en mi realidad, voy a tender a interactuar con él mismo y eso va a generarme dramas o historias alrededor de ese objeto o concepto. Entonces, esta creencia me va a llevar a una serie de eventos que yo atraigo, y estos eventos confirman esta creencia. Estos eventos normalmente es mi inconsciente buscando una oportunidad de vivir algo de forma diferente. Si yo ya viví un drama y ese drama lo sufrí, mi inconsciente va a buscar que el drama se repita, aunque no logre coincidir en atmósferas o en personajes, pero mi inconsciente va a buscar que el drama se repita para yo tener una nueva oportunidad de vivirlo de forma distinta. Mi inconsciente quiere resignificar la realidad y atraigo ese evento una vez más. El problema es que no lo vivo de una forma distinta, la cago igual. O sea, la intención de mi inconsciente es buena. Dice, otro, otro, no quiere que yo me quede con ese sabor de boca de ese tipo de circunstan…"
curso-psicosomatica-y-biodescodificacion-1::002,curso-psicosomatica-y-biodescodificacion-1,Curso Psicosomática y Biodescodificación 1,Salud,,18,conflict_synthesis,21,25,/Users/m2/Documents/New project/data/processed_library/Salud/curso-psicosomatica-y-biodescodificacion-1/sources/transcripcion_completa.txt,"O sea, una creencia lleva a otra y uno saca una conclusión aparentemente lógica. Muchas personas podrán decir, es que esa lógica tiene razón. México es un país muy grande, hay mucha gente, mientras más gente hay, más probabilidad que haya gente pobre, mientras la gente más pobre es más necesidad tiene, mientras más necesidad más roban, la conclusión sería en México fácil te roban, ¿no? Y muchos dirán, confirmo, por dos me ha pasado. Pero no para todos es la misma realidad. Estas creencias no son ciertas ni falsas, son percepciones formadas en la mente de alguien que lo ha comprobado. Una creencia me va a llevar a un campo de atracción. ¿Qué es un campo de atracción? Es una circunstancia en donde mi mente consciente va a poder confirmar la creencia del inconsciente. ¿Qué significa eso? Que tiendo a generar eventos que comprueben mis creencias. Y aquí la explicación ya no es tan lógica. Nos metemos en este aspecto místico de la influencia mente-materia y la chingada, no me voy a detener ahí, cada quien piense lo que quiera, pero es muy obvio. Si yo enfoco mi atención en un objeto de la realidad, ese objeto de la realidad lo voy a empezar a ver más frecuentemente, simplemente por efecto de mi atención prolongada. Y al observar el objeto más frecuentemente en mi realidad voy a tender a interactuar con el mismo y eso va a generarme dramas o historias alrededor de ese objeto o concepto. Entonces esta creencia me va a llevar a una serie de eventos que yo atraigo y estos eventos confirman esta creencia. Estos eventos normalmente es mi inconsciente buscando una oportunidad de vivir algo de forma diferente. Si yo ya viví un drama y ese drama lo sufrí, mi inconsciente va a buscar que el drama se repita, aunque no logre coincidir en atmósferas o en personajes, pero mi inconsciente va a buscar que el drama se repita para yo tener una nueva oportunidad de vivirlo de forma distinta. Mi inconsciente quiere resignificar la realidad y atraigo ese evento una vez más. El problema es que no lo vivo de una forma distinta, la cago igual. O sea, la intención de mi inconsciente es buena. Dice, otra oportunidad. No quiere que yo me quede con ese sabor de boca de ese tipo de circunstanci…"
curso-psicosomatica-y-biodescodificacion-1::001,curso-psicosomatica-y-biodescodificacion-1,Curso Psicosomática y Biodescodificación 1,Salud,,18,intake,4,8,/Users/m2/Documents/New project/data/processed_library/Salud/curso-psicosomatica-y-biodescodificacion-1/sources/transcripcion_completa.txt,"O sea, una creencia lleva a otra, y uno saca una conclusión aparentemente lógica. Muchas personas podrán decir, es que esa lógica tiene razón. México es un país muy grande, hay mucha gente, mientras más gente hay, más probabilidad de que haya gente pobre, mientras la gente más pobre es más necesidad tiene, mientras más necesidad más roban. La conclusión sería, en México fácil te roban, ¿no? Y muchos dirán, confirmo, por dos me ha pasado. Pero no para todos es la misma realidad. Estas creencias no son ciertas ni falsas, son percepciones formadas en la mente de alguien que lo ha comprobado. Una creencia me va a llevar a un campo de atracción. ¿Qué es un campo de atracción? Es una circunstancia en donde mi mente consciente va a poder confirmar la creencia del inconsciente. ¿Qué significa eso? Que tiendo a generar eventos que comprueben mis creencias. Y aquí la explicación ya no es tan lógica. Nos metemos en este aspecto místico de la influencia mente-materia y la chingada, no me voy a detener ahí, cada quien piense lo que quiera. Pero es muy obvio. Si yo enfoco mi atención en un objeto de la realidad, ese objeto de la realidad lo voy a empezar a ver más frecuentemente, simplemente por efecto de mi atención prolongada. Y al observar el objeto más frecuentemente en mi realidad, voy a tender a interactuar con él mismo y eso va a generarme dramas o historias alrededor de ese objeto o concepto. Entonces, esta creencia me va a llevar a una serie de eventos que yo atraigo, y estos eventos confirman esta creencia. Estos eventos normalmente es mi inconsciente buscando una oportunidad de vivir algo de forma diferente. Si yo ya viví un drama y ese drama lo sufrí, mi inconsciente va a buscar que el drama se repita, aunque no logre coincidir en atmósferas o en personajes, pero mi inconsciente va a buscar que el drama se repita para yo tener una nueva oportunidad de vivirlo de forma distinta. Mi inconsciente quiere resignificar la realidad y atraigo ese evento una vez más. El problema es que no lo vivo de una forma distinta, la cago igual. O sea, la intención de mi inconsciente es buena. Dice, otro, otro, no quiere que yo me quede con ese sabor de boca de ese tipo de circunstan…"
curso-psicosomatica-y-biodescodificacion-1::002,curso-psicosomatica-y-biodescodificacion-1,Curso Psicosomática y Biodescodificación 1,Salud,,18,intake,21,25,/Users/m2/Documents/New project/data/processed_library/Salud/curso-psicosomatica-y-biodescodificacion-1/sources/transcripcion_completa.txt,"O sea, una creencia lleva a otra y uno saca una conclusión aparentemente lógica. Muchas personas podrán decir, es que esa lógica tiene razón. México es un país muy grande, hay mucha gente, mientras más gente hay, más probabilidad que haya gente pobre, mientras la gente más pobre es más necesidad tiene, mientras más necesidad más roban, la conclusión sería en México fácil te roban, ¿no? Y muchos dirán, confirmo, por dos me ha pasado. Pero no para todos es la misma realidad. Estas creencias no son ciertas ni falsas, son percepciones formadas en la mente de alguien que lo ha comprobado. Una creencia me va a llevar a un campo de atracción. ¿Qué es un campo de atracción? Es una circunstancia en donde mi mente consciente va a poder confirmar la creencia del inconsciente. ¿Qué significa eso? Que tiendo a generar eventos que comprueben mis creencias. Y aquí la explicación ya no es tan lógica. Nos metemos en este aspecto místico de la influencia mente-materia y la chingada, no me voy a detener ahí, cada quien piense lo que quiera, pero es muy obvio. Si yo enfoco mi atención en un objeto de la realidad, ese objeto de la realidad lo voy a empezar a ver más frecuentemente, simplemente por efecto de mi atención prolongada. Y al observar el objeto más frecuentemente en mi realidad voy a tender a interactuar con el mismo y eso va a generarme dramas o historias alrededor de ese objeto o concepto. Entonces esta creencia me va a llevar a una serie de eventos que yo atraigo y estos eventos confirman esta creencia. Estos eventos normalmente es mi inconsciente buscando una oportunidad de vivir algo de forma diferente. Si yo ya viví un drama y ese drama lo sufrí, mi inconsciente va a buscar que el drama se repita, aunque no logre coincidir en atmósferas o en personajes, pero mi inconsciente va a buscar que el drama se repita para yo tener una nueva oportunidad de vivirlo de forma distinta. Mi inconsciente quiere resignificar la realidad y atraigo ese evento una vez más. El problema es que no lo vivo de una forma distinta, la cago igual. O sea, la intención de mi inconsciente es buena. Dice, otra oportunidad. No quiere que yo me quede con ese sabor de boca de ese tipo de circunstanci…"
curso-psicosomatica-y-biodescodificacion-1::001,curso-psicosomatica-y-biodescodificacion-1,Curso Psicosomática y Biodescodificación 1,Salud,,18,systemic_analysis,4,8,/Users/m2/Documents/New project/data/processed_library/Salud/curso-psicosomatica-y-biodescodificacion-1/sources/transcripcion_completa.txt,"O sea, una creencia lleva a otra, y uno saca una conclusión aparentemente lógica. Muchas personas podrán decir, es que esa lógica tiene razón. México es un país muy grande, hay mucha gente, mientras más gente hay, más probabilidad de que haya gente pobre, mientras la gente más pobre es más necesidad tiene, mientras más necesidad más roban. La conclusión sería, en México fácil te roban, ¿no? Y muchos dirán, confirmo, por dos me ha pasado. Pero no para todos es la misma realidad. Estas creencias no son ciertas ni falsas, son percepciones formadas en la mente de alguien que lo ha comprobado. Una creencia me va a llevar a un campo de atracción. ¿Qué es un campo de atracción? Es una circunstancia en donde mi mente consciente va a poder confirmar la creencia del inconsciente. ¿Qué significa eso? Que tiendo a generar eventos que comprueben mis creencias. Y aquí la explicación ya no es tan lógica. Nos metemos en este aspecto místico de la influencia mente-materia y la chingada, no me voy a detener ahí, cada quien piense lo que quiera. Pero es muy obvio. Si yo enfoco mi atención en un objeto de la realidad, ese objeto de la realidad lo voy a empezar a ver más frecuentemente, simplemente por efecto de mi atención prolongada. Y al observar el objeto más frecuentemente en mi realidad, voy a tender a interactuar con él mismo y eso va a generarme dramas o historias alrededor de ese objeto o concepto. Entonces, esta creencia me va a llevar a una serie de eventos que yo atraigo, y estos eventos confirman esta creencia. Estos eventos normalmente es mi inconsciente buscando una oportunidad de vivir algo de forma diferente. Si yo ya viví un drama y ese drama lo sufrí, mi inconsciente va a buscar que el drama se repita, aunque no logre coincidir en atmósferas o en personajes, pero mi inconsciente va a buscar que el drama se repita para yo tener una nueva oportunidad de vivirlo de forma distinta. Mi inconsciente quiere resignificar la realidad y atraigo ese evento una vez más. El problema es que no lo vivo de una forma distinta, la cago igual. O sea, la intención de mi inconsciente es buena. Dice, otro, otro, no quiere que yo me quede con ese sabor de boca de ese tipo de circunstan…"
curso-psicosomatica-y-biodescodificacion-1::002,curso-psicosomatica-y-biodescodificacion-1,Curso Psicosomática y Biodescodificación 1,Salud,,18,systemic_analysis,21,25,/Users/m2/Documents/New project/data/processed_library/Salud/curso-psicosomatica-y-biodescodificacion-1/sources/transcripcion_completa.txt,"O sea, una creencia lleva a otra y uno saca una conclusión aparentemente lógica. Muchas personas podrán decir, es que esa lógica tiene razón. México es un país muy grande, hay mucha gente, mientras más gente hay, más probabilidad que haya gente pobre, mientras la gente más pobre es más necesidad tiene, mientras más necesidad más roban, la conclusión sería en México fácil te roban, ¿no? Y muchos dirán, confirmo, por dos me ha pasado. Pero no para todos es la misma realidad. Estas creencias no son ciertas ni falsas, son percepciones formadas en la mente de alguien que lo ha comprobado. Una creencia me va a llevar a un campo de atracción. ¿Qué es un campo de atracción? Es una circunstancia en donde mi mente consciente va a poder confirmar la creencia del inconsciente. ¿Qué significa eso? Que tiendo a generar eventos que comprueben mis creencias. Y aquí la explicación ya no es tan lógica. Nos metemos en este aspecto místico de la influencia mente-materia y la chingada, no me voy a detener ahí, cada quien piense lo que quiera, pero es muy obvio. Si yo enfoco mi atención en un objeto de la realidad, ese objeto de la realidad lo voy a empezar a ver más frecuentemente, simplemente por efecto de mi atención prolongada. Y al observar el objeto más frecuentemente en mi realidad voy a tender a interactuar con el mismo y eso va a generarme dramas o historias alrededor de ese objeto o concepto. Entonces esta creencia me va a llevar a una serie de eventos que yo atraigo y estos eventos confirman esta creencia. Estos eventos normalmente es mi inconsciente buscando una oportunidad de vivir algo de forma diferente. Si yo ya viví un drama y ese drama lo sufrí, mi inconsciente va a buscar que el drama se repita, aunque no logre coincidir en atmósferas o en personajes, pero mi inconsciente va a buscar que el drama se repita para yo tener una nueva oportunidad de vivirlo de forma distinta. Mi inconsciente quiere resignificar la realidad y atraigo ese evento una vez más. El problema es que no lo vivo de una forma distinta, la cago igual. O sea, la intención de mi inconsciente es buena. Dice, otra oportunidad. No quiere que yo me quede con ese sabor de boca de ese tipo de circunstanci…"
diplomado-ancestros-y-raices::009,diplomado-ancestros-y-raices,Diplomado Ancestros y Raíces,Diplomados,diplomados__ancestros_y_raices__modulo_4,19,intake,69,76,/Users/m2/Documents/New project/data/processed_library/Diplomados/diplomado-ancestros-y-raices/sources/transcripcion_completa.txt,"chisporrió. ¿Cuánto es 7 más 9? 1985. Que hubiera nacido uno en mil novecientos... ¿Sí? Ah, perdón. 1986. ¿Aquí? Por lo regular va a haber una pérdida. Pérdida. Un hermano que no nació. Energéticamente siempre van a salir. O sea, sobre todo que hubo mucha distancia. Pero ojo, no se habla... Mira, por ejemplo, aquí hay quien lo puede certificar. A ver, pasen la... Tu nombre... Hola, amigos. Ok. Más cerquita. Sí, sí, sí, se escucha, pero vamos... No, yo sí la escuché. Es Katia. No. A ver, préndelo otra vez. Pégatelo así, mira. Este es unidireccional. Acuérdense que es... Pégense el micrófono. Mi nombre es Katia y tengo tres hijos. Pero hay un divorcio. La primera le lleva a mi segundo hijo 10 años, pero porque fue un divorcio. A ver, déjame. Mi primera hija es de mi primer matrimonio y pasan 10 años y tengo a mi hijo. Ahí no hay pérdidas, al menos que yo me haya dado cuenta. A ver, ¿cómo dices que dijiste? A ver, ¿qué año? ¿Qué año el primer hijo? Es del 99. 1999. Ay, hasta siento raro escribir este número. ¿Luego? 2009. Ah, 2000. ¡Ay! ¿Tanto? Ajá. Ay. Sí. 2009. Y luego la más chiquita es del 2013. 2013. Bueno, aquí fue porque hubo un divorcio. O sea, aquí la aplica. Si tú hubieras seguido con la misma pareja teniendo la misma actividad sexual por estadística, pues, pero aquí de dónde lo sacabas ni que de modo del espíritu. Pero ahí están los otros. También hay una separación larga. Pero ¿y tenías actividad? No. ¿Aquí cuántos años son? Tres años y medio. Cuatro. Ay, gracias por darme las cuentas. Ok. No. Digo, no es que estemos exponiendo. A ver, escuchen, escuchen. Ahí les va. A ver, espérenme que los de allá no van a saber. Y luego, a ver, es que aquí ya se están diciendo, ¿y qué hubo? ¿Qué pasó? A ver, ahí les va. A ver, escuchen. Escuchen, escuchen, escuchen, escuchen. Ok. Aquí, por obvias razones, o sea, hubo una separación, no hubo actividad. No hay un ritmo, por así decir, ¿no? No hay un ritmo. Tú sacas la media de tus hijos. Por ejemplo, a lo mejor si tú tienes del 2009 al 2013 y luego nace uno de 2007, tu media son cuatro años. ¿Sí me explico? Pero no hay otro. O sea, tu ritmo es de cuatro años. Porque les dije que cambió. ¿Por qué? Porque ya hay métodos…"
diplomado-ancestros-y-raices::009,diplomado-ancestros-y-raices,Diplomado Ancestros y Raíces,Diplomados,diplomados__ancestros_y_raices__modulo_4,19,systemic_analysis,69,76,/Users/m2/Documents/New project/data/processed_library/Diplomados/diplomado-ancestros-y-raices/sources/transcripcion_completa.txt,"chisporrió. ¿Cuánto es 7 más 9? 1985. Que hubiera nacido uno en mil novecientos... ¿Sí? Ah, perdón. 1986. ¿Aquí? Por lo regular va a haber una pérdida. Pérdida. Un hermano que no nació. Energéticamente siempre van a salir. O sea, sobre todo que hubo mucha distancia. Pero ojo, no se habla... Mira, por ejemplo, aquí hay quien lo puede certificar. A ver, pasen la... Tu nombre... Hola, amigos. Ok. Más cerquita. Sí, sí, sí, se escucha, pero vamos... No, yo sí la escuché. Es Katia. No. A ver, préndelo otra vez. Pégatelo así, mira. Este es unidireccional. Acuérdense que es... Pégense el micrófono. Mi nombre es Katia y tengo tres hijos. Pero hay un divorcio. La primera le lleva a mi segundo hijo 10 años, pero porque fue un divorcio. A ver, déjame. Mi primera hija es de mi primer matrimonio y pasan 10 años y tengo a mi hijo. Ahí no hay pérdidas, al menos que yo me haya dado cuenta. A ver, ¿cómo dices que dijiste? A ver, ¿qué año? ¿Qué año el primer hijo? Es del 99. 1999. Ay, hasta siento raro escribir este número. ¿Luego? 2009. Ah, 2000. ¡Ay! ¿Tanto? Ajá. Ay. Sí. 2009. Y luego la más chiquita es del 2013. 2013. Bueno, aquí fue porque hubo un divorcio. O sea, aquí la aplica. Si tú hubieras seguido con la misma pareja teniendo la misma actividad sexual por estadística, pues, pero aquí de dónde lo sacabas ni que de modo del espíritu. Pero ahí están los otros. También hay una separación larga. Pero ¿y tenías actividad? No. ¿Aquí cuántos años son? Tres años y medio. Cuatro. Ay, gracias por darme las cuentas. Ok. No. Digo, no es que estemos exponiendo. A ver, escuchen, escuchen. Ahí les va. A ver, espérenme que los de allá no van a saber. Y luego, a ver, es que aquí ya se están diciendo, ¿y qué hubo? ¿Qué pasó? A ver, ahí les va. A ver, escuchen. Escuchen, escuchen, escuchen, escuchen. Ok. Aquí, por obvias razones, o sea, hubo una separación, no hubo actividad. No hay un ritmo, por así decir, ¿no? No hay un ritmo. Tú sacas la media de tus hijos. Por ejemplo, a lo mejor si tú tienes del 2009 al 2013 y luego nace uno de 2007, tu media son cuatro años. ¿Sí me explico? Pero no hay otro. O sea, tu ritmo es de cuatro años. Porque les dije que cambió. ¿Por qué? Porque ya hay métodos…"
diplomado-ancestros-y-raices::009,diplomado-ancestros-y-raices,Diplomado Ancestros y Raíces,Diplomados,diplomados__ancestros_y_raices__modulo_4,19,tasks_and_closure,69,76,/Users/m2/Documents/New project/data/processed_library/Diplomados/diplomado-ancestros-y-raices/sources/transcripcion_completa.txt,"chisporrió. ¿Cuánto es 7 más 9? 1985. Que hubiera nacido uno en mil novecientos... ¿Sí? Ah, perdón. 1986. ¿Aquí? Por lo regular va a haber una pérdida. Pérdida. Un hermano que no nació. Energéticamente siempre van a salir. O sea, sobre todo que hubo mucha distancia. Pero ojo, no se habla... Mira, por ejemplo, aquí hay quien lo puede certificar. A ver, pasen la... Tu nombre... Hola, amigos. Ok. Más cerquita. Sí, sí, sí, se escucha, pero vamos... No, yo sí la escuché. Es Katia. No. A ver, préndelo otra vez. Pégatelo así, mira. Este es unidireccional. Acuérdense que es... Pégense el micrófono. Mi nombre es Katia y tengo tres hijos. Pero hay un divorcio. La primera le lleva a mi segundo hijo 10 años, pero porque fue un divorcio. A ver, déjame. Mi primera hija es de mi primer matrimonio y pasan 10 años y tengo a mi hijo. Ahí no hay pérdidas, al menos que yo me haya dado cuenta. A ver, ¿cómo dices que dijiste? A ver, ¿qué año? ¿Qué año el primer hijo? Es del 99. 1999. Ay, hasta siento raro escribir este número. ¿Luego? 2009. Ah, 2000. ¡Ay! ¿Tanto? Ajá. Ay. Sí. 2009. Y luego la más chiquita es del 2013. 2013. Bueno, aquí fue porque hubo un divorcio. O sea, aquí la aplica. Si tú hubieras seguido con la misma pareja teniendo la misma actividad sexual por estadística, pues, pero aquí de dónde lo sacabas ni que de modo del espíritu. Pero ahí están los otros. También hay una separación larga. Pero ¿y tenías actividad? No. ¿Aquí cuántos años son? Tres años y medio. Cuatro. Ay, gracias por darme las cuentas. Ok. No. Digo, no es que estemos exponiendo. A ver, escuchen, escuchen. Ahí les va. A ver, espérenme que los de allá no van a saber. Y luego, a ver, es que aquí ya se están diciendo, ¿y qué hubo? ¿Qué pasó? A ver, ahí les va. A ver, escuchen. Escuchen, escuchen, escuchen, escuchen. Ok. Aquí, por obvias razones, o sea, hubo una separación, no hubo actividad. No hay un ritmo, por así decir, ¿no? No hay un ritmo. Tú sacas la media de tus hijos. Por ejemplo, a lo mejor si tú tienes del 2009 al 2013 y luego nace uno de 2007, tu media son cuatro años. ¿Sí me explico? Pero no hay otro. O sea, tu ritmo es de cuatro años. Porque les dije que cambió. ¿Por qué? Porque ya hay métodos…"
diplomado-ancestros-y-raices::055,diplomado-ancestros-y-raices,Diplomado Ancestros y Raíces,Diplomados,diplomados__ancestros_y_raices__modulo_36,12,intake,455,456,/Users/m2/Documents/New project/data/processed_library/Diplomados/diplomado-ancestros-y-raices/sources/transcripcion_completa.txt,"Era la memoria, es que todo lo que representara fálico, hombre, era que tengo miedo, me sobrepasa, no lo puedo destruir, me paraliza. Entonces él hace que ella rompa el objeto fálico, para que rompa la idea que tiene de lo fálico y pueda conectar diferente. Esos son actos de psicomagia. Admiel dio unas conferencias aquí en Ola Academia. Entonces en uno de los ejercicios que él pone, por ejemplo los que tienen tema con el yaciente, que son los hermanos simbólicos y fuiste hermana, es que literalmente te vistas un día de niño, pero así de niño, y que te subas al camión, ni siquiera es que te vayas en tu bonita camioneta, porque neta, no, que te subas, o sea que te vayas al camión, que actúes como el hombre que querían tus papás, por ejemplo, y que literalmente hagas un acto así como de despojarte de esa ropa, del hermano simbólico que tú cargabas. Ese es un acto psicomágico. Tengo una amiga, ay pues ya que estoy aquí, y aparte yo que soy sin filtros, ¿verdad? Bueno, pero, estamos reparando a Lina. Todo lo oculto de mi linaje, les digo que si mi mamá supiera lo que estoy haciendo, no, si lo sabe. Parte de lo que les estaba platicando de mi divorcio, como yo les digo, yo venía de una familia bien católica, y en la familia católica que te dicen que una, las divorciadas, ya la chupó el diablo, y aparte, dijeras que me hubiera chupado, pero el diablo de Lucifer, el de la serie, ¿no? Pero aparte literalmente hay como un tema de, son putas. ¿Se acuerdan que lo trabajamos inclusive? Yo me acuerdo que, es que yo ya me siento que soy una no sé qué, y mi amiga Lili que les digo que es bien bella. Me estoy acordando mucho de ella porque es su cumpleaños. Y me acuerdo que me dice, ay amiga, ese un día te vas vestida bien putota, es que es bien vaciada, aparte es del norte, bien putota, a la parroquia de tu, todavía, mi cuñado, porque todavía no me divorciaba, y entras y lo buscas, y yo así, no, a San Francisquito. Imagínense, yo así, te vas bien putota, mira, de ahí se te quita. Le digo, no, espérate, así no, tan rudo. Ya yo me lo trabajé de otra manera porque dije, ay, es too much, ¿no? Ya trabajé de otra manera mis temas, pero ella me decía, ese acto de psicomagia, le digo,…"
diplomado-ancestros-y-raices::055,diplomado-ancestros-y-raices,Diplomado Ancestros y Raíces,Diplomados,diplomados__ancestros_y_raices__modulo_36,12,systemic_analysis,455,456,/Users/m2/Documents/New project/data/processed_library/Diplomados/diplomado-ancestros-y-raices/sources/transcripcion_completa.txt,"Era la memoria, es que todo lo que representara fálico, hombre, era que tengo miedo, me sobrepasa, no lo puedo destruir, me paraliza. Entonces él hace que ella rompa el objeto fálico, para que rompa la idea que tiene de lo fálico y pueda conectar diferente. Esos son actos de psicomagia. Admiel dio unas conferencias aquí en Ola Academia. Entonces en uno de los ejercicios que él pone, por ejemplo los que tienen tema con el yaciente, que son los hermanos simbólicos y fuiste hermana, es que literalmente te vistas un día de niño, pero así de niño, y que te subas al camión, ni siquiera es que te vayas en tu bonita camioneta, porque neta, no, que te subas, o sea que te vayas al camión, que actúes como el hombre que querían tus papás, por ejemplo, y que literalmente hagas un acto así como de despojarte de esa ropa, del hermano simbólico que tú cargabas. Ese es un acto psicomágico. Tengo una amiga, ay pues ya que estoy aquí, y aparte yo que soy sin filtros, ¿verdad? Bueno, pero, estamos reparando a Lina. Todo lo oculto de mi linaje, les digo que si mi mamá supiera lo que estoy haciendo, no, si lo sabe. Parte de lo que les estaba platicando de mi divorcio, como yo les digo, yo venía de una familia bien católica, y en la familia católica que te dicen que una, las divorciadas, ya la chupó el diablo, y aparte, dijeras que me hubiera chupado, pero el diablo de Lucifer, el de la serie, ¿no? Pero aparte literalmente hay como un tema de, son putas. ¿Se acuerdan que lo trabajamos inclusive? Yo me acuerdo que, es que yo ya me siento que soy una no sé qué, y mi amiga Lili que les digo que es bien bella. Me estoy acordando mucho de ella porque es su cumpleaños. Y me acuerdo que me dice, ay amiga, ese un día te vas vestida bien putota, es que es bien vaciada, aparte es del norte, bien putota, a la parroquia de tu, todavía, mi cuñado, porque todavía no me divorciaba, y entras y lo buscas, y yo así, no, a San Francisquito. Imagínense, yo así, te vas bien putota, mira, de ahí se te quita. Le digo, no, espérate, así no, tan rudo. Ya yo me lo trabajé de otra manera porque dije, ay, es too much, ¿no? Ya trabajé de otra manera mis temas, pero ella me decía, ese acto de psicomagia, le digo,…"
diplomado-ancestros-y-raices::055,diplomado-ancestros-y-raices,Diplomado Ancestros y Raíces,Diplomados,diplomados__ancestros_y_raices__modulo_36,12,tasks_and_closure,455,456,/Users/m2/Documents/New project/data/processed_library/Diplomados/diplomado-ancestros-y-raices/sources/transcripcion_completa.txt,"Era la memoria, es que todo lo que representara fálico, hombre, era que tengo miedo, me sobrepasa, no lo puedo destruir, me paraliza. Entonces él hace que ella rompa el objeto fálico, para que rompa la idea que tiene de lo fálico y pueda conectar diferente. Esos son actos de psicomagia. Admiel dio unas conferencias aquí en Ola Academia. Entonces en uno de los ejercicios que él pone, por ejemplo los que tienen tema con el yaciente, que son los hermanos simbólicos y fuiste hermana, es que literalmente te vistas un día de niño, pero así de niño, y que te subas al camión, ni siquiera es que te vayas en tu bonita camioneta, porque neta, no, que te subas, o sea que te vayas al camión, que actúes como el hombre que querían tus papás, por ejemplo, y que literalmente hagas un acto así como de despojarte de esa ropa, del hermano simbólico que tú cargabas. Ese es un acto psicomágico. Tengo una amiga, ay pues ya que estoy aquí, y aparte yo que soy sin filtros, ¿verdad? Bueno, pero, estamos reparando a Lina. Todo lo oculto de mi linaje, les digo que si mi mamá supiera lo que estoy haciendo, no, si lo sabe. Parte de lo que les estaba platicando de mi divorcio, como yo les digo, yo venía de una familia bien católica, y en la familia católica que te dicen que una, las divorciadas, ya la chupó el diablo, y aparte, dijeras que me hubiera chupado, pero el diablo de Lucifer, el de la serie, ¿no? Pero aparte literalmente hay como un tema de, son putas. ¿Se acuerdan que lo trabajamos inclusive? Yo me acuerdo que, es que yo ya me siento que soy una no sé qué, y mi amiga Lili que les digo que es bien bella. Me estoy acordando mucho de ella porque es su cumpleaños. Y me acuerdo que me dice, ay amiga, ese un día te vas vestida bien putota, es que es bien vaciada, aparte es del norte, bien putota, a la parroquia de tu, todavía, mi cuñado, porque todavía no me divorciaba, y entras y lo buscas, y yo así, no, a San Francisquito. Imagínense, yo así, te vas bien putota, mira, de ahí se te quita. Le digo, no, espérate, así no, tan rudo. Ya yo me lo trabajé de otra manera porque dije, ay, es too much, ¿no? Ya trabajé de otra manera mis temas, pero ella me decía, ese acto de psicomagia, le digo,…"
diplomado-terapia-holistica-1::042,diplomado-terapia-holistica-1,Diplomado Terapia Holística 1,Diplomados,diplomados__terapia_holistica_1__modulo_22,19,conflict_synthesis,447,456,/Users/m2/Documents/New project/data/processed_library/Diplomados/diplomado-terapia-holistica-1/sources/transcripcion_completa.txt,"de estudio de aspectos. Aquí vimos que hay una línea bioenergética, una línea psicosomática, una línea nutricional y vimos que los principales exponentes de la medicina complementaria se basan en estos cuatro aspectos. Así que estos cuatro aspectos son en los que vamos a dirigir nuestra forma terapéutica. Y después de esto vimos los rastreos globales. En esos rastreos vimos que independientemente de lo que tenga la persona, vamos a rastrear la parte microbiana, los pares biomagnéticos. Aquí pueden ser específicos para los bichos y digamos generales para cosas que ni siquiera habíamos visto que el paciente tiene. Vamos a ver el rastreo homeopático. Hay rastreo de estimulación de los canales de acupuntura. Vamos a llamarle medicina tradicional china. Y como parte de la medicina tradicional china, además de los puntos que podemos trabajarlos con digitopuntura o con imanes, porque nosotros no somos acupunturistas. Si alguien quiere ser acupunturista tiene que estudiar con el Alancito. Iba a decir Rábano, pero es Rábago. Y vemos aquí también los puntos de la auriculoterapia. También vemos ahí un rastreo conflicto lógico y vemos ahí una terapia de origen o de motivación sistémica. Y en lo sistémico vemos lo transgeneracional, que es a cuatro generaciones para arriba, y el proyecto sentido, que es las ideas de nuestros padres cuando estábamos metidos ahí en la panza de la mamá y el baboso del marido ahí. Bueno, pues ahí estábamos. Después de esto vimos también un ejemplo de cómo se hace una terapia enfocada en lo emocional, donde además de un protocolo para liberar emociones, también hay un rastreo de creencias para detectar programas. Todo esto está en el manual que se regaló en Internet, que aproximadamente consta de unas 500 páginas. Entonces, ¿de qué se trata esta capacitación? De poder combinar los aspectos bioenergéticos, psicoemocional, nutricional, orgánico y vibracional, repartido en una conexión con el paciente para encontrar cuáles son los bichos que lo contagian, cuáles son las rutas electromagnéticas para evitar el contagio de esos bichos, cuáles son las medicinas vibracionales. Aquí faltó, además de homeopatía, vimos sales de Schussler y por ahí hay un r…"
diplomado-terapia-holistica-1::042,diplomado-terapia-holistica-1,Diplomado Terapia Holística 1,Diplomados,diplomados__terapia_holistica_1__modulo_22,19,intake,447,456,/Users/m2/Documents/New project/data/processed_library/Diplomados/diplomado-terapia-holistica-1/sources/transcripcion_completa.txt,"de estudio de aspectos. Aquí vimos que hay una línea bioenergética, una línea psicosomática, una línea nutricional y vimos que los principales exponentes de la medicina complementaria se basan en estos cuatro aspectos. Así que estos cuatro aspectos son en los que vamos a dirigir nuestra forma terapéutica. Y después de esto vimos los rastreos globales. En esos rastreos vimos que independientemente de lo que tenga la persona, vamos a rastrear la parte microbiana, los pares biomagnéticos. Aquí pueden ser específicos para los bichos y digamos generales para cosas que ni siquiera habíamos visto que el paciente tiene. Vamos a ver el rastreo homeopático. Hay rastreo de estimulación de los canales de acupuntura. Vamos a llamarle medicina tradicional china. Y como parte de la medicina tradicional china, además de los puntos que podemos trabajarlos con digitopuntura o con imanes, porque nosotros no somos acupunturistas. Si alguien quiere ser acupunturista tiene que estudiar con el Alancito. Iba a decir Rábano, pero es Rábago. Y vemos aquí también los puntos de la auriculoterapia. También vemos ahí un rastreo conflicto lógico y vemos ahí una terapia de origen o de motivación sistémica. Y en lo sistémico vemos lo transgeneracional, que es a cuatro generaciones para arriba, y el proyecto sentido, que es las ideas de nuestros padres cuando estábamos metidos ahí en la panza de la mamá y el baboso del marido ahí. Bueno, pues ahí estábamos. Después de esto vimos también un ejemplo de cómo se hace una terapia enfocada en lo emocional, donde además de un protocolo para liberar emociones, también hay un rastreo de creencias para detectar programas. Todo esto está en el manual que se regaló en Internet, que aproximadamente consta de unas 500 páginas. Entonces, ¿de qué se trata esta capacitación? De poder combinar los aspectos bioenergéticos, psicoemocional, nutricional, orgánico y vibracional, repartido en una conexión con el paciente para encontrar cuáles son los bichos que lo contagian, cuáles son las rutas electromagnéticas para evitar el contagio de esos bichos, cuáles son las medicinas vibracionales. Aquí faltó, además de homeopatía, vimos sales de Schussler y por ahí hay un r…"
diplomado-terapia-holistica-1::042,diplomado-terapia-holistica-1,Diplomado Terapia Holística 1,Diplomados,diplomados__terapia_holistica_1__modulo_22,19,intervention,447,456,/Users/m2/Documents/New project/data/processed_library/Diplomados/diplomado-terapia-holistica-1/sources/transcripcion_completa.txt,"de estudio de aspectos. Aquí vimos que hay una línea bioenergética, una línea psicosomática, una línea nutricional y vimos que los principales exponentes de la medicina complementaria se basan en estos cuatro aspectos. Así que estos cuatro aspectos son en los que vamos a dirigir nuestra forma terapéutica. Y después de esto vimos los rastreos globales. En esos rastreos vimos que independientemente de lo que tenga la persona, vamos a rastrear la parte microbiana, los pares biomagnéticos. Aquí pueden ser específicos para los bichos y digamos generales para cosas que ni siquiera habíamos visto que el paciente tiene. Vamos a ver el rastreo homeopático. Hay rastreo de estimulación de los canales de acupuntura. Vamos a llamarle medicina tradicional china. Y como parte de la medicina tradicional china, además de los puntos que podemos trabajarlos con digitopuntura o con imanes, porque nosotros no somos acupunturistas. Si alguien quiere ser acupunturista tiene que estudiar con el Alancito. Iba a decir Rábano, pero es Rábago. Y vemos aquí también los puntos de la auriculoterapia. También vemos ahí un rastreo conflicto lógico y vemos ahí una terapia de origen o de motivación sistémica. Y en lo sistémico vemos lo transgeneracional, que es a cuatro generaciones para arriba, y el proyecto sentido, que es las ideas de nuestros padres cuando estábamos metidos ahí en la panza de la mamá y el baboso del marido ahí. Bueno, pues ahí estábamos. Después de esto vimos también un ejemplo de cómo se hace una terapia enfocada en lo emocional, donde además de un protocolo para liberar emociones, también hay un rastreo de creencias para detectar programas. Todo esto está en el manual que se regaló en Internet, que aproximadamente consta de unas 500 páginas. Entonces, ¿de qué se trata esta capacitación? De poder combinar los aspectos bioenergéticos, psicoemocional, nutricional, orgánico y vibracional, repartido en una conexión con el paciente para encontrar cuáles son los bichos que lo contagian, cuáles son las rutas electromagnéticas para evitar el contagio de esos bichos, cuáles son las medicinas vibracionales. Aquí faltó, además de homeopatía, vimos sales de Schussler y por ahí hay un r…"
diplomado-terapia-holistica-1::042,diplomado-terapia-holistica-1,Diplomado Terapia Holística 1,Diplomados,diplomados__terapia_holistica_1__modulo_22,19,systemic_analysis,447,456,/Users/m2/Documents/New project/data/processed_library/Diplomados/diplomado-terapia-holistica-1/sources/transcripcion_completa.txt,"de estudio de aspectos. Aquí vimos que hay una línea bioenergética, una línea psicosomática, una línea nutricional y vimos que los principales exponentes de la medicina complementaria se basan en estos cuatro aspectos. Así que estos cuatro aspectos son en los que vamos a dirigir nuestra forma terapéutica. Y después de esto vimos los rastreos globales. En esos rastreos vimos que independientemente de lo que tenga la persona, vamos a rastrear la parte microbiana, los pares biomagnéticos. Aquí pueden ser específicos para los bichos y digamos generales para cosas que ni siquiera habíamos visto que el paciente tiene. Vamos a ver el rastreo homeopático. Hay rastreo de estimulación de los canales de acupuntura. Vamos a llamarle medicina tradicional china. Y como parte de la medicina tradicional china, además de los puntos que podemos trabajarlos con digitopuntura o con imanes, porque nosotros no somos acupunturistas. Si alguien quiere ser acupunturista tiene que estudiar con el Alancito. Iba a decir Rábano, pero es Rábago. Y vemos aquí también los puntos de la auriculoterapia. También vemos ahí un rastreo conflicto lógico y vemos ahí una terapia de origen o de motivación sistémica. Y en lo sistémico vemos lo transgeneracional, que es a cuatro generaciones para arriba, y el proyecto sentido, que es las ideas de nuestros padres cuando estábamos metidos ahí en la panza de la mamá y el baboso del marido ahí. Bueno, pues ahí estábamos. Después de esto vimos también un ejemplo de cómo se hace una terapia enfocada en lo emocional, donde además de un protocolo para liberar emociones, también hay un rastreo de creencias para detectar programas. Todo esto está en el manual que se regaló en Internet, que aproximadamente consta de unas 500 páginas. Entonces, ¿de qué se trata esta capacitación? De poder combinar los aspectos bioenergéticos, psicoemocional, nutricional, orgánico y vibracional, repartido en una conexión con el paciente para encontrar cuáles son los bichos que lo contagian, cuáles son las rutas electromagnéticas para evitar el contagio de esos bichos, cuáles son las medicinas vibracionales. Aquí faltó, además de homeopatía, vimos sales de Schussler y por ahí hay un r…"
diplomado-terapia-holistica-1::013,diplomado-terapia-holistica-1,Diplomado Terapia Holística 1,Diplomados,diplomados__terapia_holistica_1__modulo_8,17,conflict_synthesis,100,103,/Users/m2/Documents/New project/data/processed_library/Diplomados/diplomado-terapia-holistica-1/sources/transcripcion_completa.txt,"Aquí en infecciones respiratorias vamos a ver que en los países más ricos ya es el lugar 6, pasa del 2 al 6, y del tema neonatal ya ni entra en el top 10. Después nos vamos con problemas de corazón y problemas neurológicos, estos van a ser el primer lugar de todos los demás estratos, significa que aquí serían el primer lugar pero como son pobres y no les alcanza el tiempo de vida para morirse de eso se mueren de algo más jodido. Y después seguimos con cuestiones de infecciones, infecciones digestivas, infecciones parasitarias, el típico paludismo del mosco, cosas que esas dos enfermedades en los países ricos ya tampoco entran en el top 10. Entonces estas cuatro enfermedades se evitaron con que, con dinero e infraestructura. Imagínense toda esa gente si le hubieran dado oportunidad de acceder a una solución mucho más económica que un hospital, tanto preventiva como de tratamiento. Tampoco se trata de que nadie se muere en el mundo, después donde los metemos a todos, alguien se tiene que morir, pero morirse de pobre, como que no está bien. Y ahora nos vamos con cuestiones de SIDA, o bueno dicen que el SIDA es por la infección también de un virus, tampoco entra ya en el top 10 de otros países. Entonces vamos a ver que a medida que los países se hacen ricos las infecciones se van desplazando, ¿por qué? porque hay formas de tratarse. En los países ricos hay sí el único tema infeccioso que sigue presente independientemente del dinero es la cuestión respiratoria. Y chequen cuántos pulmoncitos hay en el top 10, 1, 2 y 3. Estas son enfermedades no infecciosas respiratorias que son el top 10 letal y esta es infecciosa que sería principalmente tuberculosis o a veces infecciones tipo neumonía. Entonces estas principalmente son cuestiones del EPOC. Entonces como pueden ver independientemente del dinero la infección respiratoria sigue siendo un problema letal hasta en países ricos. Por lo tanto quise empezar con el tema respiratorio porque es una de las urgencias más graves a nivel sanitario a nivel mundial y por supuesto por la situación que se acaba de suscitar de entre el 2019 y estas fechas. Digo estas fechas porque todavía ves pendejos en su coche con cubrebocas adentro…"
diplomado-terapia-holistica-1::013,diplomado-terapia-holistica-1,Diplomado Terapia Holística 1,Diplomados,diplomados__terapia_holistica_1__modulo_8,17,intake,100,103,/Users/m2/Documents/New project/data/processed_library/Diplomados/diplomado-terapia-holistica-1/sources/transcripcion_completa.txt,"Aquí en infecciones respiratorias vamos a ver que en los países más ricos ya es el lugar 6, pasa del 2 al 6, y del tema neonatal ya ni entra en el top 10. Después nos vamos con problemas de corazón y problemas neurológicos, estos van a ser el primer lugar de todos los demás estratos, significa que aquí serían el primer lugar pero como son pobres y no les alcanza el tiempo de vida para morirse de eso se mueren de algo más jodido. Y después seguimos con cuestiones de infecciones, infecciones digestivas, infecciones parasitarias, el típico paludismo del mosco, cosas que esas dos enfermedades en los países ricos ya tampoco entran en el top 10. Entonces estas cuatro enfermedades se evitaron con que, con dinero e infraestructura. Imagínense toda esa gente si le hubieran dado oportunidad de acceder a una solución mucho más económica que un hospital, tanto preventiva como de tratamiento. Tampoco se trata de que nadie se muere en el mundo, después donde los metemos a todos, alguien se tiene que morir, pero morirse de pobre, como que no está bien. Y ahora nos vamos con cuestiones de SIDA, o bueno dicen que el SIDA es por la infección también de un virus, tampoco entra ya en el top 10 de otros países. Entonces vamos a ver que a medida que los países se hacen ricos las infecciones se van desplazando, ¿por qué? porque hay formas de tratarse. En los países ricos hay sí el único tema infeccioso que sigue presente independientemente del dinero es la cuestión respiratoria. Y chequen cuántos pulmoncitos hay en el top 10, 1, 2 y 3. Estas son enfermedades no infecciosas respiratorias que son el top 10 letal y esta es infecciosa que sería principalmente tuberculosis o a veces infecciones tipo neumonía. Entonces estas principalmente son cuestiones del EPOC. Entonces como pueden ver independientemente del dinero la infección respiratoria sigue siendo un problema letal hasta en países ricos. Por lo tanto quise empezar con el tema respiratorio porque es una de las urgencias más graves a nivel sanitario a nivel mundial y por supuesto por la situación que se acaba de suscitar de entre el 2019 y estas fechas. Digo estas fechas porque todavía ves pendejos en su coche con cubrebocas adentro…"
diplomado-terapia-holistica-1::013,diplomado-terapia-holistica-1,Diplomado Terapia Holística 1,Diplomados,diplomados__terapia_holistica_1__modulo_8,17,intervention,100,103,/Users/m2/Documents/New project/data/processed_library/Diplomados/diplomado-terapia-holistica-1/sources/transcripcion_completa.txt,"Aquí en infecciones respiratorias vamos a ver que en los países más ricos ya es el lugar 6, pasa del 2 al 6, y del tema neonatal ya ni entra en el top 10. Después nos vamos con problemas de corazón y problemas neurológicos, estos van a ser el primer lugar de todos los demás estratos, significa que aquí serían el primer lugar pero como son pobres y no les alcanza el tiempo de vida para morirse de eso se mueren de algo más jodido. Y después seguimos con cuestiones de infecciones, infecciones digestivas, infecciones parasitarias, el típico paludismo del mosco, cosas que esas dos enfermedades en los países ricos ya tampoco entran en el top 10. Entonces estas cuatro enfermedades se evitaron con que, con dinero e infraestructura. Imagínense toda esa gente si le hubieran dado oportunidad de acceder a una solución mucho más económica que un hospital, tanto preventiva como de tratamiento. Tampoco se trata de que nadie se muere en el mundo, después donde los metemos a todos, alguien se tiene que morir, pero morirse de pobre, como que no está bien. Y ahora nos vamos con cuestiones de SIDA, o bueno dicen que el SIDA es por la infección también de un virus, tampoco entra ya en el top 10 de otros países. Entonces vamos a ver que a medida que los países se hacen ricos las infecciones se van desplazando, ¿por qué? porque hay formas de tratarse. En los países ricos hay sí el único tema infeccioso que sigue presente independientemente del dinero es la cuestión respiratoria. Y chequen cuántos pulmoncitos hay en el top 10, 1, 2 y 3. Estas son enfermedades no infecciosas respiratorias que son el top 10 letal y esta es infecciosa que sería principalmente tuberculosis o a veces infecciones tipo neumonía. Entonces estas principalmente son cuestiones del EPOC. Entonces como pueden ver independientemente del dinero la infección respiratoria sigue siendo un problema letal hasta en países ricos. Por lo tanto quise empezar con el tema respiratorio porque es una de las urgencias más graves a nivel sanitario a nivel mundial y por supuesto por la situación que se acaba de suscitar de entre el 2019 y estas fechas. Digo estas fechas porque todavía ves pendejos en su coche con cubrebocas adentro…"
diplomado-terapia-holistica-1::018,diplomado-terapia-holistica-1,Diplomado Terapia Holística 1,Diplomados,diplomados__terapia_holistica_1__modulo_9,15,conflict_synthesis,147,154,/Users/m2/Documents/New project/data/processed_library/Diplomados/diplomado-terapia-holistica-1/sources/transcripcion_completa.txt,"Neumonía, el orden de los síntomas, la rapidez con la que se presentan, pero todos van a lo mismo que es que se inunden los tejidos que normalmente deben estar huecos. Ahora, vámonos con la apnea, que son las personas que de repente dejan de respirar, que están dormidos y hacen esto. Y es un patrón irregular de respiración durante el sueño. ¿Qué es eso? Alguien que no respira se está haciendo el muerto. Si me estoy haciendo el muerto, es porque es una estrategia biológica, como ratones o como mapaches o como cucarachas que hay peligros y quedan quietos. Se hacen el muerto para que no los ataquen. ¿Qué significa? Un ambiente de peligro. Me siento amenazado, me siento atacado o me siento vulnerable. Puede ser que me hago el muerto porque yo me conecto con un ancestro que está muerto. Estamos hablando del conflicto del yaciente. O para yo estar vivo, tengo que estar como si estuviera muerto. ¿Qué es eso? Tengo que dejar de hacer ruido, tengo que dejar de autoafirmarme. No puedo yo reflejar quién soy porque es un peligro. Y eso tiene que ver con asociaciones que hemos hecho. Por ejemplo, si mi hermana era una mujer muy social, muy chicharachera, el alma de la fiesta, y un día la desaparecen, ¿qué se queda en inconsciente? Yo tengo que hacer como si estuviera muerta, no hablar, quedarme en mi casa, no contactar con la gente. ¿Por qué? Porque así no me van a desaparecer. Entonces tengo que hacer como si yo estuviera muerta. ¿Para qué? Para sobrevivir. Es el típico conflicto de la persona que se tuvo que esconder por un tema de guerra, como Ana Frank que se esconde en un closet, en donde hazte cuenta que no existes. No hables, no hagas ruido, come en las noches. Las personas que viven en una casa en donde los padres son violentos, y mejor que ni se den cuenta que estás en la casa. Vas a comer cuando ya se durmieron, tratas del menor ruido posible porque si haces ruido, ahí vienen a castraros. Entonces tengo que hacer como si estuviera muerto. Eso me habla de temas de apnea. Temas del cigarro porque, siendo honestos, el cigarro no es el factor determinante del cáncer o del enfisema. Es parte de la masa conflictual. Es decir, sí es leña en el asador porque el alquitrán…"
diplomado-terapia-holistica-1::018,diplomado-terapia-holistica-1,Diplomado Terapia Holística 1,Diplomados,diplomados__terapia_holistica_1__modulo_9,15,intake,147,154,/Users/m2/Documents/New project/data/processed_library/Diplomados/diplomado-terapia-holistica-1/sources/transcripcion_completa.txt,"Neumonía, el orden de los síntomas, la rapidez con la que se presentan, pero todos van a lo mismo que es que se inunden los tejidos que normalmente deben estar huecos. Ahora, vámonos con la apnea, que son las personas que de repente dejan de respirar, que están dormidos y hacen esto. Y es un patrón irregular de respiración durante el sueño. ¿Qué es eso? Alguien que no respira se está haciendo el muerto. Si me estoy haciendo el muerto, es porque es una estrategia biológica, como ratones o como mapaches o como cucarachas que hay peligros y quedan quietos. Se hacen el muerto para que no los ataquen. ¿Qué significa? Un ambiente de peligro. Me siento amenazado, me siento atacado o me siento vulnerable. Puede ser que me hago el muerto porque yo me conecto con un ancestro que está muerto. Estamos hablando del conflicto del yaciente. O para yo estar vivo, tengo que estar como si estuviera muerto. ¿Qué es eso? Tengo que dejar de hacer ruido, tengo que dejar de autoafirmarme. No puedo yo reflejar quién soy porque es un peligro. Y eso tiene que ver con asociaciones que hemos hecho. Por ejemplo, si mi hermana era una mujer muy social, muy chicharachera, el alma de la fiesta, y un día la desaparecen, ¿qué se queda en inconsciente? Yo tengo que hacer como si estuviera muerta, no hablar, quedarme en mi casa, no contactar con la gente. ¿Por qué? Porque así no me van a desaparecer. Entonces tengo que hacer como si yo estuviera muerta. ¿Para qué? Para sobrevivir. Es el típico conflicto de la persona que se tuvo que esconder por un tema de guerra, como Ana Frank que se esconde en un closet, en donde hazte cuenta que no existes. No hables, no hagas ruido, come en las noches. Las personas que viven en una casa en donde los padres son violentos, y mejor que ni se den cuenta que estás en la casa. Vas a comer cuando ya se durmieron, tratas del menor ruido posible porque si haces ruido, ahí vienen a castraros. Entonces tengo que hacer como si estuviera muerto. Eso me habla de temas de apnea. Temas del cigarro porque, siendo honestos, el cigarro no es el factor determinante del cáncer o del enfisema. Es parte de la masa conflictual. Es decir, sí es leña en el asador porque el alquitrán…"
diplomado-terapia-holistica-1::018,diplomado-terapia-holistica-1,Diplomado Terapia Holística 1,Diplomados,diplomados__terapia_holistica_1__modulo_9,15,intervention,147,154,/Users/m2/Documents/New project/data/processed_library/Diplomados/diplomado-terapia-holistica-1/sources/transcripcion_completa.txt,"Neumonía, el orden de los síntomas, la rapidez con la que se presentan, pero todos van a lo mismo que es que se inunden los tejidos que normalmente deben estar huecos. Ahora, vámonos con la apnea, que son las personas que de repente dejan de respirar, que están dormidos y hacen esto. Y es un patrón irregular de respiración durante el sueño. ¿Qué es eso? Alguien que no respira se está haciendo el muerto. Si me estoy haciendo el muerto, es porque es una estrategia biológica, como ratones o como mapaches o como cucarachas que hay peligros y quedan quietos. Se hacen el muerto para que no los ataquen. ¿Qué significa? Un ambiente de peligro. Me siento amenazado, me siento atacado o me siento vulnerable. Puede ser que me hago el muerto porque yo me conecto con un ancestro que está muerto. Estamos hablando del conflicto del yaciente. O para yo estar vivo, tengo que estar como si estuviera muerto. ¿Qué es eso? Tengo que dejar de hacer ruido, tengo que dejar de autoafirmarme. No puedo yo reflejar quién soy porque es un peligro. Y eso tiene que ver con asociaciones que hemos hecho. Por ejemplo, si mi hermana era una mujer muy social, muy chicharachera, el alma de la fiesta, y un día la desaparecen, ¿qué se queda en inconsciente? Yo tengo que hacer como si estuviera muerta, no hablar, quedarme en mi casa, no contactar con la gente. ¿Por qué? Porque así no me van a desaparecer. Entonces tengo que hacer como si yo estuviera muerta. ¿Para qué? Para sobrevivir. Es el típico conflicto de la persona que se tuvo que esconder por un tema de guerra, como Ana Frank que se esconde en un closet, en donde hazte cuenta que no existes. No hables, no hagas ruido, come en las noches. Las personas que viven en una casa en donde los padres son violentos, y mejor que ni se den cuenta que estás en la casa. Vas a comer cuando ya se durmieron, tratas del menor ruido posible porque si haces ruido, ahí vienen a castraros. Entonces tengo que hacer como si estuviera muerto. Eso me habla de temas de apnea. Temas del cigarro porque, siendo honestos, el cigarro no es el factor determinante del cáncer o del enfisema. Es parte de la masa conflictual. Es decir, sí es leña en el asador porque el alquitrán…"
diplomado-terapia-holistica-1::018,diplomado-terapia-holistica-1,Diplomado Terapia Holística 1,Diplomados,diplomados__terapia_holistica_1__modulo_9,15,systemic_analysis,147,154,/Users/m2/Documents/New project/data/processed_library/Diplomados/diplomado-terapia-holistica-1/sources/transcripcion_completa.txt,"Neumonía, el orden de los síntomas, la rapidez con la que se presentan, pero todos van a lo mismo que es que se inunden los tejidos que normalmente deben estar huecos. Ahora, vámonos con la apnea, que son las personas que de repente dejan de respirar, que están dormidos y hacen esto. Y es un patrón irregular de respiración durante el sueño. ¿Qué es eso? Alguien que no respira se está haciendo el muerto. Si me estoy haciendo el muerto, es porque es una estrategia biológica, como ratones o como mapaches o como cucarachas que hay peligros y quedan quietos. Se hacen el muerto para que no los ataquen. ¿Qué significa? Un ambiente de peligro. Me siento amenazado, me siento atacado o me siento vulnerable. Puede ser que me hago el muerto porque yo me conecto con un ancestro que está muerto. Estamos hablando del conflicto del yaciente. O para yo estar vivo, tengo que estar como si estuviera muerto. ¿Qué es eso? Tengo que dejar de hacer ruido, tengo que dejar de autoafirmarme. No puedo yo reflejar quién soy porque es un peligro. Y eso tiene que ver con asociaciones que hemos hecho. Por ejemplo, si mi hermana era una mujer muy social, muy chicharachera, el alma de la fiesta, y un día la desaparecen, ¿qué se queda en inconsciente? Yo tengo que hacer como si estuviera muerta, no hablar, quedarme en mi casa, no contactar con la gente. ¿Por qué? Porque así no me van a desaparecer. Entonces tengo que hacer como si yo estuviera muerta. ¿Para qué? Para sobrevivir. Es el típico conflicto de la persona que se tuvo que esconder por un tema de guerra, como Ana Frank que se esconde en un closet, en donde hazte cuenta que no existes. No hables, no hagas ruido, come en las noches. Las personas que viven en una casa en donde los padres son violentos, y mejor que ni se den cuenta que estás en la casa. Vas a comer cuando ya se durmieron, tratas del menor ruido posible porque si haces ruido, ahí vienen a castraros. Entonces tengo que hacer como si estuviera muerto. Eso me habla de temas de apnea. Temas del cigarro porque, siendo honestos, el cigarro no es el factor determinante del cáncer o del enfisema. Es parte de la masa conflictual. Es decir, sí es leña en el asador porque el alquitrán…"
holopsicosomatica-2020::009,holopsicosomatica-2020,Holopsicosomática 2020,Salud,salud__holopsicosomatica_2020__modulo_9,19,intake,101,103,/Users/m2/Documents/New project/data/processed_library/Salud/holopsicosomatica-2020/sources/transcripcion_completa.txt,"Tristeza se ha alojado desde la ausencia de tu padre, te amas y te aceptas completa, profundamente. Aunque la muerte de tu padre te dejó desprotegida, vulnerable, profundamente triste, tú te amas y te aceptas, Ana Angélica, completamente, profundamente. Aunque la niña interna dentro de ti, esa niña que nunca muere y nunca morirá, se sintió profundamente vulnerable porque su padre, su guardián, su protector murió, y esa tristeza desde entonces se ha alojado en tu cuerpo, tú te amas y te aceptas, Ana Angélica, completa, profundamente. Aunque te has sentido profundamente desprotegida, triste, y esa tristeza se ha alojado en tu rostro, esa tristeza por el conflicto de perder al protector, ha hecho que tu cuerpo intente protegerse compensando la ausencia de esa protección, protección fruto de tu padre, un hombre grande, fuerte, a pesar de su ausencia, a pesar de su muerte, a pesar de esta tristeza, tú te amas, Ana Angélica, te amas, te aceptas completa, profundamente. Aunque te has sentido desprotegida, triste, y esa tristeza se ha alojado en tu rostro, tú te amas, te amas y te aceptas completamente, profundamente. A pesar de que te has sentido triste por años, consciente o inconscientemente, y esa tristeza se aloja en tu rostro, y tu rostro se ha intentado proteger por la desprotección que siente por la ausencia de tu padre, tú te amas, te amas y te aceptas, Ana Angélica, completamente, profundamente. Aunque esta tristeza se ha alojado en tu rostro y en tus piernas, y te sientes triste por la ausencia de ese hombre protector con quien tuviste tan buena relación en sus últimos años, a quien le agradeciste con esa actitud de compañía y de cuidado, a pesar de que te sientes profundamente triste por su ausencia, te amas, Ana Angélica, te amas y te aceptas completa, profundamente. A la cuenta de tres vas a abrir tus ojos y vas a seguir la mano con tu mirada sin mover tu cabeza, solamente tus ojos. Una, dos, tres. Sigue la mano. Cierra tus ojos. Vamos a tararear una tonada. Ahora cuenta en voz alta del uno al cinco. Uno, dos, tres, cuatro, cinco. Volvemos a tararear. Listo. Aunque tu cuerpo se ha intentado proteger porque tu mente inconsciente se siente desprotegida desd…"
holopsicosomatica-2020::009,holopsicosomatica-2020,Holopsicosomática 2020,Salud,salud__holopsicosomatica_2020__modulo_9,19,intervention,101,103,/Users/m2/Documents/New project/data/processed_library/Salud/holopsicosomatica-2020/sources/transcripcion_completa.txt,"Tristeza se ha alojado desde la ausencia de tu padre, te amas y te aceptas completa, profundamente. Aunque la muerte de tu padre te dejó desprotegida, vulnerable, profundamente triste, tú te amas y te aceptas, Ana Angélica, completamente, profundamente. Aunque la niña interna dentro de ti, esa niña que nunca muere y nunca morirá, se sintió profundamente vulnerable porque su padre, su guardián, su protector murió, y esa tristeza desde entonces se ha alojado en tu cuerpo, tú te amas y te aceptas, Ana Angélica, completa, profundamente. Aunque te has sentido profundamente desprotegida, triste, y esa tristeza se ha alojado en tu rostro, esa tristeza por el conflicto de perder al protector, ha hecho que tu cuerpo intente protegerse compensando la ausencia de esa protección, protección fruto de tu padre, un hombre grande, fuerte, a pesar de su ausencia, a pesar de su muerte, a pesar de esta tristeza, tú te amas, Ana Angélica, te amas, te aceptas completa, profundamente. Aunque te has sentido desprotegida, triste, y esa tristeza se ha alojado en tu rostro, tú te amas, te amas y te aceptas completamente, profundamente. A pesar de que te has sentido triste por años, consciente o inconscientemente, y esa tristeza se aloja en tu rostro, y tu rostro se ha intentado proteger por la desprotección que siente por la ausencia de tu padre, tú te amas, te amas y te aceptas, Ana Angélica, completamente, profundamente. Aunque esta tristeza se ha alojado en tu rostro y en tus piernas, y te sientes triste por la ausencia de ese hombre protector con quien tuviste tan buena relación en sus últimos años, a quien le agradeciste con esa actitud de compañía y de cuidado, a pesar de que te sientes profundamente triste por su ausencia, te amas, Ana Angélica, te amas y te aceptas completa, profundamente. A la cuenta de tres vas a abrir tus ojos y vas a seguir la mano con tu mirada sin mover tu cabeza, solamente tus ojos. Una, dos, tres. Sigue la mano. Cierra tus ojos. Vamos a tararear una tonada. Ahora cuenta en voz alta del uno al cinco. Uno, dos, tres, cuatro, cinco. Volvemos a tararear. Listo. Aunque tu cuerpo se ha intentado proteger porque tu mente inconsciente se siente desprotegida desd…"
holopsicosomatica-2020::009,holopsicosomatica-2020,Holopsicosomática 2020,Salud,salud__holopsicosomatica_2020__modulo_9,19,tasks_and_closure,101,103,/Users/m2/Documents/New project/data/processed_library/Salud/holopsicosomatica-2020/sources/transcripcion_completa.txt,"Tristeza se ha alojado desde la ausencia de tu padre, te amas y te aceptas completa, profundamente. Aunque la muerte de tu padre te dejó desprotegida, vulnerable, profundamente triste, tú te amas y te aceptas, Ana Angélica, completamente, profundamente. Aunque la niña interna dentro de ti, esa niña que nunca muere y nunca morirá, se sintió profundamente vulnerable porque su padre, su guardián, su protector murió, y esa tristeza desde entonces se ha alojado en tu cuerpo, tú te amas y te aceptas, Ana Angélica, completa, profundamente. Aunque te has sentido profundamente desprotegida, triste, y esa tristeza se ha alojado en tu rostro, esa tristeza por el conflicto de perder al protector, ha hecho que tu cuerpo intente protegerse compensando la ausencia de esa protección, protección fruto de tu padre, un hombre grande, fuerte, a pesar de su ausencia, a pesar de su muerte, a pesar de esta tristeza, tú te amas, Ana Angélica, te amas, te aceptas completa, profundamente. Aunque te has sentido desprotegida, triste, y esa tristeza se ha alojado en tu rostro, tú te amas, te amas y te aceptas completamente, profundamente. A pesar de que te has sentido triste por años, consciente o inconscientemente, y esa tristeza se aloja en tu rostro, y tu rostro se ha intentado proteger por la desprotección que siente por la ausencia de tu padre, tú te amas, te amas y te aceptas, Ana Angélica, completamente, profundamente. Aunque esta tristeza se ha alojado en tu rostro y en tus piernas, y te sientes triste por la ausencia de ese hombre protector con quien tuviste tan buena relación en sus últimos años, a quien le agradeciste con esa actitud de compañía y de cuidado, a pesar de que te sientes profundamente triste por su ausencia, te amas, Ana Angélica, te amas y te aceptas completa, profundamente. A la cuenta de tres vas a abrir tus ojos y vas a seguir la mano con tu mirada sin mover tu cabeza, solamente tus ojos. Una, dos, tres. Sigue la mano. Cierra tus ojos. Vamos a tararear una tonada. Ahora cuenta en voz alta del uno al cinco. Uno, dos, tres, cuatro, cinco. Volvemos a tararear. Listo. Aunque tu cuerpo se ha intentado proteger porque tu mente inconsciente se siente desprotegida desd…"
holopsicosomatica-2020::002,holopsicosomatica-2020,Holopsicosomática 2020,Salud,salud__holopsicosomatica_2020__modulo_1,15,intake,12,12,/Users/m2/Documents/New project/data/processed_library/Salud/holopsicosomatica-2020/sources/transcripcion_completa.txt,"Mucho que no vemos, fue su pareja como no sé cuántos años y dejaron de verse hace un chingo y pues no sé dónde está, pues búscalo. Ya tienen a la hermana buscando por aquí, por amigos, no sé qué, encuentran a Roberto, le explican y el Roberto que se descuelga. Le dan permiso a Roberto de que pase, hablan media hora, se va Roberto y ahora sí el paciente ya pudo morir. ¿Qué necesitaba? Nada más poder decir algo. Ya estaba cerrado a la ida, con una pésima calidad, ya nada más todos esperando que el pobre ya dejara de sufrir. ¿Qué necesitaba para dejar de sufrir? Para la última de las sanaciones, que es la muerte. Es la última sanación, no es mala para nada. Pregúntele a alguien que vivió una resucitación, que estuvo dos o tres minutos muerto, y todos coinciden en que estaban maravillosamente en el otro lado, sin dolor, encontrándose con gente conocida, y casi todos tienen una apatía a regresar, no pues está una toda madre allá. La muerte no es mala. ¿Qué necesitaba este hombre para poder irse? Una persona. Alguna vez a mí me escribe por una red una chica, y me dice, oye, ¿sabes qué? Mi mamá está muy mal, está en terapia intensiva, no sé si era terapia intensiva o en coma o algo así, creo que estaba en coma. Y me dice, yo no te conozco, pero mi mamá sí te conoce, ve muchos videos tuyos y por favor ayúdala. Oye, a ver, pues ¿qué hago? A ver, dame sus datos, ¿no? Pues tal nombre. Y entonces, oye, ¿necesitas algo para regresar? ¿Otro recurso? Sí. ¿Qué necesitaba ella? Escuchar unas palabras. Entonces yo le dije, y aparte no escucharlas de cualquiera. Entonces yo le dije a Aleja, ¿sabes qué? Díganle tal y tal y tal cosa, y de preferencia que sea alguien muy muy cercano. ¿Quién es? No, pues mi hermano es el consentido, pues que el hermano se las diga. Y todavía le pregunté por telepatía, ¿con este recurso tienes posibilidad de regresar a la conciencia? Sí. ¿Cuándo? Mañana. En la noche llegó el hijo, le dieron el mensaje, en cama él se estuvo diciendo, no, oye, esto, lo otro, ta, ta, ta, ta, ta, y al día siguiente, ¿qué pasó con la mujer? Regresó. Se la llevaron a su casa, le la festejaron, se reunieron todos, y al día siguiente ya pudo morir. Entonces a veces hay recurs…"
holopsicosomatica-2020::002,holopsicosomatica-2020,Holopsicosomática 2020,Salud,salud__holopsicosomatica_2020__modulo_1,15,intervention,12,12,/Users/m2/Documents/New project/data/processed_library/Salud/holopsicosomatica-2020/sources/transcripcion_completa.txt,"Mucho que no vemos, fue su pareja como no sé cuántos años y dejaron de verse hace un chingo y pues no sé dónde está, pues búscalo. Ya tienen a la hermana buscando por aquí, por amigos, no sé qué, encuentran a Roberto, le explican y el Roberto que se descuelga. Le dan permiso a Roberto de que pase, hablan media hora, se va Roberto y ahora sí el paciente ya pudo morir. ¿Qué necesitaba? Nada más poder decir algo. Ya estaba cerrado a la ida, con una pésima calidad, ya nada más todos esperando que el pobre ya dejara de sufrir. ¿Qué necesitaba para dejar de sufrir? Para la última de las sanaciones, que es la muerte. Es la última sanación, no es mala para nada. Pregúntele a alguien que vivió una resucitación, que estuvo dos o tres minutos muerto, y todos coinciden en que estaban maravillosamente en el otro lado, sin dolor, encontrándose con gente conocida, y casi todos tienen una apatía a regresar, no pues está una toda madre allá. La muerte no es mala. ¿Qué necesitaba este hombre para poder irse? Una persona. Alguna vez a mí me escribe por una red una chica, y me dice, oye, ¿sabes qué? Mi mamá está muy mal, está en terapia intensiva, no sé si era terapia intensiva o en coma o algo así, creo que estaba en coma. Y me dice, yo no te conozco, pero mi mamá sí te conoce, ve muchos videos tuyos y por favor ayúdala. Oye, a ver, pues ¿qué hago? A ver, dame sus datos, ¿no? Pues tal nombre. Y entonces, oye, ¿necesitas algo para regresar? ¿Otro recurso? Sí. ¿Qué necesitaba ella? Escuchar unas palabras. Entonces yo le dije, y aparte no escucharlas de cualquiera. Entonces yo le dije a Aleja, ¿sabes qué? Díganle tal y tal y tal cosa, y de preferencia que sea alguien muy muy cercano. ¿Quién es? No, pues mi hermano es el consentido, pues que el hermano se las diga. Y todavía le pregunté por telepatía, ¿con este recurso tienes posibilidad de regresar a la conciencia? Sí. ¿Cuándo? Mañana. En la noche llegó el hijo, le dieron el mensaje, en cama él se estuvo diciendo, no, oye, esto, lo otro, ta, ta, ta, ta, ta, y al día siguiente, ¿qué pasó con la mujer? Regresó. Se la llevaron a su casa, le la festejaron, se reunieron todos, y al día siguiente ya pudo morir. Entonces a veces hay recurs…"
holopsicosomatica-2020::002,holopsicosomatica-2020,Holopsicosomática 2020,Salud,salud__holopsicosomatica_2020__modulo_1,15,tasks_and_closure,12,12,/Users/m2/Documents/New project/data/processed_library/Salud/holopsicosomatica-2020/sources/transcripcion_completa.txt,"Mucho que no vemos, fue su pareja como no sé cuántos años y dejaron de verse hace un chingo y pues no sé dónde está, pues búscalo. Ya tienen a la hermana buscando por aquí, por amigos, no sé qué, encuentran a Roberto, le explican y el Roberto que se descuelga. Le dan permiso a Roberto de que pase, hablan media hora, se va Roberto y ahora sí el paciente ya pudo morir. ¿Qué necesitaba? Nada más poder decir algo. Ya estaba cerrado a la ida, con una pésima calidad, ya nada más todos esperando que el pobre ya dejara de sufrir. ¿Qué necesitaba para dejar de sufrir? Para la última de las sanaciones, que es la muerte. Es la última sanación, no es mala para nada. Pregúntele a alguien que vivió una resucitación, que estuvo dos o tres minutos muerto, y todos coinciden en que estaban maravillosamente en el otro lado, sin dolor, encontrándose con gente conocida, y casi todos tienen una apatía a regresar, no pues está una toda madre allá. La muerte no es mala. ¿Qué necesitaba este hombre para poder irse? Una persona. Alguna vez a mí me escribe por una red una chica, y me dice, oye, ¿sabes qué? Mi mamá está muy mal, está en terapia intensiva, no sé si era terapia intensiva o en coma o algo así, creo que estaba en coma. Y me dice, yo no te conozco, pero mi mamá sí te conoce, ve muchos videos tuyos y por favor ayúdala. Oye, a ver, pues ¿qué hago? A ver, dame sus datos, ¿no? Pues tal nombre. Y entonces, oye, ¿necesitas algo para regresar? ¿Otro recurso? Sí. ¿Qué necesitaba ella? Escuchar unas palabras. Entonces yo le dije, y aparte no escucharlas de cualquiera. Entonces yo le dije a Aleja, ¿sabes qué? Díganle tal y tal y tal cosa, y de preferencia que sea alguien muy muy cercano. ¿Quién es? No, pues mi hermano es el consentido, pues que el hermano se las diga. Y todavía le pregunté por telepatía, ¿con este recurso tienes posibilidad de regresar a la conciencia? Sí. ¿Cuándo? Mañana. En la noche llegó el hijo, le dieron el mensaje, en cama él se estuvo diciendo, no, oye, esto, lo otro, ta, ta, ta, ta, ta, y al día siguiente, ¿qué pasó con la mujer? Regresó. Se la llevaron a su casa, le la festejaron, se reunieron todos, y al día siguiente ya pudo morir. Entonces a veces hay recurs…"
psicosomatrix::001,psicosomatrix,Psicosomatrix,Salud,,22,conflict_synthesis,8,14,/Users/m2/Documents/New project/data/processed_library/Salud/psicosomatrix/sources/transcripcion_completa.txt,"Rojo, otra mujer, otra hombre, otra joto, otra poliamoroso, estas mamadas de ahora, en otra te toca ser rico, en otra ser pobre, en otra ser déspota, en otra ser culero, en otra ser bueno y que te chingue todo mundo. Y entonces en cada vida hay un proceso... Dile que me pase el otro micrófono. Vamos a ver si es este pedo. Entonces en cada vida vamos a ver que hay un sistema de campos de atracción en donde como en esa vida te toca un cierto aprendizaje, Diosito se va a encargar de metértela de diferentes maneras. ¿Para qué? Para que crezcas. Y eso le vamos a llamar el cuerpo budico. Y eso se puede ver en diferentes teorías como en la teoría astrológica, el nodo norte y sur te dice en tu vida pasada, el nodo sur, hacia tu vida futura, el nodo norte, esta vida se trata de ese eje en transición. Y entonces si tú vas de Virgo a Pisces, en esta vida habrá cosas que te tienen que quitar lo Virgo, lo pinche mamila, lo pinche controlador, para empezar a hacer Pisces. ¿Qué es eso? Que te valga madre todo. Y entonces en esta vida se trata de cómo tú te trasladas a través de ese eje. Vamos a ver dentro del budismo las leyes del karma, que tu interacción con la vida y tus respuestas ante la misma van a generar una serie de campos de atracción en el futuro o en tu vida futura, etc. Todo eso es lo del cuerpo budico. Dentro de las técnicas complementarias, lo único que medio alcanza a mover y a sanar cosas allí son las técnicas que parten del misticismo. Cuestiones como regresiones a vidas pasadas, la astrología, temas de la oniromántica, que es a través de los sueños, hacer mamadas, qué sé yo. Después, ese cuerpo budico va a tener diferentes vidas, y en cada vida, ¿qué necesita? Un cuerpo mental. Y ese cuerpo mental, que es un sistema toroidal constante de retroalimentación, va a contener de entrada programas mentales, percepciones y significados programados de base. Tenemos ahí la carga numerológica y tu carga astrológica que tiene que ver en dónde y cuándo naciste. Dependiendo de dónde y cuándo naciste y qué pinche nombre pitero te pusieron, eso va a generar una carga de influencia en la estructura de tu personalidad. Después vamos a tener campos de distorsión. ¿Qué es un c…"
psicosomatrix::001,psicosomatrix,Psicosomatrix,Salud,,22,intake,8,14,/Users/m2/Documents/New project/data/processed_library/Salud/psicosomatrix/sources/transcripcion_completa.txt,"Rojo, otra mujer, otra hombre, otra joto, otra poliamoroso, estas mamadas de ahora, en otra te toca ser rico, en otra ser pobre, en otra ser déspota, en otra ser culero, en otra ser bueno y que te chingue todo mundo. Y entonces en cada vida hay un proceso... Dile que me pase el otro micrófono. Vamos a ver si es este pedo. Entonces en cada vida vamos a ver que hay un sistema de campos de atracción en donde como en esa vida te toca un cierto aprendizaje, Diosito se va a encargar de metértela de diferentes maneras. ¿Para qué? Para que crezcas. Y eso le vamos a llamar el cuerpo budico. Y eso se puede ver en diferentes teorías como en la teoría astrológica, el nodo norte y sur te dice en tu vida pasada, el nodo sur, hacia tu vida futura, el nodo norte, esta vida se trata de ese eje en transición. Y entonces si tú vas de Virgo a Pisces, en esta vida habrá cosas que te tienen que quitar lo Virgo, lo pinche mamila, lo pinche controlador, para empezar a hacer Pisces. ¿Qué es eso? Que te valga madre todo. Y entonces en esta vida se trata de cómo tú te trasladas a través de ese eje. Vamos a ver dentro del budismo las leyes del karma, que tu interacción con la vida y tus respuestas ante la misma van a generar una serie de campos de atracción en el futuro o en tu vida futura, etc. Todo eso es lo del cuerpo budico. Dentro de las técnicas complementarias, lo único que medio alcanza a mover y a sanar cosas allí son las técnicas que parten del misticismo. Cuestiones como regresiones a vidas pasadas, la astrología, temas de la oniromántica, que es a través de los sueños, hacer mamadas, qué sé yo. Después, ese cuerpo budico va a tener diferentes vidas, y en cada vida, ¿qué necesita? Un cuerpo mental. Y ese cuerpo mental, que es un sistema toroidal constante de retroalimentación, va a contener de entrada programas mentales, percepciones y significados programados de base. Tenemos ahí la carga numerológica y tu carga astrológica que tiene que ver en dónde y cuándo naciste. Dependiendo de dónde y cuándo naciste y qué pinche nombre pitero te pusieron, eso va a generar una carga de influencia en la estructura de tu personalidad. Después vamos a tener campos de distorsión. ¿Qué es un c…"
psicosomatrix::001,psicosomatrix,Psicosomatrix,Salud,,22,systemic_analysis,8,14,/Users/m2/Documents/New project/data/processed_library/Salud/psicosomatrix/sources/transcripcion_completa.txt,"Rojo, otra mujer, otra hombre, otra joto, otra poliamoroso, estas mamadas de ahora, en otra te toca ser rico, en otra ser pobre, en otra ser déspota, en otra ser culero, en otra ser bueno y que te chingue todo mundo. Y entonces en cada vida hay un proceso... Dile que me pase el otro micrófono. Vamos a ver si es este pedo. Entonces en cada vida vamos a ver que hay un sistema de campos de atracción en donde como en esa vida te toca un cierto aprendizaje, Diosito se va a encargar de metértela de diferentes maneras. ¿Para qué? Para que crezcas. Y eso le vamos a llamar el cuerpo budico. Y eso se puede ver en diferentes teorías como en la teoría astrológica, el nodo norte y sur te dice en tu vida pasada, el nodo sur, hacia tu vida futura, el nodo norte, esta vida se trata de ese eje en transición. Y entonces si tú vas de Virgo a Pisces, en esta vida habrá cosas que te tienen que quitar lo Virgo, lo pinche mamila, lo pinche controlador, para empezar a hacer Pisces. ¿Qué es eso? Que te valga madre todo. Y entonces en esta vida se trata de cómo tú te trasladas a través de ese eje. Vamos a ver dentro del budismo las leyes del karma, que tu interacción con la vida y tus respuestas ante la misma van a generar una serie de campos de atracción en el futuro o en tu vida futura, etc. Todo eso es lo del cuerpo budico. Dentro de las técnicas complementarias, lo único que medio alcanza a mover y a sanar cosas allí son las técnicas que parten del misticismo. Cuestiones como regresiones a vidas pasadas, la astrología, temas de la oniromántica, que es a través de los sueños, hacer mamadas, qué sé yo. Después, ese cuerpo budico va a tener diferentes vidas, y en cada vida, ¿qué necesita? Un cuerpo mental. Y ese cuerpo mental, que es un sistema toroidal constante de retroalimentación, va a contener de entrada programas mentales, percepciones y significados programados de base. Tenemos ahí la carga numerológica y tu carga astrológica que tiene que ver en dónde y cuándo naciste. Dependiendo de dónde y cuándo naciste y qué pinche nombre pitero te pusieron, eso va a generar una carga de influencia en la estructura de tu personalidad. Después vamos a tener campos de distorsión. ¿Qué es un c…"
psicosomatrix::002,psicosomatrix,Psicosomatrix,Salud,,20,conflict_synthesis,22,28,/Users/m2/Documents/New project/data/processed_library/Salud/psicosomatrix/sources/transcripcion_completa.txt,"rojo otra mujer, otro hombre, otra joto, otra... Poliamoroso estas mamadas de ahora, este, en otra te toca ser rico, en otra ser pobre, en otra ser déspota, en otra ser culero, en otra ser bueno y que te chingue todo mundo. Y entonces en cada vida hay un proceso... Dile que me pase el otro micrófono. Vamos a ver si es este peor. Entonces en cada vida vamos a ver que hay un sistema de campos de atracción, en donde como en esa vida te toco un cierto aprendizaje, Diosito se va a encargar de metértela de diferentes maneras. ¿Para qué? Para que crezcas. Y eso le vamos a llamar el cuerpo budico. Y eso se puede ver en diferentes teorías como en la teoría astrológica, el nodo norte y sur, te dice en tu vida pasada, el nodo sur, hacia tu vida futura, el nodo norte, esta vida se trata de ese eje en transición. Y entonces si tú vas de virgo a piscis, en esta vida habrá cosas que te tienen que quitar lo virgo, lo pinche mamila, lo pinche controlador, para empezar a ser piscis. ¿Qué es eso? Que te valga madre todo. Y entonces en esta vida se trata de cómo tú te trasladas a través de ese eje. Vamos a ver dentro del budismo las leyes del karma, que tu interacción con la vida y tus respuestas ante la misma van a generar una serie de campos de atracción en el futuro o en tu vida futura, etc. Todo eso es lo del cuerpo budico. Dentro de las técnicas complementarias, lo único que medio alcanza a mover y a sanar cosas allí, son las técnicas que parten del misticismo. Cuestiones como regresiones a vidas pasadas, la astrología, temas de la onironáutica, que es a través de los sueños, hacer mamadas, qué sé yo. Después, ese cuerpo budico va a tener diferentes vidas, y en cada vida, ¿qué necesita? Un cuerpo mental. Y ese cuerpo mental, que es un sistema toroidal constante de retroalimentación, va a contener de entrada programas mentales, percepciones y significados programados de base. Tenemos ahí la carga numerológica y tu carga astrológica, que tiene que ver en dónde y cuándo naciste. Dependiendo de dónde y cuándo naciste y qué pinche nombre pitero te pusieron, eso va a generar una carga de influencia en la estructura de tu personalidad. Después vamos a tener campos de distorsión. ¿Qu…"
psicosomatrix::002,psicosomatrix,Psicosomatrix,Salud,,20,intake,22,28,/Users/m2/Documents/New project/data/processed_library/Salud/psicosomatrix/sources/transcripcion_completa.txt,"rojo otra mujer, otro hombre, otra joto, otra... Poliamoroso estas mamadas de ahora, este, en otra te toca ser rico, en otra ser pobre, en otra ser déspota, en otra ser culero, en otra ser bueno y que te chingue todo mundo. Y entonces en cada vida hay un proceso... Dile que me pase el otro micrófono. Vamos a ver si es este peor. Entonces en cada vida vamos a ver que hay un sistema de campos de atracción, en donde como en esa vida te toco un cierto aprendizaje, Diosito se va a encargar de metértela de diferentes maneras. ¿Para qué? Para que crezcas. Y eso le vamos a llamar el cuerpo budico. Y eso se puede ver en diferentes teorías como en la teoría astrológica, el nodo norte y sur, te dice en tu vida pasada, el nodo sur, hacia tu vida futura, el nodo norte, esta vida se trata de ese eje en transición. Y entonces si tú vas de virgo a piscis, en esta vida habrá cosas que te tienen que quitar lo virgo, lo pinche mamila, lo pinche controlador, para empezar a ser piscis. ¿Qué es eso? Que te valga madre todo. Y entonces en esta vida se trata de cómo tú te trasladas a través de ese eje. Vamos a ver dentro del budismo las leyes del karma, que tu interacción con la vida y tus respuestas ante la misma van a generar una serie de campos de atracción en el futuro o en tu vida futura, etc. Todo eso es lo del cuerpo budico. Dentro de las técnicas complementarias, lo único que medio alcanza a mover y a sanar cosas allí, son las técnicas que parten del misticismo. Cuestiones como regresiones a vidas pasadas, la astrología, temas de la onironáutica, que es a través de los sueños, hacer mamadas, qué sé yo. Después, ese cuerpo budico va a tener diferentes vidas, y en cada vida, ¿qué necesita? Un cuerpo mental. Y ese cuerpo mental, que es un sistema toroidal constante de retroalimentación, va a contener de entrada programas mentales, percepciones y significados programados de base. Tenemos ahí la carga numerológica y tu carga astrológica, que tiene que ver en dónde y cuándo naciste. Dependiendo de dónde y cuándo naciste y qué pinche nombre pitero te pusieron, eso va a generar una carga de influencia en la estructura de tu personalidad. Después vamos a tener campos de distorsión. ¿Qu…"
psicosomatrix::002,psicosomatrix,Psicosomatrix,Salud,,20,systemic_analysis,22,28,/Users/m2/Documents/New project/data/processed_library/Salud/psicosomatrix/sources/transcripcion_completa.txt,"rojo otra mujer, otro hombre, otra joto, otra... Poliamoroso estas mamadas de ahora, este, en otra te toca ser rico, en otra ser pobre, en otra ser déspota, en otra ser culero, en otra ser bueno y que te chingue todo mundo. Y entonces en cada vida hay un proceso... Dile que me pase el otro micrófono. Vamos a ver si es este peor. Entonces en cada vida vamos a ver que hay un sistema de campos de atracción, en donde como en esa vida te toco un cierto aprendizaje, Diosito se va a encargar de metértela de diferentes maneras. ¿Para qué? Para que crezcas. Y eso le vamos a llamar el cuerpo budico. Y eso se puede ver en diferentes teorías como en la teoría astrológica, el nodo norte y sur, te dice en tu vida pasada, el nodo sur, hacia tu vida futura, el nodo norte, esta vida se trata de ese eje en transición. Y entonces si tú vas de virgo a piscis, en esta vida habrá cosas que te tienen que quitar lo virgo, lo pinche mamila, lo pinche controlador, para empezar a ser piscis. ¿Qué es eso? Que te valga madre todo. Y entonces en esta vida se trata de cómo tú te trasladas a través de ese eje. Vamos a ver dentro del budismo las leyes del karma, que tu interacción con la vida y tus respuestas ante la misma van a generar una serie de campos de atracción en el futuro o en tu vida futura, etc. Todo eso es lo del cuerpo budico. Dentro de las técnicas complementarias, lo único que medio alcanza a mover y a sanar cosas allí, son las técnicas que parten del misticismo. Cuestiones como regresiones a vidas pasadas, la astrología, temas de la onironáutica, que es a través de los sueños, hacer mamadas, qué sé yo. Después, ese cuerpo budico va a tener diferentes vidas, y en cada vida, ¿qué necesita? Un cuerpo mental. Y ese cuerpo mental, que es un sistema toroidal constante de retroalimentación, va a contener de entrada programas mentales, percepciones y significados programados de base. Tenemos ahí la carga numerológica y tu carga astrológica, que tiene que ver en dónde y cuándo naciste. Dependiendo de dónde y cuándo naciste y qué pinche nombre pitero te pusieron, eso va a generar una carga de influencia en la estructura de tu personalidad. Después vamos a tener campos de distorsión. ¿Qu…"
